[0.000000] (-) TimerEvent: {}
[0.000368] (livox_ros_driver2) JobQueued: {'identifier': 'livox_ros_driver2', 'dependencies': OrderedDict()}
[0.000672] (livox_sdk2) JobQueued: {'identifier': 'livox_sdk2', 'dependencies': OrderedDict()}
[0.000714] (pangolin) JobQueued: {'identifier': 'pangolin', 'dependencies': OrderedDict()}
[0.000738] (uav_master) JobQueued: {'identifier': 'uav_master', 'dependencies': OrderedDict()}
[0.000758] (fast_lio) JobQueued: {'identifier': 'fast_lio', 'dependencies': OrderedDict([('livox_ros_driver2', '/home/cat/TurboSLAM/install/livox_ros_driver2')])}
[0.001004] (livox_ros_driver2) JobStarted: {'identifier': 'livox_ros_driver2'}
[0.018295] (livox_sdk2) JobStarted: {'identifier': 'livox_sdk2'}
[0.021922] (pangolin) JobStarted: {'identifier': 'pangolin'}
[0.026473] (uav_master) JobStarted: {'identifier': 'uav_master'}
[0.037504] (livox_ros_driver2) JobProgress: {'identifier': 'livox_ros_driver2', 'progress': 'cmake'}
[0.038527] (livox_ros_driver2) Command: {'cmd': ['/usr/bin/cmake', '/home/cat/TurboSLAM/src/livox_ros_driver2', '-DDISTRO_ROS=humble', '-DCMAKE_CXX_FLAGS=-Wno-unknown-pragmas', '-DCMAKE_INSTALL_PREFIX=/home/cat/TurboSLAM/install/livox_ros_driver2'], 'cwd': '/home/cat/TurboSLAM/build/livox_ros_driver2', 'env': OrderedDict([('LESSOPEN', '| /usr/bin/lesspipe %s'), ('USER', 'cat'), ('SSH_CLIENT', '192.168.9.24 20287 22'), ('XDG_SESSION_TYPE', 'tty'), ('SHLVL', '3'), ('LD_LIBRARY_PATH', '/opt/ros/humble/opt/rviz_ogre_vendor/lib:/opt/ros/humble/lib/aarch64-linux-gnu:/opt/ros/humble/lib'), ('MOTD_SHOWN', 'pam'), ('HOME', '/home/cat'), ('MUTTER_DEBUG_ENABLE_ATOMIC_KMS', '0'), ('OLDPWD', '/home/cat/TurboSLAM/src/livox_ros_driver2'), ('SSH_TTY', '/dev/pts/0'), ('ROS_PYTHON_VERSION', '3'), ('DBUS_SESSION_BUS_ADDRESS', 'unix:path=/run/user/1000/bus'), ('ROS_DISTRO', 'humble'), ('LOGNAME', 'cat'), ('_', '/usr/bin/colcon'), ('ROS_VERSION', 'ROS2'), ('XDG_SESSION_CLASS', 'user'), ('TERM', 'xterm'), ('XDG_SESSION_ID', '6'), ('ROS_LOCALHOST_ONLY', '0'), ('PATH', '/opt/ros/humble/bin:/usr/local/sbin:/usr/local/bin:/usr/sbin:/usr/bin:/sbin:/bin:/usr/games:/usr/local/games:/snap/bin'), ('XDG_RUNTIME_DIR', '/run/user/1000'), ('DISPLAY', 'localhost:10.0'), ('LANG', 'zh_CN.UTF-8'), ('LS_COLORS', 'rs=0:di=01;34:ln=01;36:mh=00:pi=40;33:so=01;35:do=01;35:bd=40;33;01:cd=40;33;01:or=40;31;01:mi=00:su=37;41:sg=30;43:ca=30;41:tw=30;42:ow=34;42:st=37;44:ex=01;32:*.tar=01;31:*.tgz=01;31:*.arc=01;31:*.arj=01;31:*.taz=01;31:*.lha=01;31:*.lz4=01;31:*.lzh=01;31:*.lzma=01;31:*.tlz=01;31:*.txz=01;31:*.tzo=01;31:*.t7z=01;31:*.zip=01;31:*.z=01;31:*.dz=01;31:*.gz=01;31:*.lrz=01;31:*.lz=01;31:*.lzo=01;31:*.xz=01;31:*.zst=01;31:*.tzst=01;31:*.bz2=01;31:*.bz=01;31:*.tbz=01;31:*.tbz2=01;31:*.tz=01;31:*.deb=01;31:*.rpm=01;31:*.jar=01;31:*.war=01;31:*.ear=01;31:*.sar=01;31:*.rar=01;31:*.alz=01;31:*.ace=01;31:*.zoo=01;31:*.cpio=01;31:*.7z=01;31:*.rz=01;31:*.cab=01;31:*.wim=01;31:*.swm=01;31:*.dwm=01;31:*.esd=01;31:*.jpg=01;35:*.jpeg=01;35:*.mjpg=01;35:*.mjpeg=01;35:*.gif=01;35:*.bmp=01;35:*.pbm=01;35:*.pgm=01;35:*.ppm=01;35:*.tga=01;35:*.xbm=01;35:*.xpm=01;35:*.tif=01;35:*.tiff=01;35:*.png=01;35:*.svg=01;35:*.svgz=01;35:*.mng=01;35:*.pcx=01;35:*.mov=01;35:*.mpg=01;35:*.mpeg=01;35:*.m2v=01;35:*.mkv=01;35:*.webm=01;35:*.webp=01;35:*.ogm=01;35:*.mp4=01;35:*.m4v=01;35:*.mp4v=01;35:*.vob=01;35:*.qt=01;35:*.nuv=01;35:*.wmv=01;35:*.asf=01;35:*.rm=01;35:*.rmvb=01;35:*.flc=01;35:*.avi=01;35:*.fli=01;35:*.flv=01;35:*.gl=01;35:*.dl=01;35:*.xcf=01;35:*.xwd=01;35:*.yuv=01;35:*.cgm=01;35:*.emf=01;35:*.ogv=01;35:*.ogx=01;35:*.aac=00;36:*.au=00;36:*.flac=00;36:*.m4a=00;36:*.mid=00;36:*.midi=00;36:*.mka=00;36:*.mp3=00;36:*.mpc=00;36:*.ogg=00;36:*.ra=00;36:*.wav=00;36:*.oga=00;36:*.opus=00;36:*.spx=00;36:*.xspf=00;36:'), ('AMENT_PREFIX_PATH', '/opt/ros/humble'), ('SHELL', '/bin/bash'), ('CLUTTER_PAINT', 'disable-dynamic-max-render-time'), ('LESSCLOSE', '/usr/bin/lesspipe %s %s'), ('MUTTER_DEBUG_FORCE_KMS_MODE', 'simple'), ('PWD', '/home/cat/TurboSLAM/build/livox_ros_driver2'), ('SSH_CONNECTION', '192.168.9.24 20287 192.168.9.29 22'), ('XDG_DATA_DIRS', '/usr/share/gnome:/usr/local/share:/usr/share:/var/lib/snapd/desktop'), ('PYTHONPATH', '/opt/ros/humble/lib/python3.10/site-packages:/opt/ros/humble/local/lib/python3.10/dist-packages'), ('COLCON', '1'), ('CMAKE_PREFIX_PATH', '/opt/ros/humble')]), 'shell': False}
[0.043053] (livox_sdk2) JobProgress: {'identifier': 'livox_sdk2', 'progress': 'cmake'}
[0.043943] (livox_sdk2) Command: {'cmd': ['/usr/bin/cmake', '/home/cat/TurboSLAM/3rdparty/Livox-SDK2', '-DDISTRO_ROS=humble', '-DCMAKE_CXX_FLAGS=-Wno-unknown-pragmas', '-DCMAKE_INSTALL_PREFIX=/home/cat/TurboSLAM/install/livox_sdk2'], 'cwd': '/home/cat/TurboSLAM/build/livox_sdk2', 'env': OrderedDict([('LESSOPEN', '| /usr/bin/lesspipe %s'), ('USER', 'cat'), ('SSH_CLIENT', '192.168.9.24 20287 22'), ('XDG_SESSION_TYPE', 'tty'), ('SHLVL', '3'), ('LD_LIBRARY_PATH', '/opt/ros/humble/opt/rviz_ogre_vendor/lib:/opt/ros/humble/lib/aarch64-linux-gnu:/opt/ros/humble/lib'), ('MOTD_SHOWN', 'pam'), ('HOME', '/home/cat'), ('MUTTER_DEBUG_ENABLE_ATOMIC_KMS', '0'), ('OLDPWD', '/home/cat/TurboSLAM/src/livox_ros_driver2'), ('SSH_TTY', '/dev/pts/0'), ('ROS_PYTHON_VERSION', '3'), ('DBUS_SESSION_BUS_ADDRESS', 'unix:path=/run/user/1000/bus'), ('ROS_DISTRO', 'humble'), ('LOGNAME', 'cat'), ('_', '/usr/bin/colcon'), ('ROS_VERSION', 'ROS2'), ('XDG_SESSION_CLASS', 'user'), ('TERM', 'xterm'), ('XDG_SESSION_ID', '6'), ('ROS_LOCALHOST_ONLY', '0'), ('PATH', '/opt/ros/humble/bin:/usr/local/sbin:/usr/local/bin:/usr/sbin:/usr/bin:/sbin:/bin:/usr/games:/usr/local/games:/snap/bin'), ('XDG_RUNTIME_DIR', '/run/user/1000'), ('DISPLAY', 'localhost:10.0'), ('LANG', 'zh_CN.UTF-8'), ('LS_COLORS', 'rs=0:di=01;34:ln=01;36:mh=00:pi=40;33:so=01;35:do=01;35:bd=40;33;01:cd=40;33;01:or=40;31;01:mi=00:su=37;41:sg=30;43:ca=30;41:tw=30;42:ow=34;42:st=37;44:ex=01;32:*.tar=01;31:*.tgz=01;31:*.arc=01;31:*.arj=01;31:*.taz=01;31:*.lha=01;31:*.lz4=01;31:*.lzh=01;31:*.lzma=01;31:*.tlz=01;31:*.txz=01;31:*.tzo=01;31:*.t7z=01;31:*.zip=01;31:*.z=01;31:*.dz=01;31:*.gz=01;31:*.lrz=01;31:*.lz=01;31:*.lzo=01;31:*.xz=01;31:*.zst=01;31:*.tzst=01;31:*.bz2=01;31:*.bz=01;31:*.tbz=01;31:*.tbz2=01;31:*.tz=01;31:*.deb=01;31:*.rpm=01;31:*.jar=01;31:*.war=01;31:*.ear=01;31:*.sar=01;31:*.rar=01;31:*.alz=01;31:*.ace=01;31:*.zoo=01;31:*.cpio=01;31:*.7z=01;31:*.rz=01;31:*.cab=01;31:*.wim=01;31:*.swm=01;31:*.dwm=01;31:*.esd=01;31:*.jpg=01;35:*.jpeg=01;35:*.mjpg=01;35:*.mjpeg=01;35:*.gif=01;35:*.bmp=01;35:*.pbm=01;35:*.pgm=01;35:*.ppm=01;35:*.tga=01;35:*.xbm=01;35:*.xpm=01;35:*.tif=01;35:*.tiff=01;35:*.png=01;35:*.svg=01;35:*.svgz=01;35:*.mng=01;35:*.pcx=01;35:*.mov=01;35:*.mpg=01;35:*.mpeg=01;35:*.m2v=01;35:*.mkv=01;35:*.webm=01;35:*.webp=01;35:*.ogm=01;35:*.mp4=01;35:*.m4v=01;35:*.mp4v=01;35:*.vob=01;35:*.qt=01;35:*.nuv=01;35:*.wmv=01;35:*.asf=01;35:*.rm=01;35:*.rmvb=01;35:*.flc=01;35:*.avi=01;35:*.fli=01;35:*.flv=01;35:*.gl=01;35:*.dl=01;35:*.xcf=01;35:*.xwd=01;35:*.yuv=01;35:*.cgm=01;35:*.emf=01;35:*.ogv=01;35:*.ogx=01;35:*.aac=00;36:*.au=00;36:*.flac=00;36:*.m4a=00;36:*.mid=00;36:*.midi=00;36:*.mka=00;36:*.mp3=00;36:*.mpc=00;36:*.ogg=00;36:*.ra=00;36:*.wav=00;36:*.oga=00;36:*.opus=00;36:*.spx=00;36:*.xspf=00;36:'), ('AMENT_PREFIX_PATH', '/opt/ros/humble'), ('SHELL', '/bin/bash'), ('CLUTTER_PAINT', 'disable-dynamic-max-render-time'), ('LESSCLOSE', '/usr/bin/lesspipe %s %s'), ('MUTTER_DEBUG_FORCE_KMS_MODE', 'simple'), ('PWD', '/home/cat/TurboSLAM/build/livox_sdk2'), ('SSH_CONNECTION', '192.168.9.24 20287 192.168.9.29 22'), ('XDG_DATA_DIRS', '/usr/share/gnome:/usr/local/share:/usr/share:/var/lib/snapd/desktop'), ('PYTHONPATH', '/opt/ros/humble/lib/python3.10/site-packages:/opt/ros/humble/local/lib/python3.10/dist-packages'), ('COLCON', '1')]), 'shell': False}
[0.046236] (pangolin) JobProgress: {'identifier': 'pangolin', 'progress': 'cmake'}
[0.046515] (pangolin) Command: {'cmd': ['/usr/bin/cmake', '/home/cat/TurboSLAM/3rdparty/Pangolin-0.9.5', '-DDISTRO_ROS=humble', '-DCMAKE_CXX_FLAGS=-Wno-unknown-pragmas', '-DCMAKE_INSTALL_PREFIX=/home/cat/TurboSLAM/install/pangolin'], 'cwd': '/home/cat/TurboSLAM/build/pangolin', 'env': OrderedDict([('LESSOPEN', '| /usr/bin/lesspipe %s'), ('USER', 'cat'), ('SSH_CLIENT', '192.168.9.24 20287 22'), ('XDG_SESSION_TYPE', 'tty'), ('SHLVL', '3'), ('LD_LIBRARY_PATH', '/opt/ros/humble/opt/rviz_ogre_vendor/lib:/opt/ros/humble/lib/aarch64-linux-gnu:/opt/ros/humble/lib'), ('MOTD_SHOWN', 'pam'), ('HOME', '/home/cat'), ('MUTTER_DEBUG_ENABLE_ATOMIC_KMS', '0'), ('OLDPWD', '/home/cat/TurboSLAM/src/livox_ros_driver2'), ('SSH_TTY', '/dev/pts/0'), ('ROS_PYTHON_VERSION', '3'), ('DBUS_SESSION_BUS_ADDRESS', 'unix:path=/run/user/1000/bus'), ('ROS_DISTRO', 'humble'), ('LOGNAME', 'cat'), ('_', '/usr/bin/colcon'), ('ROS_VERSION', 'ROS2'), ('XDG_SESSION_CLASS', 'user'), ('TERM', 'xterm'), ('XDG_SESSION_ID', '6'), ('ROS_LOCALHOST_ONLY', '0'), ('PATH', '/opt/ros/humble/bin:/usr/local/sbin:/usr/local/bin:/usr/sbin:/usr/bin:/sbin:/bin:/usr/games:/usr/local/games:/snap/bin'), ('XDG_RUNTIME_DIR', '/run/user/1000'), ('DISPLAY', 'localhost:10.0'), ('LANG', 'zh_CN.UTF-8'), ('LS_COLORS', 'rs=0:di=01;34:ln=01;36:mh=00:pi=40;33:so=01;35:do=01;35:bd=40;33;01:cd=40;33;01:or=40;31;01:mi=00:su=37;41:sg=30;43:ca=30;41:tw=30;42:ow=34;42:st=37;44:ex=01;32:*.tar=01;31:*.tgz=01;31:*.arc=01;31:*.arj=01;31:*.taz=01;31:*.lha=01;31:*.lz4=01;31:*.lzh=01;31:*.lzma=01;31:*.tlz=01;31:*.txz=01;31:*.tzo=01;31:*.t7z=01;31:*.zip=01;31:*.z=01;31:*.dz=01;31:*.gz=01;31:*.lrz=01;31:*.lz=01;31:*.lzo=01;31:*.xz=01;31:*.zst=01;31:*.tzst=01;31:*.bz2=01;31:*.bz=01;31:*.tbz=01;31:*.tbz2=01;31:*.tz=01;31:*.deb=01;31:*.rpm=01;31:*.jar=01;31:*.war=01;31:*.ear=01;31:*.sar=01;31:*.rar=01;31:*.alz=01;31:*.ace=01;31:*.zoo=01;31:*.cpio=01;31:*.7z=01;31:*.rz=01;31:*.cab=01;31:*.wim=01;31:*.swm=01;31:*.dwm=01;31:*.esd=01;31:*.jpg=01;35:*.jpeg=01;35:*.mjpg=01;35:*.mjpeg=01;35:*.gif=01;35:*.bmp=01;35:*.pbm=01;35:*.pgm=01;35:*.ppm=01;35:*.tga=01;35:*.xbm=01;35:*.xpm=01;35:*.tif=01;35:*.tiff=01;35:*.png=01;35:*.svg=01;35:*.svgz=01;35:*.mng=01;35:*.pcx=01;35:*.mov=01;35:*.mpg=01;35:*.mpeg=01;35:*.m2v=01;35:*.mkv=01;35:*.webm=01;35:*.webp=01;35:*.ogm=01;35:*.mp4=01;35:*.m4v=01;35:*.mp4v=01;35:*.vob=01;35:*.qt=01;35:*.nuv=01;35:*.wmv=01;35:*.asf=01;35:*.rm=01;35:*.rmvb=01;35:*.flc=01;35:*.avi=01;35:*.fli=01;35:*.flv=01;35:*.gl=01;35:*.dl=01;35:*.xcf=01;35:*.xwd=01;35:*.yuv=01;35:*.cgm=01;35:*.emf=01;35:*.ogv=01;35:*.ogx=01;35:*.aac=00;36:*.au=00;36:*.flac=00;36:*.m4a=00;36:*.mid=00;36:*.midi=00;36:*.mka=00;36:*.mp3=00;36:*.mpc=00;36:*.ogg=00;36:*.ra=00;36:*.wav=00;36:*.oga=00;36:*.opus=00;36:*.spx=00;36:*.xspf=00;36:'), ('AMENT_PREFIX_PATH', '/opt/ros/humble'), ('SHELL', '/bin/bash'), ('CLUTTER_PAINT', 'disable-dynamic-max-render-time'), ('LESSCLOSE', '/usr/bin/lesspipe %s %s'), ('MUTTER_DEBUG_FORCE_KMS_MODE', 'simple'), ('PWD', '/home/cat/TurboSLAM/build/pangolin'), ('SSH_CONNECTION', '192.168.9.24 20287 192.168.9.29 22'), ('XDG_DATA_DIRS', '/usr/share/gnome:/usr/local/share:/usr/share:/var/lib/snapd/desktop'), ('PYTHONPATH', '/opt/ros/humble/lib/python3.10/site-packages:/opt/ros/humble/local/lib/python3.10/dist-packages'), ('COLCON', '1'), ('CMAKE_PREFIX_PATH', '/opt/ros/humble')]), 'shell': False}
[0.098952] (-) TimerEvent: {}
[0.199634] (-) TimerEvent: {}
[0.214401] (pangolin) StdoutLine: {'line': b'-- The C compiler identification is GNU 11.4.0\n'}
[0.216163] (livox_sdk2) StdoutLine: {'line': b'-- The C compiler identification is GNU 11.4.0\n'}
[0.220117] (livox_ros_driver2) StdoutLine: {'line': b'-- The C compiler identification is GNU 11.4.0\n'}
[0.299928] (-) TimerEvent: {}
[0.336548] (livox_sdk2) StdoutLine: {'line': b'-- The CXX compiler identification is GNU 11.4.0\n'}
[0.340406] (pangolin) StdoutLine: {'line': b'-- The CXX compiler identification is GNU 11.4.0\n'}
[0.352173] (livox_ros_driver2) StdoutLine: {'line': b'-- The CXX compiler identification is GNU 11.4.0\n'}
[0.352880] (pangolin) StdoutLine: {'line': b'-- Detecting C compiler ABI info\n'}
[0.361370] (livox_ros_driver2) StdoutLine: {'line': b'-- Detecting C compiler ABI info\n'}
[0.363120] (livox_sdk2) StdoutLine: {'line': b'-- Detecting C compiler ABI info\n'}
[0.400146] (-) TimerEvent: {}
[0.501044] (-) TimerEvent: {}
[0.523177] (livox_sdk2) StdoutLine: {'line': b'-- Detecting C compiler ABI info - done\n'}
[0.533500] (livox_sdk2) StdoutLine: {'line': b'-- Check for working C compiler: /usr/bin/cc - skipped\n'}
[0.533862] (livox_sdk2) StdoutLine: {'line': b'-- Detecting C compile features\n'}
[0.534320] (livox_sdk2) StdoutLine: {'line': b'-- Detecting C compile features - done\n'}
[0.537875] (livox_ros_driver2) StdoutLine: {'line': b'-- Detecting C compiler ABI info - done\n'}
[0.538575] (livox_sdk2) StdoutLine: {'line': b'-- Detecting CXX compiler ABI info\n'}
[0.548653] (livox_ros_driver2) StdoutLine: {'line': b'-- Check for working C compiler: /usr/bin/cc - skipped\n'}
[0.549251] (livox_ros_driver2) StdoutLine: {'line': b'-- Detecting C compile features\n'}
[0.549702] (livox_ros_driver2) StdoutLine: {'line': b'-- Detecting C compile features - done\n'}
[0.554390] (livox_ros_driver2) StdoutLine: {'line': b'-- Detecting CXX compiler ABI info\n'}
[0.571854] (pangolin) StdoutLine: {'line': b'-- Detecting C compiler ABI info - done\n'}
[0.582171] (pangolin) StdoutLine: {'line': b'-- Check for working C compiler: /usr/bin/cc - skipped\n'}
[0.582511] (pangolin) StdoutLine: {'line': b'-- Detecting C compile features\n'}
[0.582806] (pangolin) StdoutLine: {'line': b'-- Detecting C compile features - done\n'}
[0.587000] (pangolin) StdoutLine: {'line': b'-- Detecting CXX compiler ABI info\n'}
[0.601125] (-) TimerEvent: {}
[0.701488] (-) TimerEvent: {}
[0.738921] (livox_sdk2) StdoutLine: {'line': b'-- Detecting CXX compiler ABI info - done\n'}
[0.765875] (livox_ros_driver2) StdoutLine: {'line': b'-- Detecting CXX compiler ABI info - done\n'}
[0.770958] (pangolin) StdoutLine: {'line': b'-- Detecting CXX compiler ABI info - done\n'}
[0.776961] (livox_ros_driver2) StdoutLine: {'line': b'-- Check for working CXX compiler: /usr/bin/c++ - skipped\n'}
[0.777326] (livox_ros_driver2) StdoutLine: {'line': b'-- Detecting CXX compile features\n'}
[0.777962] (livox_ros_driver2) StdoutLine: {'line': b'-- Detecting CXX compile features - done\n'}
[0.778547] (livox_sdk2) StdoutLine: {'line': b'-- Check for working CXX compiler: /usr/bin/c++ - skipped\n'}
[0.778959] (livox_ros_driver2) StdoutLine: {'line': b'-- livox_ros_driver2 version: 1.2.6\n'}
[0.779443] (livox_sdk2) StdoutLine: {'line': b'-- Detecting CXX compile features\n'}
[0.780940] (livox_sdk2) StdoutLine: {'line': b'-- Detecting CXX compile features - done\n'}
[0.781640] (livox_sdk2) StdoutLine: {'line': b'-- main project dir: /home/cat/TurboSLAM/3rdparty/Livox-SDK2\n'}
[0.782630] (livox_ros_driver2) StdoutLine: {'line': b'-- Found ament_cmake_auto: 1.3.14 (/opt/ros/humble/share/ament_cmake_auto/cmake)\n'}
[0.782786] (livox_sdk2) StdoutLine: {'line': b'-- Configuring done\n'}
[0.800007] (livox_sdk2) StdoutLine: {'line': b'-- Generating done\n'}
[0.800557] (livox_sdk2) StderrLine: {'line': b'\x1b[33mCMake Warning:\n'}
[0.801040] (livox_sdk2) StderrLine: {'line': b'  Manually-specified variables were not used by the project:\n'}
[0.801421] (livox_sdk2) StderrLine: {'line': b'\n'}
[0.801766] (-) TimerEvent: {}
[0.802158] (livox_sdk2) StderrLine: {'line': b'    DISTRO_ROS\n'}
[0.802518] (livox_sdk2) StderrLine: {'line': b'\n'}
[0.802873] (livox_sdk2) StderrLine: {'line': b'\x1b[0m\n'}
[0.803317] (livox_sdk2) StdoutLine: {'line': b'-- Build files have been written to: /home/cat/TurboSLAM/build/livox_sdk2\n'}
[0.808189] (livox_sdk2) CommandEnded: {'returncode': 0}
[0.811459] (livox_sdk2) JobProgress: {'identifier': 'livox_sdk2', 'progress': 'build'}
[0.811607] (livox_sdk2) Command: {'cmd': ['/usr/bin/cmake', '--build', '/home/cat/TurboSLAM/build/livox_sdk2', '--', '-j8', '-l8'], 'cwd': '/home/cat/TurboSLAM/build/livox_sdk2', 'env': OrderedDict([('LESSOPEN', '| /usr/bin/lesspipe %s'), ('USER', 'cat'), ('SSH_CLIENT', '192.168.9.24 20287 22'), ('XDG_SESSION_TYPE', 'tty'), ('SHLVL', '3'), ('LD_LIBRARY_PATH', '/opt/ros/humble/opt/rviz_ogre_vendor/lib:/opt/ros/humble/lib/aarch64-linux-gnu:/opt/ros/humble/lib'), ('MOTD_SHOWN', 'pam'), ('HOME', '/home/cat'), ('MUTTER_DEBUG_ENABLE_ATOMIC_KMS', '0'), ('OLDPWD', '/home/cat/TurboSLAM/src/livox_ros_driver2'), ('SSH_TTY', '/dev/pts/0'), ('ROS_PYTHON_VERSION', '3'), ('DBUS_SESSION_BUS_ADDRESS', 'unix:path=/run/user/1000/bus'), ('ROS_DISTRO', 'humble'), ('LOGNAME', 'cat'), ('_', '/usr/bin/colcon'), ('ROS_VERSION', 'ROS2'), ('XDG_SESSION_CLASS', 'user'), ('TERM', 'xterm'), ('XDG_SESSION_ID', '6'), ('ROS_LOCALHOST_ONLY', '0'), ('PATH', '/opt/ros/humble/bin:/usr/local/sbin:/usr/local/bin:/usr/sbin:/usr/bin:/sbin:/bin:/usr/games:/usr/local/games:/snap/bin'), ('XDG_RUNTIME_DIR', '/run/user/1000'), ('DISPLAY', 'localhost:10.0'), ('LANG', 'zh_CN.UTF-8'), ('LS_COLORS', 'rs=0:di=01;34:ln=01;36:mh=00:pi=40;33:so=01;35:do=01;35:bd=40;33;01:cd=40;33;01:or=40;31;01:mi=00:su=37;41:sg=30;43:ca=30;41:tw=30;42:ow=34;42:st=37;44:ex=01;32:*.tar=01;31:*.tgz=01;31:*.arc=01;31:*.arj=01;31:*.taz=01;31:*.lha=01;31:*.lz4=01;31:*.lzh=01;31:*.lzma=01;31:*.tlz=01;31:*.txz=01;31:*.tzo=01;31:*.t7z=01;31:*.zip=01;31:*.z=01;31:*.dz=01;31:*.gz=01;31:*.lrz=01;31:*.lz=01;31:*.lzo=01;31:*.xz=01;31:*.zst=01;31:*.tzst=01;31:*.bz2=01;31:*.bz=01;31:*.tbz=01;31:*.tbz2=01;31:*.tz=01;31:*.deb=01;31:*.rpm=01;31:*.jar=01;31:*.war=01;31:*.ear=01;31:*.sar=01;31:*.rar=01;31:*.alz=01;31:*.ace=01;31:*.zoo=01;31:*.cpio=01;31:*.7z=01;31:*.rz=01;31:*.cab=01;31:*.wim=01;31:*.swm=01;31:*.dwm=01;31:*.esd=01;31:*.jpg=01;35:*.jpeg=01;35:*.mjpg=01;35:*.mjpeg=01;35:*.gif=01;35:*.bmp=01;35:*.pbm=01;35:*.pgm=01;35:*.ppm=01;35:*.tga=01;35:*.xbm=01;35:*.xpm=01;35:*.tif=01;35:*.tiff=01;35:*.png=01;35:*.svg=01;35:*.svgz=01;35:*.mng=01;35:*.pcx=01;35:*.mov=01;35:*.mpg=01;35:*.mpeg=01;35:*.m2v=01;35:*.mkv=01;35:*.webm=01;35:*.webp=01;35:*.ogm=01;35:*.mp4=01;35:*.m4v=01;35:*.mp4v=01;35:*.vob=01;35:*.qt=01;35:*.nuv=01;35:*.wmv=01;35:*.asf=01;35:*.rm=01;35:*.rmvb=01;35:*.flc=01;35:*.avi=01;35:*.fli=01;35:*.flv=01;35:*.gl=01;35:*.dl=01;35:*.xcf=01;35:*.xwd=01;35:*.yuv=01;35:*.cgm=01;35:*.emf=01;35:*.ogv=01;35:*.ogx=01;35:*.aac=00;36:*.au=00;36:*.flac=00;36:*.m4a=00;36:*.mid=00;36:*.midi=00;36:*.mka=00;36:*.mp3=00;36:*.mpc=00;36:*.ogg=00;36:*.ra=00;36:*.wav=00;36:*.oga=00;36:*.opus=00;36:*.spx=00;36:*.xspf=00;36:'), ('AMENT_PREFIX_PATH', '/opt/ros/humble'), ('SHELL', '/bin/bash'), ('CLUTTER_PAINT', 'disable-dynamic-max-render-time'), ('LESSCLOSE', '/usr/bin/lesspipe %s %s'), ('MUTTER_DEBUG_FORCE_KMS_MODE', 'simple'), ('PWD', '/home/cat/TurboSLAM/build/livox_sdk2'), ('SSH_CONNECTION', '192.168.9.24 20287 192.168.9.29 22'), ('XDG_DATA_DIRS', '/usr/share/gnome:/usr/local/share:/usr/share:/var/lib/snapd/desktop'), ('PYTHONPATH', '/opt/ros/humble/lib/python3.10/site-packages:/opt/ros/humble/local/lib/python3.10/dist-packages'), ('COLCON', '1')]), 'shell': False}
[0.812830] (pangolin) StdoutLine: {'line': b'-- Check for working CXX compiler: /usr/bin/c++ - skipped\n'}
[0.812972] (pangolin) StdoutLine: {'line': b'-- Detecting CXX compile features\n'}
[0.813145] (pangolin) StdoutLine: {'line': b'-- Detecting CXX compile features - done\n'}
[0.816478] (pangolin) StdoutLine: {'line': b"-- Setting build type to 'Release' as none was specified.\n"}
[0.901941] (-) TimerEvent: {}
[0.937568] (livox_sdk2) StdoutLine: {'line': b'[  4%] \x1b[32mBuilding CXX object sdk_core/CMakeFiles/livox_lidar_sdk_static.dir/livox_lidar_sdk.cpp.o\x1b[0m\n'}
[0.937870] (livox_sdk2) StdoutLine: {'line': b'[  4%] \x1b[32mBuilding CXX object sdk_core/CMakeFiles/livox_lidar_sdk_static.dir/params_check.cpp.o\x1b[0m\n'}
[0.938125] (livox_sdk2) StdoutLine: {'line': b'[  5%] \x1b[32mBuilding CXX object sdk_core/CMakeFiles/livox_lidar_sdk_static.dir/__/3rdparty/FastCRC/FastCRCsw.cpp.o\x1b[0m\n'}
[0.938322] (livox_sdk2) StdoutLine: {'line': b'[  4%] \x1b[32mBuilding CXX object sdk_core/CMakeFiles/livox_lidar_sdk_static.dir/device_manager.cpp.o\x1b[0m\n'}
[0.948859] (livox_sdk2) StdoutLine: {'line': b'[  6%] \x1b[32mBuilding CXX object sdk_core/CMakeFiles/livox_lidar_sdk_static.dir/upgrade_manager.cpp.o\x1b[0m\n'}
[0.954132] (livox_sdk2) StdoutLine: {'line': b'[  8%] \x1b[32mBuilding CXX object sdk_core/CMakeFiles/livox_lidar_sdk_static.dir/base/io_loop.cpp.o\x1b[0m\n'}
[0.961212] (livox_sdk2) StdoutLine: {'line': b'[  9%] \x1b[32mBuilding CXX object sdk_core/CMakeFiles/livox_lidar_sdk_shared.dir/__/3rdparty/FastCRC/FastCRCsw.cpp.o\x1b[0m\n'}
[0.965115] (livox_sdk2) StdoutLine: {'line': b'[ 11%] \x1b[32mBuilding CXX object sdk_core/CMakeFiles/livox_lidar_sdk_static.dir/parse_cfg_file.cpp.o\x1b[0m\n'}
[1.002090] (-) TimerEvent: {}
[1.102556] (-) TimerEvent: {}
[1.203282] (-) TimerEvent: {}
[1.204141] (livox_sdk2) StdoutLine: {'line': b'[ 12%] \x1b[32mBuilding CXX object sdk_core/CMakeFiles/livox_lidar_sdk_shared.dir/device_manager.cpp.o\x1b[0m\n'}
[1.231572] (uav_master) Command: {'cmd': ['/usr/bin/python3', '-W', 'ignore:setup.py install is deprecated', '-W', 'ignore:easy_install command is deprecated', 'setup.py', 'egg_info', '--egg-base', '../../build/uav_master', 'build', '--build-base', '/home/cat/TurboSLAM/build/uav_master/build', 'install', '--record', '/home/cat/TurboSLAM/build/uav_master/install.log', '--install-scripts', '$base/lib/uav_master', '--single-version-externally-managed', 'install_data'], 'cwd': '/home/cat/TurboSLAM/src/uav_master', 'env': {'LESSOPEN': '| /usr/bin/lesspipe %s', 'USER': 'cat', 'SSH_CLIENT': '192.168.9.24 20287 22', 'XDG_SESSION_TYPE': 'tty', 'SHLVL': '3', 'LD_LIBRARY_PATH': '/opt/ros/humble/opt/rviz_ogre_vendor/lib:/opt/ros/humble/lib/aarch64-linux-gnu:/opt/ros/humble/lib', 'MOTD_SHOWN': 'pam', 'HOME': '/home/cat', 'MUTTER_DEBUG_ENABLE_ATOMIC_KMS': '0', 'OLDPWD': '/home/cat/TurboSLAM/src/livox_ros_driver2', 'SSH_TTY': '/dev/pts/0', 'ROS_PYTHON_VERSION': '3', 'DBUS_SESSION_BUS_ADDRESS': 'unix:path=/run/user/1000/bus', 'ROS_DISTRO': 'humble', 'LOGNAME': 'cat', '_': '/usr/bin/colcon', 'ROS_VERSION': 'ROS2', 'XDG_SESSION_CLASS': 'user', 'TERM': 'xterm', 'XDG_SESSION_ID': '6', 'ROS_LOCALHOST_ONLY': '0', 'PATH': '/opt/ros/humble/bin:/usr/local/sbin:/usr/local/bin:/usr/sbin:/usr/bin:/sbin:/bin:/usr/games:/usr/local/games:/snap/bin', 'XDG_RUNTIME_DIR': '/run/user/1000', 'DISPLAY': 'localhost:10.0', 'LANG': 'zh_CN.UTF-8', 'LS_COLORS': 'rs=0:di=01;34:ln=01;36:mh=00:pi=40;33:so=01;35:do=01;35:bd=40;33;01:cd=40;33;01:or=40;31;01:mi=00:su=37;41:sg=30;43:ca=30;41:tw=30;42:ow=34;42:st=37;44:ex=01;32:*.tar=01;31:*.tgz=01;31:*.arc=01;31:*.arj=01;31:*.taz=01;31:*.lha=01;31:*.lz4=01;31:*.lzh=01;31:*.lzma=01;31:*.tlz=01;31:*.txz=01;31:*.tzo=01;31:*.t7z=01;31:*.zip=01;31:*.z=01;31:*.dz=01;31:*.gz=01;31:*.lrz=01;31:*.lz=01;31:*.lzo=01;31:*.xz=01;31:*.zst=01;31:*.tzst=01;31:*.bz2=01;31:*.bz=01;31:*.tbz=01;31:*.tbz2=01;31:*.tz=01;31:*.deb=01;31:*.rpm=01;31:*.jar=01;31:*.war=01;31:*.ear=01;31:*.sar=01;31:*.rar=01;31:*.alz=01;31:*.ace=01;31:*.zoo=01;31:*.cpio=01;31:*.7z=01;31:*.rz=01;31:*.cab=01;31:*.wim=01;31:*.swm=01;31:*.dwm=01;31:*.esd=01;31:*.jpg=01;35:*.jpeg=01;35:*.mjpg=01;35:*.mjpeg=01;35:*.gif=01;35:*.bmp=01;35:*.pbm=01;35:*.pgm=01;35:*.ppm=01;35:*.tga=01;35:*.xbm=01;35:*.xpm=01;35:*.tif=01;35:*.tiff=01;35:*.png=01;35:*.svg=01;35:*.svgz=01;35:*.mng=01;35:*.pcx=01;35:*.mov=01;35:*.mpg=01;35:*.mpeg=01;35:*.m2v=01;35:*.mkv=01;35:*.webm=01;35:*.webp=01;35:*.ogm=01;35:*.mp4=01;35:*.m4v=01;35:*.mp4v=01;35:*.vob=01;35:*.qt=01;35:*.nuv=01;35:*.wmv=01;35:*.asf=01;35:*.rm=01;35:*.rmvb=01;35:*.flc=01;35:*.avi=01;35:*.fli=01;35:*.flv=01;35:*.gl=01;35:*.dl=01;35:*.xcf=01;35:*.xwd=01;35:*.yuv=01;35:*.cgm=01;35:*.emf=01;35:*.ogv=01;35:*.ogx=01;35:*.aac=00;36:*.au=00;36:*.flac=00;36:*.m4a=00;36:*.mid=00;36:*.midi=00;36:*.mka=00;36:*.mp3=00;36:*.mpc=00;36:*.ogg=00;36:*.ra=00;36:*.wav=00;36:*.oga=00;36:*.opus=00;36:*.spx=00;36:*.xspf=00;36:', 'AMENT_PREFIX_PATH': '/opt/ros/humble', 'SHELL': '/bin/bash', 'CLUTTER_PAINT': 'disable-dynamic-max-render-time', 'LESSCLOSE': '/usr/bin/lesspipe %s %s', 'MUTTER_DEBUG_FORCE_KMS_MODE': 'simple', 'PWD': '/home/cat/TurboSLAM/build/uav_master', 'SSH_CONNECTION': '192.168.9.24 20287 192.168.9.29 22', 'XDG_DATA_DIRS': '/usr/share/gnome:/usr/local/share:/usr/share:/var/lib/snapd/desktop', 'PYTHONPATH': '/home/cat/TurboSLAM/build/uav_master/prefix_override:/usr/lib/python3/dist-packages/colcon_core/task/python/colcon_distutils_commands:/home/cat/TurboSLAM/install/uav_master/lib/python3.10/site-packages:/opt/ros/humble/lib/python3.10/site-packages:/opt/ros/humble/local/lib/python3.10/dist-packages', 'COLCON': '1'}, 'shell': False}
[1.303418] (-) TimerEvent: {}
[1.312639] (livox_ros_driver2) StdoutLine: {'line': b'-- Found Python3: /usr/bin/python3 (found version "3.10.12") found components: Interpreter \n'}
[1.403606] (-) TimerEvent: {}
[1.497197] (livox_sdk2) StdoutLine: {'line': b'[ 13%] \x1b[32mBuilding CXX object sdk_core/CMakeFiles/livox_lidar_sdk_shared.dir/livox_lidar_sdk.cpp.o\x1b[0m\n'}
[1.503737] (-) TimerEvent: {}
[1.504289] (pangolin) StdoutLine: {'line': b'-- libpng Found and Enabled\n'}
[1.543805] (pangolin) StdoutLine: {'line': b'-- libjpeg Found and Enabled\n'}
[1.572097] (pangolin) StdoutLine: {'line': b'-- libtiff Found and Enabled\n'}
[1.580455] (pangolin) StdoutLine: {'line': b'-- libopenexr Found and Enabled\n'}
[1.584345] (pangolin) StdoutLine: {'line': b'-- liblz4 Found and Enabled\n'}
[1.597102] (pangolin) StdoutLine: {'line': b'-- libzstd Found and Enabled\n'}
[1.603855] (-) TimerEvent: {}
[1.626769] (pangolin) StdoutLine: {'line': b"-- Found Eigen: '/usr/include/eigen3'\n"}
[1.650432] (pangolin) StdoutLine: {'line': b'-- Found OpenGL: /usr/lib/aarch64-linux-gnu/libOpenGL.so  found components: OpenGL EGL \n'}
[1.703982] (-) TimerEvent: {}
[1.711893] (uav_master) StdoutLine: {'line': b'running egg_info\n'}
[1.713655] (uav_master) StdoutLine: {'line': b'creating ../../build/uav_master/uav_master.egg-info\n'}
[1.714557] (uav_master) StdoutLine: {'line': b'writing ../../build/uav_master/uav_master.egg-info/PKG-INFO\n'}
[1.715619] (uav_master) StdoutLine: {'line': b'writing dependency_links to ../../build/uav_master/uav_master.egg-info/dependency_links.txt\n'}
[1.716426] (uav_master) StdoutLine: {'line': b'writing entry points to ../../build/uav_master/uav_master.egg-info/entry_points.txt\n'}
[1.717201] (uav_master) StdoutLine: {'line': b'writing requirements to ../../build/uav_master/uav_master.egg-info/requires.txt\n'}
[1.717823] (uav_master) StdoutLine: {'line': b'writing top-level names to ../../build/uav_master/uav_master.egg-info/top_level.txt\n'}
[1.718666] (uav_master) StdoutLine: {'line': b"writing manifest file '../../build/uav_master/uav_master.egg-info/SOURCES.txt'\n"}
[1.722596] (uav_master) StdoutLine: {'line': b"reading manifest file '../../build/uav_master/uav_master.egg-info/SOURCES.txt'\n"}
[1.724273] (uav_master) StdoutLine: {'line': b"writing manifest file '../../build/uav_master/uav_master.egg-info/SOURCES.txt'\n"}
[1.724891] (uav_master) StdoutLine: {'line': b'running build\n'}
[1.725285] (uav_master) StdoutLine: {'line': b'running build_py\n'}
[1.725980] (uav_master) StdoutLine: {'line': b'creating /home/cat/TurboSLAM/build/uav_master/build\n'}
[1.726448] (uav_master) StdoutLine: {'line': b'creating /home/cat/TurboSLAM/build/uav_master/build/lib\n'}
[1.726910] (uav_master) StdoutLine: {'line': b'creating /home/cat/TurboSLAM/build/uav_master/build/lib/uav_master\n'}
[1.727409] (uav_master) StdoutLine: {'line': b'copying uav_master/odometry_subscriber.py -> /home/cat/TurboSLAM/build/uav_master/build/lib/uav_master\n'}
[1.728028] (uav_master) StdoutLine: {'line': b'copying uav_master/__init__.py -> /home/cat/TurboSLAM/build/uav_master/build/lib/uav_master\n'}
[1.728579] (uav_master) StdoutLine: {'line': b'copying uav_master/odometry_node.py -> /home/cat/TurboSLAM/build/uav_master/build/lib/uav_master\n'}
[1.729349] (uav_master) StdoutLine: {'line': b'running install\n'}
[1.730334] (uav_master) StdoutLine: {'line': b'running install_lib\n'}
[1.732360] (uav_master) StdoutLine: {'line': b'creating /home/cat/TurboSLAM/install/uav_master/lib/python3.10/site-packages/uav_master\n'}
[1.732936] (uav_master) StdoutLine: {'line': b'copying /home/cat/TurboSLAM/build/uav_master/build/lib/uav_master/odometry_subscriber.py -> /home/cat/TurboSLAM/install/uav_master/lib/python3.10/site-packages/uav_master\n'}
[1.734641] (uav_master) StdoutLine: {'line': b'copying /home/cat/TurboSLAM/build/uav_master/build/lib/uav_master/__init__.py -> /home/cat/TurboSLAM/install/uav_master/lib/python3.10/site-packages/uav_master\n'}
[1.735390] (uav_master) StdoutLine: {'line': b'copying /home/cat/TurboSLAM/build/uav_master/build/lib/uav_master/odometry_node.py -> /home/cat/TurboSLAM/install/uav_master/lib/python3.10/site-packages/uav_master\n'}
[1.738259] (uav_master) StdoutLine: {'line': b'byte-compiling /home/cat/TurboSLAM/install/uav_master/lib/python3.10/site-packages/uav_master/odometry_subscriber.py to odometry_subscriber.cpython-310.pyc\n'}
[1.743734] (uav_master) StdoutLine: {'line': b'byte-compiling /home/cat/TurboSLAM/install/uav_master/lib/python3.10/site-packages/uav_master/__init__.py to __init__.cpython-310.pyc\n'}
[1.744751] (uav_master) StdoutLine: {'line': b'byte-compiling /home/cat/TurboSLAM/install/uav_master/lib/python3.10/site-packages/uav_master/odometry_node.py to odometry_node.cpython-310.pyc\n'}
[1.746746] (uav_master) StdoutLine: {'line': b'running install_data\n'}
[1.747406] (uav_master) StdoutLine: {'line': b'creating /home/cat/TurboSLAM/install/uav_master/share/ament_index\n'}
[1.747922] (uav_master) StdoutLine: {'line': b'creating /home/cat/TurboSLAM/install/uav_master/share/ament_index/resource_index\n'}
[1.748389] (uav_master) StdoutLine: {'line': b'creating /home/cat/TurboSLAM/install/uav_master/share/ament_index/resource_index/packages\n'}
[1.748910] (uav_master) StdoutLine: {'line': b'copying resource/uav_master -> /home/cat/TurboSLAM/install/uav_master/share/ament_index/resource_index/packages\n'}
[1.749487] (uav_master) StdoutLine: {'line': b'copying package.xml -> /home/cat/TurboSLAM/install/uav_master/share/uav_master\n'}
[1.749961] (uav_master) StdoutLine: {'line': b'running install_egg_info\n'}
[1.757929] (uav_master) StdoutLine: {'line': b'Copying ../../build/uav_master/uav_master.egg-info to /home/cat/TurboSLAM/install/uav_master/lib/python3.10/site-packages/uav_master-0.0.0-py3.10.egg-info\n'}
[1.759731] (uav_master) StdoutLine: {'line': b'running install_scripts\n'}
[1.797168] (uav_master) StdoutLine: {'line': b'Installing odometry_subscriber script to /home/cat/TurboSLAM/install/uav_master/lib/uav_master\n'}
[1.798397] (uav_master) StdoutLine: {'line': b"writing list of installed files to '/home/cat/TurboSLAM/build/uav_master/install.log'\n"}
[1.804263] (-) TimerEvent: {}
[1.874944] (uav_master) CommandEnded: {'returncode': 0}
[1.904387] (-) TimerEvent: {}
[1.985334] (uav_master) JobEnded: {'identifier': 'uav_master', 'rc': 0}
[2.004529] (-) TimerEvent: {}
[2.050510] (pangolin) StdoutLine: {'line': b'-- Found epoxy: /usr/lib/aarch64-linux-gnu/libepoxy.so (found version "1.5.10") \n'}
[2.104670] (-) TimerEvent: {}
[2.205394] (-) TimerEvent: {}
[2.220029] (livox_ros_driver2) StdoutLine: {'line': b'-- Using all available rosidl_typesupport_c: rosidl_typesupport_fastrtps_c;rosidl_typesupport_introspection_c\n'}
[2.282276] (livox_ros_driver2) StdoutLine: {'line': b'-- Found rosidl_adapter: 3.1.9 (/opt/ros/humble/share/rosidl_adapter/cmake)\n'}
[2.305523] (-) TimerEvent: {}
[2.405941] (-) TimerEvent: {}
[2.484624] (livox_ros_driver2) StdoutLine: {'line': b'-- Using all available rosidl_typesupport_cpp: rosidl_typesupport_fastrtps_cpp;rosidl_typesupport_introspection_cpp\n'}
[2.506096] (-) TimerEvent: {}
[2.544795] (pangolin) StdoutLine: {'line': b'-- Found Python3: /usr/bin/python3.10 (found version "3.10.12") found components: Interpreter Development Development.Module Development.Embed \n'}
[2.606233] (-) TimerEvent: {}
[2.615232] (pangolin) StdoutLine: {'line': b'-- Performing Test HAS_FLTO\n'}
[2.706375] (-) TimerEvent: {}
[2.806889] (-) TimerEvent: {}
[2.909214] (-) TimerEvent: {}
[3.009680] (-) TimerEvent: {}
[3.110128] (-) TimerEvent: {}
[3.147870] (livox_ros_driver2) StdoutLine: {'line': b'-- Found rmw_implementation_cmake: 6.1.3 (/opt/ros/humble/share/rmw_implementation_cmake/cmake)\n'}
[3.154634] (livox_ros_driver2) StdoutLine: {'line': b'-- Found rmw_fastrtps_cpp: 6.2.10 (/opt/ros/humble/share/rmw_fastrtps_cpp/cmake)\n'}
[3.210290] (-) TimerEvent: {}
[3.259705] (pangolin) StdoutLine: {'line': b'-- Performing Test HAS_FLTO - Success\n'}
[3.310400] (-) TimerEvent: {}
[3.411040] (-) TimerEvent: {}
[3.496540] (livox_sdk2) StdoutLine: {'line': b'[ 15%] \x1b[32mBuilding CXX object sdk_core/CMakeFiles/livox_lidar_sdk_static.dir/base/thread_base.cpp.o\x1b[0m\n'}
[3.511163] (-) TimerEvent: {}
[3.611876] (-) TimerEvent: {}
[3.658935] (livox_ros_driver2) StdoutLine: {'line': b'-- Found OpenSSL: /usr/lib/aarch64-linux-gnu/libcrypto.so (found version "3.0.2")  \n'}
[3.712031] (-) TimerEvent: {}
[3.805367] (livox_ros_driver2) StdoutLine: {'line': b'-- Found FastRTPS: /opt/ros/humble/include  \n'}
[3.812173] (-) TimerEvent: {}
[3.912862] (-) TimerEvent: {}
[3.930062] (livox_ros_driver2) StdoutLine: {'line': b"-- Using RMW implementation 'rmw_fastrtps_cpp' as default\n"}
[3.982183] (livox_ros_driver2) StdoutLine: {'line': b'-- Looking for pthread.h\n'}
[4.013001] (-) TimerEvent: {}
[4.113837] (-) TimerEvent: {}
[4.214490] (-) TimerEvent: {}
[4.267084] (livox_sdk2) StdoutLine: {'line': b'[ 16%] \x1b[32mBuilding CXX object sdk_core/CMakeFiles/livox_lidar_sdk_static.dir/base/io_thread.cpp.o\x1b[0m\n'}
[4.314624] (-) TimerEvent: {}
[4.357664] (livox_ros_driver2) StdoutLine: {'line': b'-- Looking for pthread.h - found\n'}
[4.358011] (livox_ros_driver2) StdoutLine: {'line': b'-- Performing Test CMAKE_HAVE_LIBC_PTHREAD\n'}
[4.414753] (-) TimerEvent: {}
[4.515443] (-) TimerEvent: {}
[4.615893] (-) TimerEvent: {}
[4.716598] (-) TimerEvent: {}
[4.735054] (livox_ros_driver2) StdoutLine: {'line': b'-- Performing Test CMAKE_HAVE_LIBC_PTHREAD - Success\n'}
[4.736784] (livox_ros_driver2) StdoutLine: {'line': b'-- Found Threads: TRUE  \n'}
[4.816746] (-) TimerEvent: {}
[4.917484] (-) TimerEvent: {}
[5.018220] (-) TimerEvent: {}
[5.024110] (pangolin) StdoutLine: {'line': b"-- Selected Python: '/usr/bin/python3.10'. cmake --build . -t pypangolin_pip_install to use pypangolin module.\n"}
[5.028041] (pangolin) StdoutLine: {'line': b'-- libdc1394 Found and Enabled\n'}
[5.028512] (pangolin) StdoutLine: {'line': b'-- V4L Found and Enabled\n'}
[5.040442] (pangolin) StdoutLine: {'line': b'-- Performing Test HAVE_FFMPEG_MAX_ANALYZE_DURATION\n'}
[5.118365] (-) TimerEvent: {}
[5.218807] (-) TimerEvent: {}
[5.319493] (-) TimerEvent: {}
[5.420192] (-) TimerEvent: {}
[5.520918] (-) TimerEvent: {}
[5.537476] (livox_sdk2) StdoutLine: {'line': b'[ 18%] \x1b[32mBuilding CXX object sdk_core/CMakeFiles/livox_lidar_sdk_static.dir/base/logging.cpp.o\x1b[0m\n'}
[5.621053] (-) TimerEvent: {}
[5.721594] (-) TimerEvent: {}
[5.822323] (-) TimerEvent: {}
[5.845156] (pangolin) StdoutLine: {'line': b'-- Performing Test HAVE_FFMPEG_MAX_ANALYZE_DURATION - Success\n'}
[5.845509] (pangolin) StdoutLine: {'line': b'-- Performing Test HAVE_FFMPEG_AVFORMAT_ALLOC_OUTPUT_CONTEXT2\n'}
[5.873737] (livox_ros_driver2) StdoutLine: {'line': b"-- Checking for module 'eigen3'\n"}
[5.922480] (-) TimerEvent: {}
[5.966787] (livox_ros_driver2) StdoutLine: {'line': b'--   Found eigen3, version 3.4.0\n'}
[6.022632] (-) TimerEvent: {}
[6.123072] (-) TimerEvent: {}
[6.192575] (livox_ros_driver2) StdoutLine: {'line': b'-- Found Eigen: /usr/include/eigen3 (Required is at least version "3.1") \n'}
[6.192864] (livox_ros_driver2) StdoutLine: {'line': b'-- Eigen found (include: /usr/include/eigen3, version: 3.4.0)\n'}
[6.223206] (-) TimerEvent: {}
[6.323914] (-) TimerEvent: {}
[6.412828] (livox_ros_driver2) StdoutLine: {'line': b"-- Checking for module 'flann'\n"}
[6.424053] (-) TimerEvent: {}
[6.513682] (livox_ros_driver2) StdoutLine: {'line': b'--   Found flann, version 1.9.1\n'}
[6.524203] (-) TimerEvent: {}
[6.624914] (-) TimerEvent: {}
[6.665665] (pangolin) StdoutLine: {'line': b'-- Performing Test HAVE_FFMPEG_AVFORMAT_ALLOC_OUTPUT_CONTEXT2 - Success\n'}
[6.673755] (pangolin) StdoutLine: {'line': b'-- Performing Test HAVE_FFMPEG_AVPIXELFORMAT\n'}
[6.725054] (-) TimerEvent: {}
[6.813765] (livox_ros_driver2) StdoutLine: {'line': b'-- Found FLANN: /usr/lib/aarch64-linux-gnu/libflann_cpp.so  \n'}
[6.814493] (livox_ros_driver2) StdoutLine: {'line': b'-- FLANN found (include: /usr/include, lib: /usr/lib/aarch64-linux-gnu/libflann_cpp.so)\n'}
[6.825193] (-) TimerEvent: {}
[6.925888] (-) TimerEvent: {}
[7.026318] (-) TimerEvent: {}
[7.073364] (pangolin) StdoutLine: {'line': b'-- Performing Test HAVE_FFMPEG_AVPIXELFORMAT - Success\n'}
[7.074240] (pangolin) StdoutLine: {'line': b'-- ffmpeg Found and Enabled: /usr/include/aarch64-linux-gnu;/usr/include/aarch64-linux-gnu;/usr/include/aarch64-linux-gnu;/usr/include/aarch64-linux-gnu;/usr/include/aarch64-linux-gnu\n'}
[7.091228] (pangolin) StdoutLine: {'line': b'-- Found PkgConfig: /usr/bin/pkg-config (found version "0.29.2") \n'}
[7.126459] (-) TimerEvent: {}
[7.227209] (-) TimerEvent: {}
[7.292976] (livox_sdk2) StdoutLine: {'line': b'[ 19%] \x1b[32mBuilding CXX object sdk_core/CMakeFiles/livox_lidar_sdk_static.dir/base/network/unix/network_util.cpp.o\x1b[0m\n'}
[7.327346] (-) TimerEvent: {}
[7.367770] (livox_sdk2) StdoutLine: {'line': b'[ 20%] \x1b[32mBuilding CXX object sdk_core/CMakeFiles/livox_lidar_sdk_static.dir/base/multiple_io/multiple_io_base.cpp.o\x1b[0m\n'}
[7.425899] (pangolin) StdoutLine: {'line': b'-- OpenNI Found and Enabled\n'}
[7.427483] (-) TimerEvent: {}
[7.470726] (pangolin) StdoutLine: {'line': b'-- OpenNI2 Found and Enabled\n'}
[7.527625] (-) TimerEvent: {}
[7.628319] (-) TimerEvent: {}
[7.729027] (-) TimerEvent: {}
[7.829737] (-) TimerEvent: {}
[7.930449] (-) TimerEvent: {}
[8.030869] (-) TimerEvent: {}
[8.113447] (livox_sdk2) StdoutLine: {'line': b'[ 22%] \x1b[32mBuilding CXX object sdk_core/CMakeFiles/livox_lidar_sdk_static.dir/base/multiple_io/multiple_io_epoll.cpp.o\x1b[0m\n'}
[8.131011] (-) TimerEvent: {}
[8.231729] (-) TimerEvent: {}
[8.241249] (livox_sdk2) StdoutLine: {'line': b'[ 23%] \x1b[32mBuilding CXX object sdk_core/CMakeFiles/livox_lidar_sdk_static.dir/base/multiple_io/multiple_io_poll.cpp.o\x1b[0m\n'}
[8.331876] (-) TimerEvent: {}
[8.432318] (-) TimerEvent: {}
[8.532991] (-) TimerEvent: {}
[8.633665] (-) TimerEvent: {}
[8.734357] (-) TimerEvent: {}
[8.835050] (-) TimerEvent: {}
[8.935807] (-) TimerEvent: {}
[8.938657] (livox_sdk2) StdoutLine: {'line': b'[ 25%] \x1b[32mBuilding CXX object sdk_core/CMakeFiles/livox_lidar_sdk_static.dir/base/multiple_io/multiple_io_select.cpp.o\x1b[0m\n'}
[8.955088] (livox_sdk2) StdoutLine: {'line': b'[ 26%] \x1b[32mBuilding CXX object sdk_core/CMakeFiles/livox_lidar_sdk_shared.dir/params_check.cpp.o\x1b[0m\n'}
[9.035961] (-) TimerEvent: {}
[9.136707] (-) TimerEvent: {}
[9.237471] (-) TimerEvent: {}
[9.247951] (livox_sdk2) StdoutLine: {'line': b'[ 27%] \x1b[32mBuilding CXX object sdk_core/CMakeFiles/livox_lidar_sdk_static.dir/base/multiple_io/multiple_io_kqueue.cpp.o\x1b[0m\n'}
[9.337605] (-) TimerEvent: {}
[9.438360] (-) TimerEvent: {}
[9.539596] (-) TimerEvent: {}
[9.544442] (livox_sdk2) StdoutLine: {'line': b'[ 29%] \x1b[32mBuilding CXX object sdk_core/CMakeFiles/livox_lidar_sdk_static.dir/base/wake_up/unix/wake_up_pipe.cpp.o\x1b[0m\n'}
[9.639762] (-) TimerEvent: {}
[9.695354] (livox_sdk2) StdoutLine: {'line': b'[ 30%] \x1b[32mBuilding CXX object sdk_core/CMakeFiles/livox_lidar_sdk_static.dir/comm/comm_port.cpp.o\x1b[0m\n'}
[9.739896] (-) TimerEvent: {}
[9.840726] (-) TimerEvent: {}
[9.874236] (livox_sdk2) StdoutLine: {'line': b'[ 31%] \x1b[32mBuilding CXX object sdk_core/CMakeFiles/livox_lidar_sdk_static.dir/comm/sdk_protocol.cpp.o\x1b[0m\n'}
[9.924709] (livox_sdk2) StdoutLine: {'line': b'[ 33%] \x1b[32mBuilding CXX object sdk_core/CMakeFiles/livox_lidar_sdk_static.dir/comm/generate_seq.cpp.o\x1b[0m\n'}
[9.940861] (-) TimerEvent: {}
[10.041611] (-) TimerEvent: {}
[10.138559] (livox_sdk2) StdoutLine: {'line': b'[ 34%] \x1b[32mBuilding CXX object sdk_core/CMakeFiles/livox_lidar_sdk_static.dir/upgrade/firmware.cpp.o\x1b[0m\n'}
[10.141765] (-) TimerEvent: {}
[10.194208] (livox_sdk2) StdoutLine: {'line': b'[ 36%] \x1b[32mBuilding CXX object sdk_core/CMakeFiles/livox_lidar_sdk_static.dir/upgrade/livox_lidar_upgrader.cpp.o\x1b[0m\n'}
[10.241921] (-) TimerEvent: {}
[10.261166] (pangolin) StdoutLine: {'line': b"-- Checking for module 'wayland-egl'\n"}
[10.282474] (livox_sdk2) StdoutLine: {'line': b'[ 37%] \x1b[32mBuilding CXX object sdk_core/CMakeFiles/livox_lidar_sdk_static.dir/logger_handler/logger_manager.cpp.o\x1b[0m\n'}
[10.342061] (-) TimerEvent: {}
[10.363213] (pangolin) StdoutLine: {'line': b'--   Found wayland-egl, version 18.1.0\n'}
[10.442215] (-) TimerEvent: {}
[10.542928] (-) TimerEvent: {}
[10.636182] (pangolin) StdoutLine: {'line': b"-- Checking for module 'wayland-cursor'\n"}
[10.643069] (-) TimerEvent: {}
[10.719510] (livox_sdk2) StdoutLine: {'line': b'[ 38%] \x1b[32mBuilding CXX object sdk_core/CMakeFiles/livox_lidar_sdk_static.dir/logger_handler/logger_handler.cpp.o\x1b[0m\n'}
[10.726481] (pangolin) StdoutLine: {'line': b'--   Found wayland-cursor, version 1.20.0\n'}
[10.743218] (-) TimerEvent: {}
[10.843740] (-) TimerEvent: {}
[10.892264] (pangolin) StdoutLine: {'line': b"-- Checking for module 'xkbcommon'\n"}
[10.943866] (-) TimerEvent: {}
[10.990027] (pangolin) StdoutLine: {'line': b'--   Found xkbcommon, version 1.4.0\n'}
[11.044106] (-) TimerEvent: {}
[11.144837] (-) TimerEvent: {}
[11.245562] (-) TimerEvent: {}
[11.266943] (livox_sdk2) StdoutLine: {'line': b'[ 40%] \x1b[32mBuilding CXX object sdk_core/CMakeFiles/livox_lidar_sdk_static.dir/logger_handler/file_manager.cpp.o\x1b[0m\n'}
[11.319492] (pangolin) StdoutLine: {'line': b'-- Found Threads: TRUE  \n'}
[11.322097] (pangolin) StdoutLine: {'line': b'-- Found OpenGL: /usr/lib/aarch64-linux-gnu/libOpenGL.so  found components: OpenGL \n'}
[11.339252] (pangolin) StdoutLine: {'line': b'-- Found OpenGL: /usr/lib/aarch64-linux-gnu/libOpenGL.so  found components: EGL \n'}
[11.345721] (-) TimerEvent: {}
[11.346998] (pangolin) StdoutLine: {'line': b'-- Found OpenGL: /usr/lib/aarch64-linux-gnu/libOpenGL.so  found components: OpenGL \n'}
[11.362220] (pangolin) StdoutLine: {'line': b'-- Found OpenGL: /usr/lib/aarch64-linux-gnu/libOpenGL.so  found components: EGL \n'}
[11.369178] (pangolin) StdoutLine: {'line': b'-- Found OpenGL: /usr/lib/aarch64-linux-gnu/libOpenGL.so  found components: OpenGL \n'}
[11.371804] (pangolin) StdoutLine: {'line': b'-- Found OpenGL: /usr/lib/aarch64-linux-gnu/libOpenGL.so  found components: EGL \n'}
[11.388848] (pangolin) StdoutLine: {'line': b'-- Found OpenGL: /usr/lib/aarch64-linux-gnu/libOpenGL.so  found components: OpenGL \n'}
[11.391473] (pangolin) StdoutLine: {'line': b'-- Found OpenGL: /usr/lib/aarch64-linux-gnu/libOpenGL.so  found components: EGL \n'}
[11.410676] (pangolin) StdoutLine: {'line': b'-- Found OpenGL: /usr/lib/aarch64-linux-gnu/libOpenGL.so  found components: OpenGL \n'}
[11.413356] (pangolin) StdoutLine: {'line': b'-- Found OpenGL: /usr/lib/aarch64-linux-gnu/libOpenGL.so  found components: EGL \n'}
[11.420295] (pangolin) StdoutLine: {'line': b'-- Found OpenGL: /usr/lib/aarch64-linux-gnu/libOpenGL.so  found components: OpenGL \n'}
[11.422877] (pangolin) StdoutLine: {'line': b'-- Found OpenGL: /usr/lib/aarch64-linux-gnu/libOpenGL.so  found components: EGL \n'}
[11.445871] (-) TimerEvent: {}
[11.453081] (pangolin) StdoutLine: {'line': b'-- Found OpenGL: /usr/lib/aarch64-linux-gnu/libOpenGL.so  found components: OpenGL \n'}
[11.455690] (pangolin) StdoutLine: {'line': b'-- Found OpenGL: /usr/lib/aarch64-linux-gnu/libOpenGL.so  found components: EGL \n'}
[11.477666] (pangolin) StdoutLine: {'line': b'-- Found OpenGL: /usr/lib/aarch64-linux-gnu/libOpenGL.so  found components: OpenGL \n'}
[11.480298] (pangolin) StdoutLine: {'line': b'-- Found OpenGL: /usr/lib/aarch64-linux-gnu/libOpenGL.so  found components: EGL \n'}
[11.487169] (pangolin) StdoutLine: {'line': b'-- Found OpenGL: /usr/lib/aarch64-linux-gnu/libOpenGL.so  found components: OpenGL \n'}
[11.489689] (pangolin) StdoutLine: {'line': b'-- Found OpenGL: /usr/lib/aarch64-linux-gnu/libOpenGL.so  found components: EGL \n'}
[11.508835] (pangolin) StdoutLine: {'line': b'-- Found OpenGL: /usr/lib/aarch64-linux-gnu/libOpenGL.so  found components: OpenGL \n'}
[11.511496] (pangolin) StdoutLine: {'line': b'-- Found OpenGL: /usr/lib/aarch64-linux-gnu/libOpenGL.so  found components: EGL \n'}
[11.518241] (pangolin) StdoutLine: {'line': b'-- Found OpenGL: /usr/lib/aarch64-linux-gnu/libOpenGL.so  found components: OpenGL \n'}
[11.534404] (pangolin) StdoutLine: {'line': b'-- Found OpenGL: /usr/lib/aarch64-linux-gnu/libOpenGL.so  found components: EGL \n'}
[11.542454] (pangolin) StdoutLine: {'line': b'-- Found OpenGL: /usr/lib/aarch64-linux-gnu/libOpenGL.so  found components: OpenGL \n'}
[11.545089] (pangolin) StdoutLine: {'line': b'-- Found OpenGL: /usr/lib/aarch64-linux-gnu/libOpenGL.so  found components: EGL \n'}
[11.545990] (-) TimerEvent: {}
[11.564394] (pangolin) StdoutLine: {'line': b'-- Found OpenGL: /usr/lib/aarch64-linux-gnu/libOpenGL.so  found components: OpenGL \n'}
[11.567049] (pangolin) StdoutLine: {'line': b'-- Found OpenGL: /usr/lib/aarch64-linux-gnu/libOpenGL.so  found components: EGL \n'}
[11.570726] (livox_ros_driver2) StdoutLine: {'line': b"-- Checking for module 'libusb-1.0'\n"}
[11.594833] (pangolin) StdoutLine: {'line': b'-- Found OpenGL: /usr/lib/aarch64-linux-gnu/libOpenGL.so  found components: OpenGL \n'}
[11.598168] (pangolin) StdoutLine: {'line': b'-- Found OpenGL: /usr/lib/aarch64-linux-gnu/libOpenGL.so  found components: EGL \n'}
[11.606019] (pangolin) StdoutLine: {'line': b'-- Found OpenGL: /usr/lib/aarch64-linux-gnu/libOpenGL.so  found components: OpenGL \n'}
[11.609260] (pangolin) StdoutLine: {'line': b'-- Found OpenGL: /usr/lib/aarch64-linux-gnu/libOpenGL.so  found components: EGL \n'}
[11.619547] (pangolin) StdoutLine: {'line': b'-- Found OpenGL: /usr/lib/aarch64-linux-gnu/libOpenGL.so  found components: OpenGL \n'}
[11.622750] (pangolin) StdoutLine: {'line': b'-- Found OpenGL: /usr/lib/aarch64-linux-gnu/libOpenGL.so  found components: EGL \n'}
[11.625184] (pangolin) StdoutLine: {'line': b'-- Configuring done\n'}
[11.646141] (-) TimerEvent: {}
[11.680621] (livox_ros_driver2) StdoutLine: {'line': b'--   Found libusb-1.0, version 1.0.25\n'}
[11.746289] (-) TimerEvent: {}
[11.747724] (livox_sdk2) StdoutLine: {'line': b'[ 41%] \x1b[32mBuilding CXX object sdk_core/CMakeFiles/livox_lidar_sdk_static.dir/data_handler/data_handler.cpp.o\x1b[0m\n'}
[11.835651] (pangolin) StdoutLine: {'line': b'-- Generating done\n'}
[11.843443] (pangolin) StderrLine: {'line': b'\x1b[33mCMake Warning:\n'}
[11.843854] (pangolin) StderrLine: {'line': b'  Manually-specified variables were not used by the project:\n'}
[11.843994] (pangolin) StderrLine: {'line': b'\n'}
[11.844074] (pangolin) StderrLine: {'line': b'    DISTRO_ROS\n'}
[11.844148] (pangolin) StderrLine: {'line': b'\n'}
[11.844218] (pangolin) StderrLine: {'line': b'\x1b[0m\n'}
[11.846407] (-) TimerEvent: {}
[11.886381] (pangolin) StdoutLine: {'line': b'-- Build files have been written to: /home/cat/TurboSLAM/build/pangolin\n'}
[11.907937] (pangolin) CommandEnded: {'returncode': 0}
[11.908471] (pangolin) JobProgress: {'identifier': 'pangolin', 'progress': 'build'}
[11.908508] (pangolin) Command: {'cmd': ['/usr/bin/cmake', '--build', '/home/cat/TurboSLAM/build/pangolin', '--', '-j8', '-l8'], 'cwd': '/home/cat/TurboSLAM/build/pangolin', 'env': OrderedDict([('LESSOPEN', '| /usr/bin/lesspipe %s'), ('USER', 'cat'), ('SSH_CLIENT', '192.168.9.24 20287 22'), ('XDG_SESSION_TYPE', 'tty'), ('SHLVL', '3'), ('LD_LIBRARY_PATH', '/opt/ros/humble/opt/rviz_ogre_vendor/lib:/opt/ros/humble/lib/aarch64-linux-gnu:/opt/ros/humble/lib'), ('MOTD_SHOWN', 'pam'), ('HOME', '/home/cat'), ('MUTTER_DEBUG_ENABLE_ATOMIC_KMS', '0'), ('OLDPWD', '/home/cat/TurboSLAM/src/livox_ros_driver2'), ('SSH_TTY', '/dev/pts/0'), ('ROS_PYTHON_VERSION', '3'), ('DBUS_SESSION_BUS_ADDRESS', 'unix:path=/run/user/1000/bus'), ('ROS_DISTRO', 'humble'), ('LOGNAME', 'cat'), ('_', '/usr/bin/colcon'), ('ROS_VERSION', 'ROS2'), ('XDG_SESSION_CLASS', 'user'), ('TERM', 'xterm'), ('XDG_SESSION_ID', '6'), ('ROS_LOCALHOST_ONLY', '0'), ('PATH', '/opt/ros/humble/bin:/usr/local/sbin:/usr/local/bin:/usr/sbin:/usr/bin:/sbin:/bin:/usr/games:/usr/local/games:/snap/bin'), ('XDG_RUNTIME_DIR', '/run/user/1000'), ('DISPLAY', 'localhost:10.0'), ('LANG', 'zh_CN.UTF-8'), ('LS_COLORS', 'rs=0:di=01;34:ln=01;36:mh=00:pi=40;33:so=01;35:do=01;35:bd=40;33;01:cd=40;33;01:or=40;31;01:mi=00:su=37;41:sg=30;43:ca=30;41:tw=30;42:ow=34;42:st=37;44:ex=01;32:*.tar=01;31:*.tgz=01;31:*.arc=01;31:*.arj=01;31:*.taz=01;31:*.lha=01;31:*.lz4=01;31:*.lzh=01;31:*.lzma=01;31:*.tlz=01;31:*.txz=01;31:*.tzo=01;31:*.t7z=01;31:*.zip=01;31:*.z=01;31:*.dz=01;31:*.gz=01;31:*.lrz=01;31:*.lz=01;31:*.lzo=01;31:*.xz=01;31:*.zst=01;31:*.tzst=01;31:*.bz2=01;31:*.bz=01;31:*.tbz=01;31:*.tbz2=01;31:*.tz=01;31:*.deb=01;31:*.rpm=01;31:*.jar=01;31:*.war=01;31:*.ear=01;31:*.sar=01;31:*.rar=01;31:*.alz=01;31:*.ace=01;31:*.zoo=01;31:*.cpio=01;31:*.7z=01;31:*.rz=01;31:*.cab=01;31:*.wim=01;31:*.swm=01;31:*.dwm=01;31:*.esd=01;31:*.jpg=01;35:*.jpeg=01;35:*.mjpg=01;35:*.mjpeg=01;35:*.gif=01;35:*.bmp=01;35:*.pbm=01;35:*.pgm=01;35:*.ppm=01;35:*.tga=01;35:*.xbm=01;35:*.xpm=01;35:*.tif=01;35:*.tiff=01;35:*.png=01;35:*.svg=01;35:*.svgz=01;35:*.mng=01;35:*.pcx=01;35:*.mov=01;35:*.mpg=01;35:*.mpeg=01;35:*.m2v=01;35:*.mkv=01;35:*.webm=01;35:*.webp=01;35:*.ogm=01;35:*.mp4=01;35:*.m4v=01;35:*.mp4v=01;35:*.vob=01;35:*.qt=01;35:*.nuv=01;35:*.wmv=01;35:*.asf=01;35:*.rm=01;35:*.rmvb=01;35:*.flc=01;35:*.avi=01;35:*.fli=01;35:*.flv=01;35:*.gl=01;35:*.dl=01;35:*.xcf=01;35:*.xwd=01;35:*.yuv=01;35:*.cgm=01;35:*.emf=01;35:*.ogv=01;35:*.ogx=01;35:*.aac=00;36:*.au=00;36:*.flac=00;36:*.m4a=00;36:*.mid=00;36:*.midi=00;36:*.mka=00;36:*.mp3=00;36:*.mpc=00;36:*.ogg=00;36:*.ra=00;36:*.wav=00;36:*.oga=00;36:*.opus=00;36:*.spx=00;36:*.xspf=00;36:'), ('AMENT_PREFIX_PATH', '/opt/ros/humble'), ('SHELL', '/bin/bash'), ('CLUTTER_PAINT', 'disable-dynamic-max-render-time'), ('LESSCLOSE', '/usr/bin/lesspipe %s %s'), ('MUTTER_DEBUG_FORCE_KMS_MODE', 'simple'), ('PWD', '/home/cat/TurboSLAM/build/pangolin'), ('SSH_CONNECTION', '192.168.9.24 20287 192.168.9.29 22'), ('XDG_DATA_DIRS', '/usr/share/gnome:/usr/local/share:/usr/share:/var/lib/snapd/desktop'), ('PYTHONPATH', '/opt/ros/humble/lib/python3.10/site-packages:/opt/ros/humble/local/lib/python3.10/dist-packages'), ('COLCON', '1'), ('CMAKE_PREFIX_PATH', '/opt/ros/humble')]), 'shell': False}
[11.930058] (livox_ros_driver2) StdoutLine: {'line': b'-- Found libusb: /usr/lib/aarch64-linux-gnu/libusb-1.0.so  \n'}
[11.931747] (livox_ros_driver2) StdoutLine: {'line': b'-- OpenNI found (version: 1.5.4.0, include: /usr/include/ni, lib: /usr/lib/libOpenNI.so;libusb::libusb)\n'}
[11.946558] (-) TimerEvent: {}
[12.047533] (-) TimerEvent: {}
[12.072053] (pangolin) StdoutLine: {'line': b'[  0%] \x1b[32mBuilding CXX object CMakeFiles/pango_core.dir/components/pango_core/src/sigstate.cpp.o\x1b[0m\n'}
[12.103783] (pangolin) StdoutLine: {'line': b'[  1%] \x1b[32mBuilding CXX object CMakeFiles/pango_core.dir/components/pango_core/src/file_utils.cpp.o\x1b[0m\n'}
[12.107021] (pangolin) StdoutLine: {'line': b'[  1%] \x1b[32mBuilding CXX object CMakeFiles/pango_core.dir/components/pango_core/src/file_extension.cpp.o\x1b[0m\n'}
[12.107296] (pangolin) StdoutLine: {'line': b'[  1%] \x1b[32mBuilding CXX object CMakeFiles/tinyobj.dir/components/tinyobj/src/tinyobj.cpp.o\x1b[0m\n'}
[12.107389] (pangolin) StdoutLine: {'line': b'[  2%] \x1b[32mBuilding CXX object CMakeFiles/pango_core.dir/components/pango_core/src/avx_math.cpp.o\x1b[0m\n'}
[12.108995] (pangolin) StdoutLine: {'line': b'[  2%] \x1b[32mBuilding CXX object CMakeFiles/pango_core.dir/components/pango_core/src/uri.cpp.o\x1b[0m\n'}
[12.111150] (pangolin) StdoutLine: {'line': b'[  3%] \x1b[32mBuilding CXX object CMakeFiles/pango_core.dir/components/pango_core/src/threadedfilebuf.cpp.o\x1b[0m\n'}
[12.120544] (pangolin) StdoutLine: {'line': b'[  3%] \x1b[32mBuilding CXX object CMakeFiles/pango_core.dir/components/pango_core/src/param_set.cpp.o\x1b[0m\n'}
[12.147680] (-) TimerEvent: {}
[12.248350] (-) TimerEvent: {}
[12.349009] (-) TimerEvent: {}
[12.370774] (livox_ros_driver2) StdoutLine: {'line': b'-- OpenNI2 found (version: 2.2.0.33, include: /usr/include/openni2, lib: /usr/lib/aarch64-linux-gnu/libOpenNI2.so;libusb::libusb)\n'}
[12.386841] (pangolin) StdoutLine: {'line': b'[  3%] \x1b[32mBuilding CXX object CMakeFiles/pango_core.dir/components/pango_core/src/factory/factory_registry.cpp.o\x1b[0m\n'}
[12.449170] (-) TimerEvent: {}
[12.549622] (-) TimerEvent: {}
[12.583084] (livox_sdk2) StdoutLine: {'line': b'[ 43%] \x1b[32mBuilding CXX object sdk_core/CMakeFiles/livox_lidar_sdk_shared.dir/parse_cfg_file.cpp.o\x1b[0m\n'}
[12.649776] (-) TimerEvent: {}
[12.750459] (-) TimerEvent: {}
[12.850888] (-) TimerEvent: {}
[12.934996] (livox_sdk2) StdoutLine: {'line': b'[ 44%] \x1b[32mBuilding CXX object sdk_core/CMakeFiles/livox_lidar_sdk_static.dir/command_handler/command_impl.cpp.o\x1b[0m\n'}
[12.951026] (-) TimerEvent: {}
[13.051472] (-) TimerEvent: {}
[13.151960] (-) TimerEvent: {}
[13.234918] (livox_ros_driver2) StdoutLine: {'line': b'-- Eigen found (include: /usr/include/eigen3, version: 3.4.0)\n'}
[13.252108] (-) TimerEvent: {}
[13.258904] (livox_ros_driver2) StdoutLine: {'line': b'-- OpenNI found (version: 1.5.4.0, include: /usr/include/ni, lib: /usr/lib/libOpenNI.so;libusb::libusb)\n'}
[13.289051] (livox_ros_driver2) StdoutLine: {'line': b'-- OpenNI2 found (version: 2.2.0.33, include: /usr/include/openni2, lib: /usr/lib/aarch64-linux-gnu/libOpenNI2.so;libusb::libusb)\n'}
[13.352260] (-) TimerEvent: {}
[13.452723] (-) TimerEvent: {}
[13.553198] (-) TimerEvent: {}
[13.653666] (-) TimerEvent: {}
[13.754102] (-) TimerEvent: {}
[13.854814] (-) TimerEvent: {}
[13.955523] (-) TimerEvent: {}
[14.056303] (-) TimerEvent: {}
[14.157140] (-) TimerEvent: {}
[14.231176] (livox_ros_driver2) StdoutLine: {'line': b'-- Found Qhull version 8.0.2\n'}
[14.257290] (-) TimerEvent: {}
[14.358006] (-) TimerEvent: {}
[14.458457] (-) TimerEvent: {}
[14.558944] (-) TimerEvent: {}
[14.659445] (-) TimerEvent: {}
[14.759924] (-) TimerEvent: {}
[14.860445] (-) TimerEvent: {}
[14.960918] (-) TimerEvent: {}
[15.051577] (pangolin) StdoutLine: {'line': b'[  4%] \x1b[32mBuilding CXX object CMakeFiles/pango_core.dir/components/pango_core/src/factory/factory_help.cpp.o\x1b[0m\n'}
[15.061066] (-) TimerEvent: {}
[15.103489] (pangolin) StdoutLine: {'line': b'[  4%] \x1b[32mBuilding CXX object CMakeFiles/pango_core.dir/components/pango_core/src/posix/condition_variable.cpp.o\x1b[0m\n'}
[15.161206] (-) TimerEvent: {}
[15.261978] (-) TimerEvent: {}
[15.289626] (pangolin) StdoutLine: {'line': b'[  5%] \x1b[32mBuilding CXX object CMakeFiles/pango_core.dir/components/pango_core/src/posix/semaphore.cpp.o\x1b[0m\n'}
[15.362119] (-) TimerEvent: {}
[15.400295] (livox_ros_driver2) StdoutLine: {'line': b'-- OpenNI found (version: 1.5.4.0, include: /usr/include/ni, lib: /usr/lib/libOpenNI.so;libusb::libusb)\n'}
[15.462280] (-) TimerEvent: {}
[15.563028] (-) TimerEvent: {}
[15.663822] (-) TimerEvent: {}
[15.764584] (-) TimerEvent: {}
[15.865347] (-) TimerEvent: {}
[15.966125] (-) TimerEvent: {}
[16.066846] (-) TimerEvent: {}
[16.167590] (-) TimerEvent: {}
[16.213789] (livox_ros_driver2) StdoutLine: {'line': b'-- Found PCL_COMMON: /usr/lib/aarch64-linux-gnu/libpcl_common.so  \n'}
[16.216695] (livox_ros_driver2) StdoutLine: {'line': b'-- Found PCL_KDTREE: /usr/lib/aarch64-linux-gnu/libpcl_kdtree.so  \n'}
[16.219761] (livox_ros_driver2) StdoutLine: {'line': b'-- Found PCL_OCTREE: /usr/lib/aarch64-linux-gnu/libpcl_octree.so  \n'}
[16.240466] (livox_ros_driver2) StdoutLine: {'line': b'-- Found PCL_SEARCH: /usr/lib/aarch64-linux-gnu/libpcl_search.so  \n'}
[16.243686] (livox_ros_driver2) StdoutLine: {'line': b'-- Found PCL_SAMPLE_CONSENSUS: /usr/lib/aarch64-linux-gnu/libpcl_sample_consensus.so  \n'}
[16.246654] (livox_ros_driver2) StdoutLine: {'line': b'-- Found PCL_FILTERS: /usr/lib/aarch64-linux-gnu/libpcl_filters.so  \n'}
[16.248156] (livox_ros_driver2) StdoutLine: {'line': b'-- Found PCL_2D: /usr/include/pcl-1.12  \n'}
[16.260448] (livox_ros_driver2) StdoutLine: {'line': b'-- Found PCL_GEOMETRY: /usr/include/pcl-1.12  \n'}
[16.267128] (livox_ros_driver2) StdoutLine: {'line': b'-- Found PCL_IO: /usr/lib/aarch64-linux-gnu/libpcl_io.so  \n'}
[16.267680] (-) TimerEvent: {}
[16.274072] (livox_ros_driver2) StdoutLine: {'line': b'-- Found PCL_FEATURES: /usr/lib/aarch64-linux-gnu/libpcl_features.so  \n'}
[16.287118] (livox_ros_driver2) StdoutLine: {'line': b'-- Found PCL_ML: /usr/lib/aarch64-linux-gnu/libpcl_ml.so  \n'}
[16.300440] (livox_ros_driver2) StdoutLine: {'line': b'-- Found PCL_SEGMENTATION: /usr/lib/aarch64-linux-gnu/libpcl_segmentation.so  \n'}
[16.303725] (livox_ros_driver2) StdoutLine: {'line': b'-- Found PCL_VISUALIZATION: /usr/lib/aarch64-linux-gnu/libpcl_visualization.so  \n'}
[16.306727] (livox_ros_driver2) StdoutLine: {'line': b'-- Found PCL_SURFACE: /usr/lib/aarch64-linux-gnu/libpcl_surface.so  \n'}
[16.320467] (livox_ros_driver2) StdoutLine: {'line': b'-- Found PCL_REGISTRATION: /usr/lib/aarch64-linux-gnu/libpcl_registration.so  \n'}
[16.333779] (livox_ros_driver2) StdoutLine: {'line': b'-- Found PCL_KEYPOINTS: /usr/lib/aarch64-linux-gnu/libpcl_keypoints.so  \n'}
[16.336934] (livox_ros_driver2) StdoutLine: {'line': b'-- Found PCL_TRACKING: /usr/lib/aarch64-linux-gnu/libpcl_tracking.so  \n'}
[16.339874] (livox_ros_driver2) StdoutLine: {'line': b'-- Found PCL_RECOGNITION: /usr/lib/aarch64-linux-gnu/libpcl_recognition.so  \n'}
[16.342988] (livox_ros_driver2) StdoutLine: {'line': b'-- Found PCL_STEREO: /usr/lib/aarch64-linux-gnu/libpcl_stereo.so  \n'}
[16.345534] (pangolin) StdoutLine: {'line': b'[  5%] \x1b[32mBuilding CXX object CMakeFiles/pango_core.dir/components/pango_core/src/posix/shared_memory_buffer.cpp.o\x1b[0m\n'}
[16.359498] (livox_ros_driver2) StdoutLine: {'line': b'-- Found PCL_APPS: /usr/lib/aarch64-linux-gnu/libpcl_apps.so  \n'}
[16.367838] (-) TimerEvent: {}
[16.368778] (livox_ros_driver2) StdoutLine: {'line': b'-- Found PCL_IN_HAND_SCANNER: /usr/include/pcl-1.12  \n'}
[16.369749] (livox_ros_driver2) StdoutLine: {'line': b'-- Found PCL_MODELER: /usr/include/pcl-1.12  \n'}
[16.372876] (livox_ros_driver2) StdoutLine: {'line': b'-- Found PCL_POINT_CLOUD_EDITOR: /usr/include/pcl-1.12  \n'}
[16.375701] (livox_ros_driver2) StdoutLine: {'line': b'-- Found PCL_OUTOFCORE: /usr/lib/aarch64-linux-gnu/libpcl_outofcore.so  \n'}
[16.393773] (livox_ros_driver2) StdoutLine: {'line': b'-- Found PCL_PEOPLE: /usr/lib/aarch64-linux-gnu/libpcl_people.so  \n'}
[16.467990] (-) TimerEvent: {}
[16.568988] (-) TimerEvent: {}
[16.596243] (livox_ros_driver2) StdoutLine: {'line': b'-- Found PkgConfig: /usr/bin/pkg-config (found version "0.29.2") \n'}
[16.598838] (livox_ros_driver2) StdoutLine: {'line': b"-- Checking for module 'apr-1'\n"}
[16.618372] (livox_ros_driver2) StdoutLine: {'line': b"--   No package 'apr-1' found\n"}
[16.669134] (-) TimerEvent: {}
[16.769864] (-) TimerEvent: {}
[16.870636] (-) TimerEvent: {}
[16.971310] (-) TimerEvent: {}
[17.072024] (-) TimerEvent: {}
[17.172718] (-) TimerEvent: {}
[17.273431] (-) TimerEvent: {}
[17.374139] (-) TimerEvent: {}
[17.474815] (-) TimerEvent: {}
[17.575544] (-) TimerEvent: {}
[17.676326] (-) TimerEvent: {}
[17.777076] (-) TimerEvent: {}
[17.815889] (livox_sdk2) StdoutLine: {'line': b'[ 45%] \x1b[32mBuilding CXX object sdk_core/CMakeFiles/livox_lidar_sdk_shared.dir/upgrade_manager.cpp.o\x1b[0m\n'}
[17.877315] (-) TimerEvent: {}
[17.885256] (livox_ros_driver2) StdoutLine: {'line': b'-- Found ament_cmake_ros: 0.10.0 (/opt/ros/humble/share/ament_cmake_ros/cmake)\n'}
[17.977454] (-) TimerEvent: {}
[18.078098] (-) TimerEvent: {}
[18.178804] (-) TimerEvent: {}
[18.279267] (-) TimerEvent: {}
[18.379732] (-) TimerEvent: {}
[18.480459] (-) TimerEvent: {}
[18.581960] (-) TimerEvent: {}
[18.682411] (-) TimerEvent: {}
[18.783122] (-) TimerEvent: {}
[18.827095] (livox_ros_driver2) StdoutLine: {'line': b'-- Using all available rosidl_typesupport_c: rosidl_typesupport_fastrtps_c;rosidl_typesupport_introspection_c\n'}
[18.883280] (-) TimerEvent: {}
[18.983987] (-) TimerEvent: {}
[19.084669] (-) TimerEvent: {}
[19.185365] (-) TimerEvent: {}
[19.286062] (-) TimerEvent: {}
[19.386819] (-) TimerEvent: {}
[19.487531] (-) TimerEvent: {}
[19.587997] (-) TimerEvent: {}
[19.688694] (-) TimerEvent: {}
[19.789431] (-) TimerEvent: {}
[19.890146] (-) TimerEvent: {}
[19.990868] (-) TimerEvent: {}
[20.091650] (-) TimerEvent: {}
[20.192380] (-) TimerEvent: {}
[20.293081] (-) TimerEvent: {}
[20.393774] (-) TimerEvent: {}
[20.464237] (livox_ros_driver2) StdoutLine: {'line': b'-- Using all available rosidl_typesupport_cpp: rosidl_typesupport_fastrtps_cpp;rosidl_typesupport_introspection_cpp\n'}
[20.494038] (-) TimerEvent: {}
[20.565787] (livox_ros_driver2) StdoutLine: {'line': b'-- Found PythonInterp: /usr/bin/python3 (found suitable version "3.10.12", minimum required is "3.6") \n'}
[20.575825] (livox_ros_driver2) StdoutLine: {'line': b'-- Found python_cmake_module: 0.10.0 (/opt/ros/humble/share/python_cmake_module/cmake)\n'}
[20.594150] (-) TimerEvent: {}
[20.691689] (livox_ros_driver2) StdoutLine: {'line': b'-- Found PythonLibs: /usr/lib/aarch64-linux-gnu/libpython3.10.so (found suitable version "3.10.12", minimum required is "3.5") \n'}
[20.692082] (livox_ros_driver2) StdoutLine: {'line': b'-- Using PYTHON_EXECUTABLE: /usr/bin/python3\n'}
[20.692213] (livox_ros_driver2) StdoutLine: {'line': b'-- Using PYTHON_INCLUDE_DIRS: /usr/include/python3.10\n'}
[20.692299] (livox_ros_driver2) StdoutLine: {'line': b'-- Using PYTHON_LIBRARIES: /usr/lib/aarch64-linux-gnu/libpython3.10.so\n'}
[20.694275] (-) TimerEvent: {}
[20.794961] (-) TimerEvent: {}
[20.895701] (-) TimerEvent: {}
[20.934882] (livox_ros_driver2) StdoutLine: {'line': b'-- Found PythonExtra: .so  \n'}
[20.995850] (-) TimerEvent: {}
[21.096287] (-) TimerEvent: {}
[21.197007] (-) TimerEvent: {}
[21.297702] (-) TimerEvent: {}
[21.398379] (-) TimerEvent: {}
[21.499042] (-) TimerEvent: {}
[21.591851] (livox_ros_driver2) StdoutLine: {'line': b'-- Found ament_lint_auto: 0.12.15 (/opt/ros/humble/share/ament_lint_auto/cmake)\n'}
[21.599188] (-) TimerEvent: {}
[21.699896] (-) TimerEvent: {}
[21.758778] (livox_ros_driver2) StdoutLine: {'line': b"-- Added test 'copyright' to check source files copyright and LICENSE\n"}
[21.765490] (livox_ros_driver2) StdoutLine: {'line': b"-- Added test 'cppcheck' to perform static code analysis on C / C++ code\n"}
[21.767015] (livox_ros_driver2) StdoutLine: {'line': b'-- Configured cppcheck include dirs: /home/cat/TurboSLAM/src/livox_ros_driver2/3rdparty;/home/cat/TurboSLAM/src/livox_ros_driver2/src\n'}
[21.767286] (livox_ros_driver2) StdoutLine: {'line': b'-- Configured cppcheck exclude dirs and/or files: \n'}
[21.785445] (livox_ros_driver2) StdoutLine: {'line': b"-- Added test 'cpplint' to check C / C++ code against the Google style\n"}
[21.785752] (livox_ros_driver2) StdoutLine: {'line': b'-- Configured cpplint exclude dirs and/or files: \n'}
[21.787535] (livox_ros_driver2) StdoutLine: {'line': b"-- Added test 'flake8' to check Python code syntax and style conventions\n"}
[21.790100] (livox_ros_driver2) StdoutLine: {'line': b"-- Added test 'lint_cmake' to check CMake code style\n"}
[21.800054] (-) TimerEvent: {}
[21.801290] (livox_ros_driver2) StdoutLine: {'line': b"-- Added test 'pep257' to check Python code against some of the docstring style conventions in PEP 257\n"}
[21.807604] (livox_ros_driver2) StdoutLine: {'line': b"-- Added test 'uncrustify' to check C / C++ code style\n"}
[21.807900] (livox_ros_driver2) StdoutLine: {'line': b'-- Configured uncrustify additional arguments: \n'}
[21.809824] (livox_ros_driver2) StdoutLine: {'line': b"-- Added test 'xmllint' to check XML markup files\n"}
[21.835759] (livox_ros_driver2) StdoutLine: {'line': b'-- Configuring done\n'}
[21.900227] (-) TimerEvent: {}
[22.000951] (-) TimerEvent: {}
[22.101697] (-) TimerEvent: {}
[22.202550] (-) TimerEvent: {}
[22.232098] (livox_ros_driver2) StdoutLine: {'line': b'-- Generating done\n'}
[22.302855] (-) TimerEvent: {}
[22.315942] (livox_sdk2) StdoutLine: {'line': b'[ 47%] \x1b[32mBuilding CXX object sdk_core/CMakeFiles/livox_lidar_sdk_shared.dir/base/io_loop.cpp.o\x1b[0m\n'}
[22.347459] (livox_ros_driver2) StdoutLine: {'line': b'-- Build files have been written to: /home/cat/TurboSLAM/build/livox_ros_driver2\n'}
[22.403205] (-) TimerEvent: {}
[22.487468] (livox_ros_driver2) CommandEnded: {'returncode': 0}
[22.490832] (livox_ros_driver2) JobProgress: {'identifier': 'livox_ros_driver2', 'progress': 'build'}
[22.495336] (livox_ros_driver2) Command: {'cmd': ['/usr/bin/cmake', '--build', '/home/cat/TurboSLAM/build/livox_ros_driver2', '--', '-j8', '-l8'], 'cwd': '/home/cat/TurboSLAM/build/livox_ros_driver2', 'env': OrderedDict([('LESSOPEN', '| /usr/bin/lesspipe %s'), ('USER', 'cat'), ('SSH_CLIENT', '192.168.9.24 20287 22'), ('XDG_SESSION_TYPE', 'tty'), ('SHLVL', '3'), ('LD_LIBRARY_PATH', '/opt/ros/humble/opt/rviz_ogre_vendor/lib:/opt/ros/humble/lib/aarch64-linux-gnu:/opt/ros/humble/lib'), ('MOTD_SHOWN', 'pam'), ('HOME', '/home/cat'), ('MUTTER_DEBUG_ENABLE_ATOMIC_KMS', '0'), ('OLDPWD', '/home/cat/TurboSLAM/src/livox_ros_driver2'), ('SSH_TTY', '/dev/pts/0'), ('ROS_PYTHON_VERSION', '3'), ('DBUS_SESSION_BUS_ADDRESS', 'unix:path=/run/user/1000/bus'), ('ROS_DISTRO', 'humble'), ('LOGNAME', 'cat'), ('_', '/usr/bin/colcon'), ('ROS_VERSION', 'ROS2'), ('XDG_SESSION_CLASS', 'user'), ('TERM', 'xterm'), ('XDG_SESSION_ID', '6'), ('ROS_LOCALHOST_ONLY', '0'), ('PATH', '/opt/ros/humble/bin:/usr/local/sbin:/usr/local/bin:/usr/sbin:/usr/bin:/sbin:/bin:/usr/games:/usr/local/games:/snap/bin'), ('XDG_RUNTIME_DIR', '/run/user/1000'), ('DISPLAY', 'localhost:10.0'), ('LANG', 'zh_CN.UTF-8'), ('LS_COLORS', 'rs=0:di=01;34:ln=01;36:mh=00:pi=40;33:so=01;35:do=01;35:bd=40;33;01:cd=40;33;01:or=40;31;01:mi=00:su=37;41:sg=30;43:ca=30;41:tw=30;42:ow=34;42:st=37;44:ex=01;32:*.tar=01;31:*.tgz=01;31:*.arc=01;31:*.arj=01;31:*.taz=01;31:*.lha=01;31:*.lz4=01;31:*.lzh=01;31:*.lzma=01;31:*.tlz=01;31:*.txz=01;31:*.tzo=01;31:*.t7z=01;31:*.zip=01;31:*.z=01;31:*.dz=01;31:*.gz=01;31:*.lrz=01;31:*.lz=01;31:*.lzo=01;31:*.xz=01;31:*.zst=01;31:*.tzst=01;31:*.bz2=01;31:*.bz=01;31:*.tbz=01;31:*.tbz2=01;31:*.tz=01;31:*.deb=01;31:*.rpm=01;31:*.jar=01;31:*.war=01;31:*.ear=01;31:*.sar=01;31:*.rar=01;31:*.alz=01;31:*.ace=01;31:*.zoo=01;31:*.cpio=01;31:*.7z=01;31:*.rz=01;31:*.cab=01;31:*.wim=01;31:*.swm=01;31:*.dwm=01;31:*.esd=01;31:*.jpg=01;35:*.jpeg=01;35:*.mjpg=01;35:*.mjpeg=01;35:*.gif=01;35:*.bmp=01;35:*.pbm=01;35:*.pgm=01;35:*.ppm=01;35:*.tga=01;35:*.xbm=01;35:*.xpm=01;35:*.tif=01;35:*.tiff=01;35:*.png=01;35:*.svg=01;35:*.svgz=01;35:*.mng=01;35:*.pcx=01;35:*.mov=01;35:*.mpg=01;35:*.mpeg=01;35:*.m2v=01;35:*.mkv=01;35:*.webm=01;35:*.webp=01;35:*.ogm=01;35:*.mp4=01;35:*.m4v=01;35:*.mp4v=01;35:*.vob=01;35:*.qt=01;35:*.nuv=01;35:*.wmv=01;35:*.asf=01;35:*.rm=01;35:*.rmvb=01;35:*.flc=01;35:*.avi=01;35:*.fli=01;35:*.flv=01;35:*.gl=01;35:*.dl=01;35:*.xcf=01;35:*.xwd=01;35:*.yuv=01;35:*.cgm=01;35:*.emf=01;35:*.ogv=01;35:*.ogx=01;35:*.aac=00;36:*.au=00;36:*.flac=00;36:*.m4a=00;36:*.mid=00;36:*.midi=00;36:*.mka=00;36:*.mp3=00;36:*.mpc=00;36:*.ogg=00;36:*.ra=00;36:*.wav=00;36:*.oga=00;36:*.opus=00;36:*.spx=00;36:*.xspf=00;36:'), ('AMENT_PREFIX_PATH', '/opt/ros/humble'), ('SHELL', '/bin/bash'), ('CLUTTER_PAINT', 'disable-dynamic-max-render-time'), ('LESSCLOSE', '/usr/bin/lesspipe %s %s'), ('MUTTER_DEBUG_FORCE_KMS_MODE', 'simple'), ('PWD', '/home/cat/TurboSLAM/build/livox_ros_driver2'), ('SSH_CONNECTION', '192.168.9.24 20287 192.168.9.29 22'), ('XDG_DATA_DIRS', '/usr/share/gnome:/usr/local/share:/usr/share:/var/lib/snapd/desktop'), ('PYTHONPATH', '/opt/ros/humble/lib/python3.10/site-packages:/opt/ros/humble/local/lib/python3.10/dist-packages'), ('COLCON', '1'), ('CMAKE_PREFIX_PATH', '/opt/ros/humble')]), 'shell': False}
[22.503487] (-) TimerEvent: {}
[22.604360] (-) TimerEvent: {}
[22.682280] (pangolin) StdoutLine: {'line': b'[  5%] \x1b[32m\x1b[1mLinking CXX shared library libtinyobj.so\x1b[0m\n'}
[22.704658] (-) TimerEvent: {}
[22.708916] (livox_ros_driver2) StdoutLine: {'line': b'[  1%] \x1b[34m\x1b[1mGenerating Rust code for ROS interfaces\x1b[0m\n'}
[22.804841] (-) TimerEvent: {}
[22.905842] (-) TimerEvent: {}
[23.006849] (-) TimerEvent: {}
[23.078943] (pangolin) StdoutLine: {'line': b'[  5%] Built target tinyobj\n'}
[23.107178] (-) TimerEvent: {}
[23.208022] (-) TimerEvent: {}
[23.308923] (-) TimerEvent: {}
[23.409881] (-) TimerEvent: {}
[23.510844] (-) TimerEvent: {}
[23.591383] (livox_ros_driver2) StdoutLine: {'line': b'[  1%] Built target livox_interfaces2__rs\n'}
[23.611101] (-) TimerEvent: {}
[23.645233] (livox_ros_driver2) StdoutLine: {'line': b'[  3%] \x1b[32mBuilding CXX object CMakeFiles/livox_ros_driver2_node.dir/rclcpp_components/node_main_livox_ros_driver2_node.cpp.o\x1b[0m\n'}
[23.693224] (livox_ros_driver2) StdoutLine: {'line': b'[  3%] Built target ament_cmake_python_copy_livox_ros_driver2\n'}
[23.711319] (-) TimerEvent: {}
[23.768013] (livox_ros_driver2) StdoutLine: {'line': b'[  5%] \x1b[34m\x1b[1mGenerating C++ code for ROS interfaces\x1b[0m\n'}
[23.811525] (-) TimerEvent: {}
[23.894040] (livox_sdk2) StdoutLine: {'line': b'[ 51%] \x1b[32mBuilding CXX object sdk_core/CMakeFiles/livox_lidar_sdk_static.dir/command_handler/build_request.cpp.o\x1b[0m\n'}
[23.894952] (livox_sdk2) StdoutLine: {'line': b'[ 51%] \x1b[32mBuilding CXX object sdk_core/CMakeFiles/livox_lidar_sdk_static.dir/command_handler/parse_lidar_state_info.cpp.o\x1b[0m\n'}
[23.895520] (livox_sdk2) StdoutLine: {'line': b'[ 51%] \x1b[32mBuilding CXX object sdk_core/CMakeFiles/livox_lidar_sdk_shared.dir/base/io_thread.cpp.o\x1b[0m\n'}
[23.911775] (-) TimerEvent: {}
[24.013321] (-) TimerEvent: {}
[24.114992] (-) TimerEvent: {}
[24.216306] (-) TimerEvent: {}
[24.317733] (-) TimerEvent: {}
[24.419283] (-) TimerEvent: {}
[24.520788] (-) TimerEvent: {}
[24.622380] (-) TimerEvent: {}
[24.648399] (pangolin) StdoutLine: {'line': b'[  6%] \x1b[32m\x1b[1mLinking CXX shared library libpango_core.so\x1b[0m\n'}
[24.722721] (-) TimerEvent: {}
[24.824529] (-) TimerEvent: {}
[24.827419] (livox_sdk2) StderrLine: {'line': b'In file included from \x1b[01m\x1b[K/home/cat/TurboSLAM/3rdparty/Livox-SDK2/sdk_core/../3rdparty/rapidjson/stream.h:19\x1b[m\x1b[K,\n'}
[24.828254] (livox_sdk2) StderrLine: {'line': b'                 from \x1b[01m\x1b[K/home/cat/TurboSLAM/3rdparty/Livox-SDK2/sdk_core/../3rdparty/rapidjson/memorystream.h:22\x1b[m\x1b[K,\n'}
[24.828853] (livox_sdk2) StderrLine: {'line': b'                 from \x1b[01m\x1b[K/home/cat/TurboSLAM/3rdparty/Livox-SDK2/sdk_core/../3rdparty/rapidjson/encodedstream.h:22\x1b[m\x1b[K,\n'}
[24.829421] (livox_sdk2) StderrLine: {'line': b'                 from \x1b[01m\x1b[K/home/cat/TurboSLAM/3rdparty/Livox-SDK2/sdk_core/../3rdparty/rapidjson/document.h:26\x1b[m\x1b[K,\n'}
[24.829973] (livox_sdk2) StderrLine: {'line': b'                 from \x1b[01m\x1b[K/home/cat/TurboSLAM/3rdparty/Livox-SDK2/sdk_core/command_handler/parse_lidar_state_info.h:38\x1b[m\x1b[K,\n'}
[24.830557] (livox_sdk2) StderrLine: {'line': b'                 from \x1b[01m\x1b[K/home/cat/TurboSLAM/3rdparty/Livox-SDK2/sdk_core/command_handler/parse_lidar_state_info.cpp:2\x1b[m\x1b[K:\n'}
[24.831194] (livox_sdk2) StderrLine: {'line': b'\x1b[01m\x1b[K/home/cat/TurboSLAM/3rdparty/Livox-SDK2/sdk_core/../3rdparty/rapidjson/rapidjson.h:542:29:\x1b[m\x1b[K \x1b[01;35m\x1b[Kwarning: \x1b[m\x1b[Kunknown option after \xe2\x80\x98\x1b[01m\x1b[K#pragma GCC diagnostic\x1b[m\x1b[K\xe2\x80\x99 kind [\x1b[01;35m\x1b[K-Wpragmas\x1b[m\x1b[K]\n'}
[24.832225] (livox_sdk2) StderrLine: {'line': b'  542 | #define RAPIDJSON_PRAGMA(x) \x1b[01;35m\x1b[K_Pragma\x1b[m\x1b[K(RAPIDJSON_STRINGIFY(x))\n'}
[24.832790] (livox_sdk2) StderrLine: {'line': b'      |                             \x1b[01;35m\x1b[K^~~~~~~\x1b[m\x1b[K\n'}
[24.833315] (livox_sdk2) StderrLine: {'line': b'\x1b[01m\x1b[K/home/cat/TurboSLAM/3rdparty/Livox-SDK2/sdk_core/../3rdparty/rapidjson/rapidjson.h:543:34:\x1b[m\x1b[K \x1b[01;36m\x1b[Knote: \x1b[m\x1b[Kin expansion of macro \xe2\x80\x98\x1b[01m\x1b[KRAPIDJSON_PRAGMA\x1b[m\x1b[K\xe2\x80\x99\n'}
[24.833882] (livox_sdk2) StderrLine: {'line': b'  543 | #define RAPIDJSON_DIAG_PRAGMA(x) \x1b[01;36m\x1b[KRAPIDJSON_PRAGMA\x1b[m\x1b[K(GCC diagnostic x)\n'}
[24.834403] (livox_sdk2) StderrLine: {'line': b'      |                                  \x1b[01;36m\x1b[K^~~~~~~~~~~~~~~~\x1b[m\x1b[K\n'}
[24.834896] (livox_sdk2) StderrLine: {'line': b'\x1b[01m\x1b[K/home/cat/TurboSLAM/3rdparty/Livox-SDK2/sdk_core/../3rdparty/rapidjson/rapidjson.h:545:3:\x1b[m\x1b[K \x1b[01;36m\x1b[Knote: \x1b[m\x1b[Kin expansion of macro \xe2\x80\x98\x1b[01m\x1b[KRAPIDJSON_DIAG_PRAGMA\x1b[m\x1b[K\xe2\x80\x99\n'}
[24.835365] (livox_sdk2) StderrLine: {'line': b'  545 |   \x1b[01;36m\x1b[KRAPIDJSON_DIAG_PRAGMA\x1b[m\x1b[K(ignored RAPIDJSON_STRINGIFY(RAPIDJSON_JOIN(-W, x)))\n'}
[24.835815] (livox_sdk2) StderrLine: {'line': b'      |   \x1b[01;36m\x1b[K^~~~~~~~~~~~~~~~~~~~~\x1b[m\x1b[K\n'}
[24.836284] (livox_sdk2) StderrLine: {'line': b'\x1b[01m\x1b[K/home/cat/TurboSLAM/3rdparty/Livox-SDK2/sdk_core/../3rdparty/rapidjson/internal/dtoa.h:36:1:\x1b[m\x1b[K \x1b[01;36m\x1b[Knote: \x1b[m\x1b[Kin expansion of macro \xe2\x80\x98\x1b[01m\x1b[KRAPIDJSON_DIAG_OFF\x1b[m\x1b[K\xe2\x80\x99\n'}
[24.836757] (livox_sdk2) StderrLine: {'line': b'   36 | \x1b[01;36m\x1b[KRAPIDJSON_DIAG_OFF\x1b[m\x1b[K(array - bounds)  // some gcc versions generate wrong warnings\n'}
[24.837294] (livox_sdk2) StderrLine: {'line': b'      | \x1b[01;36m\x1b[K^~~~~~~~~~~~~~~~~~\x1b[m\x1b[K\n'}
[24.837702] (livox_sdk2) StderrLine: {'line': b'\x1b[01m\x1b[K/home/cat/TurboSLAM/3rdparty/Livox-SDK2/sdk_core/../3rdparty/rapidjson/rapidjson.h:542:29:\x1b[m\x1b[K \x1b[01;36m\x1b[Knote: \x1b[m\x1b[Kdid you mean \xe2\x80\x98\x1b[01m\x1b[K-Warray-bounds\x1b[m\x1b[K\xe2\x80\x99?\n'}
[24.838104] (livox_sdk2) StderrLine: {'line': b'  542 | #define RAPIDJSON_PRAGMA(x) \x1b[01;36m\x1b[K_Pragma\x1b[m\x1b[K(RAPIDJSON_STRINGIFY(x))\n'}
[24.838485] (livox_sdk2) StderrLine: {'line': b'      |                             \x1b[01;36m\x1b[K^~~~~~~\x1b[m\x1b[K\n'}
[24.838860] (livox_sdk2) StderrLine: {'line': b'\x1b[01m\x1b[K/home/cat/TurboSLAM/3rdparty/Livox-SDK2/sdk_core/../3rdparty/rapidjson/rapidjson.h:543:34:\x1b[m\x1b[K \x1b[01;36m\x1b[Knote: \x1b[m\x1b[Kin expansion of macro \xe2\x80\x98\x1b[01m\x1b[KRAPIDJSON_PRAGMA\x1b[m\x1b[K\xe2\x80\x99\n'}
[24.839228] (livox_sdk2) StderrLine: {'line': b'  543 | #define RAPIDJSON_DIAG_PRAGMA(x) \x1b[01;36m\x1b[KRAPIDJSON_PRAGMA\x1b[m\x1b[K(GCC diagnostic x)\n'}
[24.839590] (livox_sdk2) StderrLine: {'line': b'      |                                  \x1b[01;36m\x1b[K^~~~~~~~~~~~~~~~\x1b[m\x1b[K\n'}
[24.839956] (livox_sdk2) StderrLine: {'line': b'\x1b[01m\x1b[K/home/cat/TurboSLAM/3rdparty/Livox-SDK2/sdk_core/../3rdparty/rapidjson/rapidjson.h:545:3:\x1b[m\x1b[K \x1b[01;36m\x1b[Knote: \x1b[m\x1b[Kin expansion of macro \xe2\x80\x98\x1b[01m\x1b[KRAPIDJSON_DIAG_PRAGMA\x1b[m\x1b[K\xe2\x80\x99\n'}
[24.840371] (livox_sdk2) StderrLine: {'line': b'  545 |   \x1b[01;36m\x1b[KRAPIDJSON_DIAG_PRAGMA\x1b[m\x1b[K(ignored RAPIDJSON_STRINGIFY(RAPIDJSON_JOIN(-W, x)))\n'}
[24.840745] (livox_sdk2) StderrLine: {'line': b'      |   \x1b[01;36m\x1b[K^~~~~~~~~~~~~~~~~~~~~\x1b[m\x1b[K\n'}
[24.841103] (livox_sdk2) StderrLine: {'line': b'\x1b[01m\x1b[K/home/cat/TurboSLAM/3rdparty/Livox-SDK2/sdk_core/../3rdparty/rapidjson/internal/dtoa.h:36:1:\x1b[m\x1b[K \x1b[01;36m\x1b[Knote: \x1b[m\x1b[Kin expansion of macro \xe2\x80\x98\x1b[01m\x1b[KRAPIDJSON_DIAG_OFF\x1b[m\x1b[K\xe2\x80\x99\n'}
[24.841512] (livox_sdk2) StderrLine: {'line': b'   36 | \x1b[01;36m\x1b[KRAPIDJSON_DIAG_OFF\x1b[m\x1b[K(array - bounds)  // some gcc versions generate wrong warnings\n'}
[24.841866] (livox_sdk2) StderrLine: {'line': b'      | \x1b[01;36m\x1b[K^~~~~~~~~~~~~~~~~~\x1b[m\x1b[K\n'}
[24.921411] (livox_sdk2) StdoutLine: {'line': b'[ 52%] \x1b[32mBuilding CXX object sdk_core/CMakeFiles/livox_lidar_sdk_shared.dir/base/thread_base.cpp.o\x1b[0m\n'}
[24.924741] (-) TimerEvent: {}
[24.930626] (livox_sdk2) StdoutLine: {'line': b'[ 54%] \x1b[32mBuilding CXX object sdk_core/CMakeFiles/livox_lidar_sdk_static.dir/command_handler/mid360_command_handler.cpp.o\x1b[0m\n'}
[25.003737] (livox_sdk2) StdoutLine: {'line': b'[ 55%] \x1b[32mBuilding CXX object sdk_core/CMakeFiles/livox_lidar_sdk_shared.dir/base/logging.cpp.o\x1b[0m\n'}
[25.024862] (-) TimerEvent: {}
[25.125570] (-) TimerEvent: {}
[25.158636] (pangolin) StdoutLine: {'line': b'[  6%] Built target pango_core\n'}
[25.176813] (livox_ros_driver2) StdoutLine: {'line': b'[  5%] Built target livox_interfaces2__cpp\n'}
[25.224410] (pangolin) StdoutLine: {'line': b'[  6%] \x1b[32mBuilding CXX object CMakeFiles/pango_image.dir/components/pango_image/src/image_io.cpp.o\x1b[0m\n'}
[25.225771] (-) TimerEvent: {}
[25.239713] (pangolin) StdoutLine: {'line': b'[  6%] \x1b[32mBuilding CXX object CMakeFiles/pango_image.dir/components/pango_image/src/pixel_format.cpp.o\x1b[0m\n'}
[25.261018] (pangolin) StdoutLine: {'line': b'[  6%] \x1b[32mBuilding CXX object CMakeFiles/pango_vars.dir/components/pango_vars/src/vars.cpp.o\x1b[0m\n'}
[25.325996] (-) TimerEvent: {}
[25.426910] (-) TimerEvent: {}
[25.527812] (-) TimerEvent: {}
[25.628788] (-) TimerEvent: {}
[25.730244] (-) TimerEvent: {}
[25.831117] (-) TimerEvent: {}
[25.932039] (-) TimerEvent: {}
[26.014570] (livox_sdk2) StdoutLine: {'line': b'[ 56%] \x1b[32mBuilding CXX object sdk_core/CMakeFiles/livox_lidar_sdk_static.dir/command_handler/hap_command_handler.cpp.o\x1b[0m\n'}
[26.018229] (pangolin) StdoutLine: {'line': b'[  6%] \x1b[32mBuilding CXX object CMakeFiles/pango_image.dir/components/pango_image/src/image_io_packed12bit.cpp.o\x1b[0m\n'}
[26.032174] (-) TimerEvent: {}
[26.038354] (pangolin) StdoutLine: {'line': b'[  7%] \x1b[32mBuilding CXX object CMakeFiles/pango_vars.dir/components/pango_vars/src/varstate.cpp.o\x1b[0m\n'}
[26.063780] (livox_ros_driver2) StdoutLine: {'line': b'running egg_info\n'}
[26.065646] (livox_ros_driver2) StdoutLine: {'line': b'creating livox_ros_driver2.egg-info\n'}
[26.066181] (livox_ros_driver2) StdoutLine: {'line': b'writing livox_ros_driver2.egg-info/PKG-INFO\n'}
[26.066725] (livox_ros_driver2) StdoutLine: {'line': b'writing dependency_links to livox_ros_driver2.egg-info/dependency_links.txt\n'}
[26.067184] (livox_ros_driver2) StdoutLine: {'line': b'writing top-level names to livox_ros_driver2.egg-info/top_level.txt\n'}
[26.067711] (livox_ros_driver2) StdoutLine: {'line': b"writing manifest file 'livox_ros_driver2.egg-info/SOURCES.txt'\n"}
[26.071714] (livox_ros_driver2) StdoutLine: {'line': b"reading manifest file 'livox_ros_driver2.egg-info/SOURCES.txt'\n"}
[26.072765] (livox_ros_driver2) StdoutLine: {'line': b"writing manifest file 'livox_ros_driver2.egg-info/SOURCES.txt'\n"}
[26.132332] (-) TimerEvent: {}
[26.221266] (livox_ros_driver2) StdoutLine: {'line': b'[  5%] Built target ament_cmake_python_build_livox_ros_driver2_egg\n'}
[26.232480] (-) TimerEvent: {}
[26.318318] (livox_ros_driver2) StdoutLine: {'line': b'[  6%] \x1b[34m\x1b[1mGenerating C++ type support dispatch for ROS interfaces\x1b[0m\n'}
[26.332632] (-) TimerEvent: {}
[26.433333] (-) TimerEvent: {}
[26.533771] (-) TimerEvent: {}
[26.634196] (-) TimerEvent: {}
[26.734633] (-) TimerEvent: {}
[26.831180] (livox_sdk2) StdoutLine: {'line': b'[ 58%] \x1b[32mBuilding CXX object sdk_core/CMakeFiles/livox_lidar_sdk_static.dir/command_handler/mid360s_command_handler.cpp.o\x1b[0m\n'}
[26.834784] (-) TimerEvent: {}
[26.935260] (-) TimerEvent: {}
[27.035977] (-) TimerEvent: {}
[27.101243] (pangolin) StdoutLine: {'line': b'[  8%] \x1b[32mBuilding CXX object CMakeFiles/pango_image.dir/components/pango_image/src/image_io_lz4.cpp.o\x1b[0m\n'}
[27.136126] (-) TimerEvent: {}
[27.220104] (pangolin) StdoutLine: {'line': b'[  8%] \x1b[32mBuilding CXX object CMakeFiles/pango_image.dir/components/pango_image/src/image_io_jpg.cpp.o\x1b[0m\n'}
[27.236274] (-) TimerEvent: {}
[27.336998] (-) TimerEvent: {}
[27.437674] (-) TimerEvent: {}
[27.538337] (-) TimerEvent: {}
[27.638995] (-) TimerEvent: {}
[27.667025] (livox_ros_driver2) StdoutLine: {'line': b'[  8%] \x1b[32mBuilding CXX object CMakeFiles/livox_interfaces2__rosidl_typesupport_cpp.dir/rosidl_typesupport_cpp/livox_ros_driver2/msg/custom_msg__type_support.cpp.o\x1b[0m\n'}
[27.691135] (livox_ros_driver2) StdoutLine: {'line': b'[ 10%] \x1b[32mBuilding CXX object CMakeFiles/livox_interfaces2__rosidl_typesupport_cpp.dir/rosidl_typesupport_cpp/livox_ros_driver2/msg/custom_point__type_support.cpp.o\x1b[0m\n'}
[27.739154] (-) TimerEvent: {}
[27.839894] (-) TimerEvent: {}
[27.891384] (livox_sdk2) StdoutLine: {'line': b'[ 59%] \x1b[32mBuilding CXX object sdk_core/CMakeFiles/livox_lidar_sdk_static.dir/command_handler/general_command_handler.cpp.o\x1b[0m\n'}
[27.940055] (-) TimerEvent: {}
[28.040796] (-) TimerEvent: {}
[28.141503] (-) TimerEvent: {}
[28.242224] (-) TimerEvent: {}
[28.342946] (-) TimerEvent: {}
[28.443421] (-) TimerEvent: {}
[28.544161] (-) TimerEvent: {}
[28.644613] (-) TimerEvent: {}
[28.745333] (-) TimerEvent: {}
[28.846122] (-) TimerEvent: {}
[28.946839] (-) TimerEvent: {}
[29.047578] (-) TimerEvent: {}
[29.148290] (-) TimerEvent: {}
[29.243772] (livox_ros_driver2) StdoutLine: {'line': b'[ 12%] \x1b[32m\x1b[1mLinking CXX shared library liblivox_ros_driver2__rosidl_typesupport_cpp.so\x1b[0m\n'}
[29.248431] (-) TimerEvent: {}
[29.349208] (-) TimerEvent: {}
[29.449662] (-) TimerEvent: {}
[29.454993] (livox_ros_driver2) StdoutLine: {'line': b'[ 12%] Built target livox_interfaces2__rosidl_typesupport_cpp\n'}
[29.474224] (livox_sdk2) StderrLine: {'line': b'In file included from \x1b[01m\x1b[K/home/cat/TurboSLAM/3rdparty/Livox-SDK2/sdk_core/../3rdparty/rapidjson/stream.h:19\x1b[m\x1b[K,\n'}
[29.474492] (livox_sdk2) StderrLine: {'line': b'                 from \x1b[01m\x1b[K/home/cat/TurboSLAM/3rdparty/Livox-SDK2/sdk_core/../3rdparty/rapidjson/memorystream.h:22\x1b[m\x1b[K,\n'}
[29.474581] (livox_sdk2) StderrLine: {'line': b'                 from \x1b[01m\x1b[K/home/cat/TurboSLAM/3rdparty/Livox-SDK2/sdk_core/../3rdparty/rapidjson/encodedstream.h:22\x1b[m\x1b[K,\n'}
[29.474659] (livox_sdk2) StderrLine: {'line': b'                 from \x1b[01m\x1b[K/home/cat/TurboSLAM/3rdparty/Livox-SDK2/sdk_core/../3rdparty/rapidjson/document.h:26\x1b[m\x1b[K,\n'}
[29.474758] (livox_sdk2) StderrLine: {'line': b'                 from \x1b[01m\x1b[K/home/cat/TurboSLAM/3rdparty/Livox-SDK2/sdk_core/command_handler/parse_lidar_state_info.h:38\x1b[m\x1b[K,\n'}
[29.474834] (livox_sdk2) StderrLine: {'line': b'                 from \x1b[01m\x1b[K/home/cat/TurboSLAM/3rdparty/Livox-SDK2/sdk_core/command_handler/mid360_command_handler.cpp:37\x1b[m\x1b[K:\n'}
[29.474905] (livox_sdk2) StderrLine: {'line': b'\x1b[01m\x1b[K/home/cat/TurboSLAM/3rdparty/Livox-SDK2/sdk_core/../3rdparty/rapidjson/rapidjson.h:542:29:\x1b[m\x1b[K \x1b[01;35m\x1b[Kwarning: \x1b[m\x1b[Kunknown option after \xe2\x80\x98\x1b[01m\x1b[K#pragma GCC diagnostic\x1b[m\x1b[K\xe2\x80\x99 kind [\x1b[01;35m\x1b[K-Wpragmas\x1b[m\x1b[K]\n'}
[29.474980] (livox_sdk2) StderrLine: {'line': b'  542 | #define RAPIDJSON_PRAGMA(x) \x1b[01;35m\x1b[K_Pragma\x1b[m\x1b[K(RAPIDJSON_STRINGIFY(x))\n'}
[29.475050] (livox_sdk2) StderrLine: {'line': b'      |                             \x1b[01;35m\x1b[K^~~~~~~\x1b[m\x1b[K\n'}
[29.475120] (livox_sdk2) StderrLine: {'line': b'\x1b[01m\x1b[K/home/cat/TurboSLAM/3rdparty/Livox-SDK2/sdk_core/../3rdparty/rapidjson/rapidjson.h:543:34:\x1b[m\x1b[K \x1b[01;36m\x1b[Knote: \x1b[m\x1b[Kin expansion of macro \xe2\x80\x98\x1b[01m\x1b[KRAPIDJSON_PRAGMA\x1b[m\x1b[K\xe2\x80\x99\n'}
[29.475192] (livox_sdk2) StderrLine: {'line': b'  543 | #define RAPIDJSON_DIAG_PRAGMA(x) \x1b[01;36m\x1b[KRAPIDJSON_PRAGMA\x1b[m\x1b[K(GCC diagnostic x)\n'}
[29.475261] (livox_sdk2) StderrLine: {'line': b'      |                                  \x1b[01;36m\x1b[K^~~~~~~~~~~~~~~~\x1b[m\x1b[K\n'}
[29.475342] (livox_sdk2) StderrLine: {'line': b'\x1b[01m\x1b[K/home/cat/TurboSLAM/3rdparty/Livox-SDK2/sdk_core/../3rdparty/rapidjson/rapidjson.h:545:3:\x1b[m\x1b[K \x1b[01;36m\x1b[Knote: \x1b[m\x1b[Kin expansion of macro \xe2\x80\x98\x1b[01m\x1b[KRAPIDJSON_DIAG_PRAGMA\x1b[m\x1b[K\xe2\x80\x99\n'}
[29.475415] (livox_sdk2) StderrLine: {'line': b'  545 |   \x1b[01;36m\x1b[KRAPIDJSON_DIAG_PRAGMA\x1b[m\x1b[K(ignored RAPIDJSON_STRINGIFY(RAPIDJSON_JOIN(-W, x)))\n'}
[29.475485] (livox_sdk2) StderrLine: {'line': b'      |   \x1b[01;36m\x1b[K^~~~~~~~~~~~~~~~~~~~~\x1b[m\x1b[K\n'}
[29.475553] (livox_sdk2) StderrLine: {'line': b'\x1b[01m\x1b[K/home/cat/TurboSLAM/3rdparty/Livox-SDK2/sdk_core/../3rdparty/rapidjson/internal/dtoa.h:36:1:\x1b[m\x1b[K \x1b[01;36m\x1b[Knote: \x1b[m\x1b[Kin expansion of macro \xe2\x80\x98\x1b[01m\x1b[KRAPIDJSON_DIAG_OFF\x1b[m\x1b[K\xe2\x80\x99\n'}
[29.475622] (livox_sdk2) StderrLine: {'line': b'   36 | \x1b[01;36m\x1b[KRAPIDJSON_DIAG_OFF\x1b[m\x1b[K(array - bounds)  // some gcc versions generate wrong warnings\n'}
[29.475693] (livox_sdk2) StderrLine: {'line': b'      | \x1b[01;36m\x1b[K^~~~~~~~~~~~~~~~~~\x1b[m\x1b[K\n'}
[29.479082] (livox_sdk2) StderrLine: {'line': b'\x1b[01m\x1b[K/home/cat/TurboSLAM/3rdparty/Livox-SDK2/sdk_core/../3rdparty/rapidjson/rapidjson.h:542:29:\x1b[m\x1b[K \x1b[01;36m\x1b[Knote: \x1b[m\x1b[Kdid you mean \xe2\x80\x98\x1b[01m\x1b[K-Warray-bounds\x1b[m\x1b[K\xe2\x80\x99?\n'}
[29.479368] (livox_sdk2) StderrLine: {'line': b'  542 | #define RAPIDJSON_PRAGMA(x) \x1b[01;36m\x1b[K_Pragma\x1b[m\x1b[K(RAPIDJSON_STRINGIFY(x))\n'}
[29.479455] (livox_sdk2) StderrLine: {'line': b'      |                             \x1b[01;36m\x1b[K^~~~~~~\x1b[m\x1b[K\n'}
[29.479531] (livox_sdk2) StderrLine: {'line': b'\x1b[01m\x1b[K/home/cat/TurboSLAM/3rdparty/Livox-SDK2/sdk_core/../3rdparty/rapidjson/rapidjson.h:543:34:\x1b[m\x1b[K \x1b[01;36m\x1b[Knote: \x1b[m\x1b[Kin expansion of macro \xe2\x80\x98\x1b[01m\x1b[KRAPIDJSON_PRAGMA\x1b[m\x1b[K\xe2\x80\x99\n'}
[29.479607] (livox_sdk2) StderrLine: {'line': b'  543 | #define RAPIDJSON_DIAG_PRAGMA(x) \x1b[01;36m\x1b[KRAPIDJSON_PRAGMA\x1b[m\x1b[K(GCC diagnostic x)\n'}
[29.479679] (livox_sdk2) StderrLine: {'line': b'      |                                  \x1b[01;36m\x1b[K^~~~~~~~~~~~~~~~\x1b[m\x1b[K\n'}
[29.479750] (livox_sdk2) StderrLine: {'line': b'\x1b[01m\x1b[K/home/cat/TurboSLAM/3rdparty/Livox-SDK2/sdk_core/../3rdparty/rapidjson/rapidjson.h:545:3:\x1b[m\x1b[K \x1b[01;36m\x1b[Knote: \x1b[m\x1b[Kin expansion of macro \xe2\x80\x98\x1b[01m\x1b[KRAPIDJSON_DIAG_PRAGMA\x1b[m\x1b[K\xe2\x80\x99\n'}
[29.479822] (livox_sdk2) StderrLine: {'line': b'  545 |   \x1b[01;36m\x1b[KRAPIDJSON_DIAG_PRAGMA\x1b[m\x1b[K(ignored RAPIDJSON_STRINGIFY(RAPIDJSON_JOIN(-W, x)))\n'}
[29.479909] (livox_sdk2) StderrLine: {'line': b'      |   \x1b[01;36m\x1b[K^~~~~~~~~~~~~~~~~~~~~\x1b[m\x1b[K\n'}
[29.479979] (livox_sdk2) StderrLine: {'line': b'\x1b[01m\x1b[K/home/cat/TurboSLAM/3rdparty/Livox-SDK2/sdk_core/../3rdparty/rapidjson/internal/dtoa.h:36:1:\x1b[m\x1b[K \x1b[01;36m\x1b[Knote: \x1b[m\x1b[Kin expansion of macro \xe2\x80\x98\x1b[01m\x1b[KRAPIDJSON_DIAG_OFF\x1b[m\x1b[K\xe2\x80\x99\n'}
[29.480050] (livox_sdk2) StderrLine: {'line': b'   36 | \x1b[01;36m\x1b[KRAPIDJSON_DIAG_OFF\x1b[m\x1b[K(array - bounds)  // some gcc versions generate wrong warnings\n'}
[29.480122] (livox_sdk2) StderrLine: {'line': b'      | \x1b[01;36m\x1b[K^~~~~~~~~~~~~~~~~~\x1b[m\x1b[K\n'}
[29.549812] (-) TimerEvent: {}
[29.650540] (-) TimerEvent: {}
[29.751223] (-) TimerEvent: {}
[29.851936] (-) TimerEvent: {}
[29.952642] (-) TimerEvent: {}
[30.053387] (-) TimerEvent: {}
[30.154102] (-) TimerEvent: {}
[30.254798] (-) TimerEvent: {}
[30.355502] (-) TimerEvent: {}
[30.456230] (-) TimerEvent: {}
[30.557011] (-) TimerEvent: {}
[30.657763] (-) TimerEvent: {}
[30.758531] (-) TimerEvent: {}
[30.859337] (-) TimerEvent: {}
[30.960125] (-) TimerEvent: {}
[31.060839] (-) TimerEvent: {}
[31.161552] (-) TimerEvent: {}
[31.222093] (livox_sdk2) StderrLine: {'line': b'In file included from \x1b[01m\x1b[K/home/cat/TurboSLAM/3rdparty/Livox-SDK2/sdk_core/../3rdparty/rapidjson/stream.h:19\x1b[m\x1b[K,\n'}
[31.222535] (livox_sdk2) StderrLine: {'line': b'                 from \x1b[01m\x1b[K/home/cat/TurboSLAM/3rdparty/Livox-SDK2/sdk_core/../3rdparty/rapidjson/memorystream.h:22\x1b[m\x1b[K,\n'}
[31.222834] (livox_sdk2) StderrLine: {'line': b'                 from \x1b[01m\x1b[K/home/cat/TurboSLAM/3rdparty/Livox-SDK2/sdk_core/../3rdparty/rapidjson/encodedstream.h:22\x1b[m\x1b[K,\n'}
[31.223065] (livox_sdk2) StderrLine: {'line': b'                 from \x1b[01m\x1b[K/home/cat/TurboSLAM/3rdparty/Livox-SDK2/sdk_core/../3rdparty/rapidjson/document.h:26\x1b[m\x1b[K,\n'}
[31.223264] (livox_sdk2) StderrLine: {'line': b'                 from \x1b[01m\x1b[K/home/cat/TurboSLAM/3rdparty/Livox-SDK2/sdk_core/command_handler/parse_lidar_state_info.h:38\x1b[m\x1b[K,\n'}
[31.223452] (livox_sdk2) StderrLine: {'line': b'                 from \x1b[01m\x1b[K/home/cat/TurboSLAM/3rdparty/Livox-SDK2/sdk_core/command_handler/hap_command_handler.cpp:37\x1b[m\x1b[K:\n'}
[31.223647] (livox_sdk2) StderrLine: {'line': b'\x1b[01m\x1b[K/home/cat/TurboSLAM/3rdparty/Livox-SDK2/sdk_core/../3rdparty/rapidjson/rapidjson.h:542:29:\x1b[m\x1b[K \x1b[01;35m\x1b[Kwarning: \x1b[m\x1b[Kunknown option after \xe2\x80\x98\x1b[01m\x1b[K#pragma GCC diagnostic\x1b[m\x1b[K\xe2\x80\x99 kind [\x1b[01;35m\x1b[K-Wpragmas\x1b[m\x1b[K]\n'}
[31.223844] (livox_sdk2) StderrLine: {'line': b'  542 | #define RAPIDJSON_PRAGMA(x) \x1b[01;35m\x1b[K_Pragma\x1b[m\x1b[K(RAPIDJSON_STRINGIFY(x))\n'}
[31.224012] (livox_sdk2) StderrLine: {'line': b'      |                             \x1b[01;35m\x1b[K^~~~~~~\x1b[m\x1b[K\n'}
[31.224164] (livox_sdk2) StderrLine: {'line': b'\x1b[01m\x1b[K/home/cat/TurboSLAM/3rdparty/Livox-SDK2/sdk_core/../3rdparty/rapidjson/rapidjson.h:543:34:\x1b[m\x1b[K \x1b[01;36m\x1b[Knote: \x1b[m\x1b[Kin expansion of macro \xe2\x80\x98\x1b[01m\x1b[KRAPIDJSON_PRAGMA\x1b[m\x1b[K\xe2\x80\x99\n'}
[31.224310] (livox_sdk2) StderrLine: {'line': b'  543 | #define RAPIDJSON_DIAG_PRAGMA(x) \x1b[01;36m\x1b[KRAPIDJSON_PRAGMA\x1b[m\x1b[K(GCC diagnostic x)\n'}
[31.224454] (livox_sdk2) StderrLine: {'line': b'      |                                  \x1b[01;36m\x1b[K^~~~~~~~~~~~~~~~\x1b[m\x1b[K\n'}
[31.224600] (livox_sdk2) StderrLine: {'line': b'\x1b[01m\x1b[K/home/cat/TurboSLAM/3rdparty/Livox-SDK2/sdk_core/../3rdparty/rapidjson/rapidjson.h:545:3:\x1b[m\x1b[K \x1b[01;36m\x1b[Knote: \x1b[m\x1b[Kin expansion of macro \xe2\x80\x98\x1b[01m\x1b[KRAPIDJSON_DIAG_PRAGMA\x1b[m\x1b[K\xe2\x80\x99\n'}
[31.224745] (livox_sdk2) StderrLine: {'line': b'  545 |   \x1b[01;36m\x1b[KRAPIDJSON_DIAG_PRAGMA\x1b[m\x1b[K(ignored RAPIDJSON_STRINGIFY(RAPIDJSON_JOIN(-W, x)))\n'}
[31.224900] (livox_sdk2) StderrLine: {'line': b'      |   \x1b[01;36m\x1b[K^~~~~~~~~~~~~~~~~~~~~\x1b[m\x1b[K\n'}
[31.225056] (livox_sdk2) StderrLine: {'line': b'\x1b[01m\x1b[K/home/cat/TurboSLAM/3rdparty/Livox-SDK2/sdk_core/../3rdparty/rapidjson/internal/dtoa.h:36:1:\x1b[m\x1b[K \x1b[01;36m\x1b[Knote: \x1b[m\x1b[Kin expansion of macro \xe2\x80\x98\x1b[01m\x1b[KRAPIDJSON_DIAG_OFF\x1b[m\x1b[K\xe2\x80\x99\n'}
[31.225228] (livox_sdk2) StderrLine: {'line': b'   36 | \x1b[01;36m\x1b[KRAPIDJSON_DIAG_OFF\x1b[m\x1b[K(array - bounds)  // some gcc versions generate wrong warnings\n'}
[31.225377] (livox_sdk2) StderrLine: {'line': b'      | \x1b[01;36m\x1b[K^~~~~~~~~~~~~~~~~~\x1b[m\x1b[K\n'}
[31.230530] (livox_sdk2) StderrLine: {'line': b'\x1b[01m\x1b[K/home/cat/TurboSLAM/3rdparty/Livox-SDK2/sdk_core/../3rdparty/rapidjson/rapidjson.h:542:29:\x1b[m\x1b[K \x1b[01;36m\x1b[Knote: \x1b[m\x1b[Kdid you mean \xe2\x80\x98\x1b[01m\x1b[K-Warray-bounds\x1b[m\x1b[K\xe2\x80\x99?\n'}
[31.230897] (livox_sdk2) StderrLine: {'line': b'  542 | #define RAPIDJSON_PRAGMA(x) \x1b[01;36m\x1b[K_Pragma\x1b[m\x1b[K(RAPIDJSON_STRINGIFY(x))\n'}
[31.231090] (livox_sdk2) StderrLine: {'line': b'      |                             \x1b[01;36m\x1b[K^~~~~~~\x1b[m\x1b[K\n'}
[31.231251] (livox_sdk2) StderrLine: {'line': b'\x1b[01m\x1b[K/home/cat/TurboSLAM/3rdparty/Livox-SDK2/sdk_core/../3rdparty/rapidjson/rapidjson.h:543:34:\x1b[m\x1b[K \x1b[01;36m\x1b[Knote: \x1b[m\x1b[Kin expansion of macro \xe2\x80\x98\x1b[01m\x1b[KRAPIDJSON_PRAGMA\x1b[m\x1b[K\xe2\x80\x99\n'}
[31.231404] (livox_sdk2) StderrLine: {'line': b'  543 | #define RAPIDJSON_DIAG_PRAGMA(x) \x1b[01;36m\x1b[KRAPIDJSON_PRAGMA\x1b[m\x1b[K(GCC diagnostic x)\n'}
[31.231549] (livox_sdk2) StderrLine: {'line': b'      |                                  \x1b[01;36m\x1b[K^~~~~~~~~~~~~~~~\x1b[m\x1b[K\n'}
[31.231703] (livox_sdk2) StderrLine: {'line': b'\x1b[01m\x1b[K/home/cat/TurboSLAM/3rdparty/Livox-SDK2/sdk_core/../3rdparty/rapidjson/rapidjson.h:545:3:\x1b[m\x1b[K \x1b[01;36m\x1b[Knote: \x1b[m\x1b[Kin expansion of macro \xe2\x80\x98\x1b[01m\x1b[KRAPIDJSON_DIAG_PRAGMA\x1b[m\x1b[K\xe2\x80\x99\n'}
[31.231863] (livox_sdk2) StderrLine: {'line': b'  545 |   \x1b[01;36m\x1b[KRAPIDJSON_DIAG_PRAGMA\x1b[m\x1b[K(ignored RAPIDJSON_STRINGIFY(RAPIDJSON_JOIN(-W, x)))\n'}
[31.232009] (livox_sdk2) StderrLine: {'line': b'      |   \x1b[01;36m\x1b[K^~~~~~~~~~~~~~~~~~~~~\x1b[m\x1b[K\n'}
[31.232166] (livox_sdk2) StderrLine: {'line': b'\x1b[01m\x1b[K/home/cat/TurboSLAM/3rdparty/Livox-SDK2/sdk_core/../3rdparty/rapidjson/internal/dtoa.h:36:1:\x1b[m\x1b[K \x1b[01;36m\x1b[Knote: \x1b[m\x1b[Kin expansion of macro \xe2\x80\x98\x1b[01m\x1b[KRAPIDJSON_DIAG_OFF\x1b[m\x1b[K\xe2\x80\x99\n'}
[31.232314] (livox_sdk2) StderrLine: {'line': b'   36 | \x1b[01;36m\x1b[KRAPIDJSON_DIAG_OFF\x1b[m\x1b[K(array - bounds)  // some gcc versions generate wrong warnings\n'}
[31.232491] (livox_sdk2) StderrLine: {'line': b'      | \x1b[01;36m\x1b[K^~~~~~~~~~~~~~~~~~\x1b[m\x1b[K\n'}
[31.261689] (-) TimerEvent: {}
[31.362391] (-) TimerEvent: {}
[31.463107] (-) TimerEvent: {}
[31.563842] (-) TimerEvent: {}
[31.664543] (-) TimerEvent: {}
[31.765282] (-) TimerEvent: {}
[31.866000] (-) TimerEvent: {}
[31.965027] (livox_sdk2) StderrLine: {'line': b'In file included from \x1b[01m\x1b[K/home/cat/TurboSLAM/3rdparty/Livox-SDK2/sdk_core/../3rdparty/rapidjson/stream.h:19\x1b[m\x1b[K,\n'}
[31.965290] (livox_sdk2) StderrLine: {'line': b'                 from \x1b[01m\x1b[K/home/cat/TurboSLAM/3rdparty/Livox-SDK2/sdk_core/../3rdparty/rapidjson/memorystream.h:22\x1b[m\x1b[K,\n'}
[31.965401] (livox_sdk2) StderrLine: {'line': b'                 from \x1b[01m\x1b[K/home/cat/TurboSLAM/3rdparty/Livox-SDK2/sdk_core/../3rdparty/rapidjson/encodedstream.h:22\x1b[m\x1b[K,\n'}
[31.965481] (livox_sdk2) StderrLine: {'line': b'                 from \x1b[01m\x1b[K/home/cat/TurboSLAM/3rdparty/Livox-SDK2/sdk_core/../3rdparty/rapidjson/document.h:26\x1b[m\x1b[K,\n'}
[31.965555] (livox_sdk2) StderrLine: {'line': b'                 from \x1b[01m\x1b[K/home/cat/TurboSLAM/3rdparty/Livox-SDK2/sdk_core/command_handler/parse_lidar_state_info.h:38\x1b[m\x1b[K,\n'}
[31.965628] (livox_sdk2) StderrLine: {'line': b'                 from \x1b[01m\x1b[K/home/cat/TurboSLAM/3rdparty/Livox-SDK2/sdk_core/command_handler/mid360s_command_handler.cpp:37\x1b[m\x1b[K:\n'}
[31.965700] (livox_sdk2) StderrLine: {'line': b'\x1b[01m\x1b[K/home/cat/TurboSLAM/3rdparty/Livox-SDK2/sdk_core/../3rdparty/rapidjson/rapidjson.h:542:29:\x1b[m\x1b[K \x1b[01;35m\x1b[Kwarning: \x1b[m\x1b[Kunknown option after \xe2\x80\x98\x1b[01m\x1b[K#pragma GCC diagnostic\x1b[m\x1b[K\xe2\x80\x99 kind [\x1b[01;35m\x1b[K-Wpragmas\x1b[m\x1b[K]\n'}
[31.965775] (livox_sdk2) StderrLine: {'line': b'  542 | #define RAPIDJSON_PRAGMA(x) \x1b[01;35m\x1b[K_Pragma\x1b[m\x1b[K(RAPIDJSON_STRINGIFY(x))\n'}
[31.965845] (livox_sdk2) StderrLine: {'line': b'      |                             \x1b[01;35m\x1b[K^~~~~~~\x1b[m\x1b[K\n'}
[31.965915] (livox_sdk2) StderrLine: {'line': b'\x1b[01m\x1b[K/home/cat/TurboSLAM/3rdparty/Livox-SDK2/sdk_core/../3rdparty/rapidjson/rapidjson.h:543:34:\x1b[m\x1b[K \x1b[01;36m\x1b[Knote: \x1b[m\x1b[Kin expansion of macro \xe2\x80\x98\x1b[01m\x1b[KRAPIDJSON_PRAGMA\x1b[m\x1b[K\xe2\x80\x99\n'}
[31.965984] (-) TimerEvent: {}
[31.966415] (livox_sdk2) StderrLine: {'line': b'  543 | #define RAPIDJSON_DIAG_PRAGMA(x) \x1b[01;36m\x1b[KRAPIDJSON_PRAGMA\x1b[m\x1b[K(GCC diagnostic x)\n'}
[31.966562] (livox_sdk2) StderrLine: {'line': b'      |                                  \x1b[01;36m\x1b[K^~~~~~~~~~~~~~~~\x1b[m\x1b[K\n'}
[31.966639] (livox_sdk2) StderrLine: {'line': b'\x1b[01m\x1b[K/home/cat/TurboSLAM/3rdparty/Livox-SDK2/sdk_core/../3rdparty/rapidjson/rapidjson.h:545:3:\x1b[m\x1b[K \x1b[01;36m\x1b[Knote: \x1b[m\x1b[Kin expansion of macro \xe2\x80\x98\x1b[01m\x1b[KRAPIDJSON_DIAG_PRAGMA\x1b[m\x1b[K\xe2\x80\x99\n'}
[31.966736] (livox_sdk2) StderrLine: {'line': b'  545 |   \x1b[01;36m\x1b[KRAPIDJSON_DIAG_PRAGMA\x1b[m\x1b[K(ignored RAPIDJSON_STRINGIFY(RAPIDJSON_JOIN(-W, x)))\n'}
[31.966810] (livox_sdk2) StderrLine: {'line': b'      |   \x1b[01;36m\x1b[K^~~~~~~~~~~~~~~~~~~~~\x1b[m\x1b[K\n'}
[31.966907] (livox_sdk2) StderrLine: {'line': b'\x1b[01m\x1b[K/home/cat/TurboSLAM/3rdparty/Livox-SDK2/sdk_core/../3rdparty/rapidjson/internal/dtoa.h:36:1:\x1b[m\x1b[K \x1b[01;36m\x1b[Knote: \x1b[m\x1b[Kin expansion of macro \xe2\x80\x98\x1b[01m\x1b[KRAPIDJSON_DIAG_OFF\x1b[m\x1b[K\xe2\x80\x99\n'}
[31.967003] (livox_sdk2) StderrLine: {'line': b'   36 | \x1b[01;36m\x1b[KRAPIDJSON_DIAG_OFF\x1b[m\x1b[K(array - bounds)  // some gcc versions generate wrong warnings\n'}
[31.967078] (livox_sdk2) StderrLine: {'line': b'      | \x1b[01;36m\x1b[K^~~~~~~~~~~~~~~~~~\x1b[m\x1b[K\n'}
[31.983240] (livox_sdk2) StderrLine: {'line': b'\x1b[01m\x1b[K/home/cat/TurboSLAM/3rdparty/Livox-SDK2/sdk_core/../3rdparty/rapidjson/rapidjson.h:542:29:\x1b[m\x1b[K \x1b[01;36m\x1b[Knote: \x1b[m\x1b[Kdid you mean \xe2\x80\x98\x1b[01m\x1b[K-Warray-bounds\x1b[m\x1b[K\xe2\x80\x99?\n'}
[31.983528] (livox_sdk2) StderrLine: {'line': b'  542 | #define RAPIDJSON_PRAGMA(x) \x1b[01;36m\x1b[K_Pragma\x1b[m\x1b[K(RAPIDJSON_STRINGIFY(x))\n'}
[31.983697] (livox_sdk2) StderrLine: {'line': b'      |                             \x1b[01;36m\x1b[K^~~~~~~\x1b[m\x1b[K\n'}
[31.983778] (livox_sdk2) StderrLine: {'line': b'\x1b[01m\x1b[K/home/cat/TurboSLAM/3rdparty/Livox-SDK2/sdk_core/../3rdparty/rapidjson/rapidjson.h:543:34:\x1b[m\x1b[K \x1b[01;36m\x1b[Knote: \x1b[m\x1b[Kin expansion of macro \xe2\x80\x98\x1b[01m\x1b[KRAPIDJSON_PRAGMA\x1b[m\x1b[K\xe2\x80\x99\n'}
[31.983855] (livox_sdk2) StderrLine: {'line': b'  543 | #define RAPIDJSON_DIAG_PRAGMA(x) \x1b[01;36m\x1b[KRAPIDJSON_PRAGMA\x1b[m\x1b[K(GCC diagnostic x)\n'}
[31.983928] (livox_sdk2) StderrLine: {'line': b'      |                                  \x1b[01;36m\x1b[K^~~~~~~~~~~~~~~~\x1b[m\x1b[K\n'}
[31.983998] (livox_sdk2) StderrLine: {'line': b'\x1b[01m\x1b[K/home/cat/TurboSLAM/3rdparty/Livox-SDK2/sdk_core/../3rdparty/rapidjson/rapidjson.h:545:3:\x1b[m\x1b[K \x1b[01;36m\x1b[Knote: \x1b[m\x1b[Kin expansion of macro \xe2\x80\x98\x1b[01m\x1b[KRAPIDJSON_DIAG_PRAGMA\x1b[m\x1b[K\xe2\x80\x99\n'}
[31.984071] (livox_sdk2) StderrLine: {'line': b'  545 |   \x1b[01;36m\x1b[KRAPIDJSON_DIAG_PRAGMA\x1b[m\x1b[K(ignored RAPIDJSON_STRINGIFY(RAPIDJSON_JOIN(-W, x)))\n'}
[31.984142] (livox_sdk2) StderrLine: {'line': b'      |   \x1b[01;36m\x1b[K^~~~~~~~~~~~~~~~~~~~~\x1b[m\x1b[K\n'}
[31.984211] (livox_sdk2) StderrLine: {'line': b'\x1b[01m\x1b[K/home/cat/TurboSLAM/3rdparty/Livox-SDK2/sdk_core/../3rdparty/rapidjson/internal/dtoa.h:36:1:\x1b[m\x1b[K \x1b[01;36m\x1b[Knote: \x1b[m\x1b[Kin expansion of macro \xe2\x80\x98\x1b[01m\x1b[KRAPIDJSON_DIAG_OFF\x1b[m\x1b[K\xe2\x80\x99\n'}
[31.984283] (livox_sdk2) StderrLine: {'line': b'   36 | \x1b[01;36m\x1b[KRAPIDJSON_DIAG_OFF\x1b[m\x1b[K(array - bounds)  // some gcc versions generate wrong warnings\n'}
[31.984354] (livox_sdk2) StderrLine: {'line': b'      | \x1b[01;36m\x1b[K^~~~~~~~~~~~~~~~~~\x1b[m\x1b[K\n'}
[32.066169] (-) TimerEvent: {}
[32.166806] (-) TimerEvent: {}
[32.267531] (-) TimerEvent: {}
[32.368215] (-) TimerEvent: {}
[32.468928] (-) TimerEvent: {}
[32.569646] (-) TimerEvent: {}
[32.670440] (-) TimerEvent: {}
[32.681845] (pangolin) StdoutLine: {'line': b'[  8%] \x1b[32mBuilding CXX object CMakeFiles/pango_image.dir/components/pango_image/src/image_io_raw.cpp.o\x1b[0m\n'}
[32.770576] (-) TimerEvent: {}
[32.871288] (-) TimerEvent: {}
[32.972020] (-) TimerEvent: {}
[33.072734] (-) TimerEvent: {}
[33.173435] (-) TimerEvent: {}
[33.274187] (-) TimerEvent: {}
[33.355112] (livox_ros_driver2) StdoutLine: {'line': b'[ 13%] \x1b[32m\x1b[1mLinking CXX executable livox_ros_driver2_node\x1b[0m\n'}
[33.374329] (-) TimerEvent: {}
[33.475092] (-) TimerEvent: {}
[33.575849] (-) TimerEvent: {}
[33.676556] (-) TimerEvent: {}
[33.777011] (-) TimerEvent: {}
[33.877504] (-) TimerEvent: {}
[33.978027] (-) TimerEvent: {}
[34.044141] (livox_ros_driver2) StdoutLine: {'line': b'[ 13%] Built target livox_ros_driver2_node\n'}
[34.078166] (-) TimerEvent: {}
[34.172116] (livox_ros_driver2) StdoutLine: {'line': b'[ 15%] \x1b[32mBuilding CXX object CMakeFiles/livox_ros_driver2.dir/src/livox_ros_driver2.cpp.o\x1b[0m\n'}
[34.178316] (-) TimerEvent: {}
[34.279099] (-) TimerEvent: {}
[34.379849] (-) TimerEvent: {}
[34.480796] (-) TimerEvent: {}
[34.582575] (-) TimerEvent: {}
[34.684253] (-) TimerEvent: {}
[34.785964] (-) TimerEvent: {}
[34.887755] (-) TimerEvent: {}
[34.989446] (-) TimerEvent: {}
[35.091123] (-) TimerEvent: {}
[35.192763] (-) TimerEvent: {}
[35.294369] (-) TimerEvent: {}
[35.303160] (pangolin) StdoutLine: {'line': b'[  8%] \x1b[32mBuilding CXX object CMakeFiles/pango_image.dir/components/pango_image/src/image_io_tga.cpp.o\x1b[0m\n'}
[35.394601] (-) TimerEvent: {}
[35.496409] (-) TimerEvent: {}
[35.597324] (-) TimerEvent: {}
[35.698270] (-) TimerEvent: {}
[35.799268] (-) TimerEvent: {}
[35.900191] (-) TimerEvent: {}
[35.993892] (pangolin) StdoutLine: {'line': b'[  8%] \x1b[32m\x1b[1mLinking CXX shared library libpango_vars.so\x1b[0m\n'}
[36.000498] (-) TimerEvent: {}
[36.101410] (-) TimerEvent: {}
[36.202396] (-) TimerEvent: {}
[36.303379] (-) TimerEvent: {}
[36.323601] (pangolin) StdoutLine: {'line': b'[  8%] Built target pango_vars\n'}
[36.403722] (-) TimerEvent: {}
[36.504542] (-) TimerEvent: {}
[36.605415] (-) TimerEvent: {}
[36.706447] (-) TimerEvent: {}
[36.807330] (-) TimerEvent: {}
[36.908182] (-) TimerEvent: {}
[37.009056] (-) TimerEvent: {}
[37.109925] (-) TimerEvent: {}
[37.210799] (-) TimerEvent: {}
[37.284293] (pangolin) StdoutLine: {'line': b'[  8%] \x1b[32mBuilding CXX object CMakeFiles/pango_image.dir/components/pango_image/src/image_io_zstd.cpp.o\x1b[0m\n'}
[37.311033] (-) TimerEvent: {}
[37.386401] (livox_sdk2) StdoutLine: {'line': b'[ 61%] \x1b[32mBuilding CXX object sdk_core/CMakeFiles/livox_lidar_sdk_shared.dir/base/multiple_io/multiple_io_poll.cpp.o\x1b[0m\n'}
[37.411244] (-) TimerEvent: {}
[37.512148] (-) TimerEvent: {}
[37.533233] (livox_sdk2) StdoutLine: {'line': b'[ 62%] \x1b[32mBuilding CXX object sdk_core/CMakeFiles/livox_lidar_sdk_static.dir/debug_point_cloud_handler/debug_point_cloud_handler.cpp.o\x1b[0m\n'}
[37.612443] (-) TimerEvent: {}
[37.713429] (-) TimerEvent: {}
[37.814357] (-) TimerEvent: {}
[37.889448] (livox_sdk2) StdoutLine: {'line': b'[ 63%] \x1b[32mBuilding CXX object sdk_core/CMakeFiles/livox_lidar_sdk_shared.dir/base/multiple_io/multiple_io_kqueue.cpp.o\x1b[0m\n'}
[37.914555] (-) TimerEvent: {}
[38.015563] (-) TimerEvent: {}
[38.116603] (-) TimerEvent: {}
[38.217639] (-) TimerEvent: {}
[38.318640] (-) TimerEvent: {}
[38.379612] (livox_sdk2) StdoutLine: {'line': b'[ 65%] \x1b[32mBuilding CXX object sdk_core/CMakeFiles/livox_lidar_sdk_shared.dir/base/wake_up/unix/wake_up_pipe.cpp.o\x1b[0m\n'}
[38.418956] (-) TimerEvent: {}
[38.473454] (livox_sdk2) StdoutLine: {'line': b'[ 66%] \x1b[32mBuilding CXX object sdk_core/CMakeFiles/livox_lidar_sdk_shared.dir/comm/comm_port.cpp.o\x1b[0m\n'}
[38.519271] (-) TimerEvent: {}
[38.620250] (-) TimerEvent: {}
[38.721229] (-) TimerEvent: {}
[38.822224] (-) TimerEvent: {}
[38.862920] (livox_sdk2) StdoutLine: {'line': b'[ 68%] \x1b[32mBuilding CXX object sdk_core/CMakeFiles/livox_lidar_sdk_shared.dir/comm/sdk_protocol.cpp.o\x1b[0m\n'}
[38.922491] (-) TimerEvent: {}
[38.963138] (livox_sdk2) StdoutLine: {'line': b'[ 69%] \x1b[32mBuilding CXX object sdk_core/CMakeFiles/livox_lidar_sdk_shared.dir/comm/generate_seq.cpp.o\x1b[0m\n'}
[39.022808] (-) TimerEvent: {}
[39.123801] (-) TimerEvent: {}
[39.224807] (-) TimerEvent: {}
[39.237847] (livox_sdk2) StdoutLine: {'line': b'[ 70%] \x1b[32mBuilding CXX object sdk_core/CMakeFiles/livox_lidar_sdk_shared.dir/upgrade/firmware.cpp.o\x1b[0m\n'}
[39.319349] (pangolin) StdoutLine: {'line': b'[  9%] \x1b[32mBuilding CXX object CMakeFiles/pango_image.dir/components/pango_image/src/image_io_libraw.cpp.o\x1b[0m\n'}
[39.325027] (-) TimerEvent: {}
[39.425992] (-) TimerEvent: {}
[39.527056] (-) TimerEvent: {}
[39.627925] (-) TimerEvent: {}
[39.667047] (livox_sdk2) StdoutLine: {'line': b'[ 72%] \x1b[32mBuilding CXX object sdk_core/CMakeFiles/livox_lidar_sdk_shared.dir/upgrade/livox_lidar_upgrader.cpp.o\x1b[0m\n'}
[39.728141] (-) TimerEvent: {}
[39.829097] (-) TimerEvent: {}
[39.930118] (-) TimerEvent: {}
[40.031097] (-) TimerEvent: {}
[40.132115] (-) TimerEvent: {}
[40.233130] (-) TimerEvent: {}
[40.334165] (-) TimerEvent: {}
[40.435066] (-) TimerEvent: {}
[40.536184] (-) TimerEvent: {}
[40.637221] (-) TimerEvent: {}
[40.738114] (-) TimerEvent: {}
[40.806320] (livox_sdk2) StdoutLine: {'line': b'[ 73%] \x1b[32mBuilding CXX object sdk_core/CMakeFiles/livox_lidar_sdk_shared.dir/logger_handler/logger_manager.cpp.o\x1b[0m\n'}
[40.838318] (-) TimerEvent: {}
[40.939203] (-) TimerEvent: {}
[41.040352] (-) TimerEvent: {}
[41.130273] (pangolin) StdoutLine: {'line': b'[  9%] \x1b[32mBuilding CXX object CMakeFiles/pango_image.dir/components/pango_image/src/image_io_tiff.cpp.o\x1b[0m\n'}
[41.140577] (-) TimerEvent: {}
[41.241441] (-) TimerEvent: {}
[41.342404] (-) TimerEvent: {}
[41.443363] (-) TimerEvent: {}
[41.544283] (-) TimerEvent: {}
[41.645366] (-) TimerEvent: {}
[41.675959] (livox_sdk2) StdoutLine: {'line': b'[ 75%] \x1b[32mBuilding CXX object sdk_core/CMakeFiles/livox_lidar_sdk_static.dir/debug_point_cloud_handler/debug_point_cloud_manager.cpp.o\x1b[0m\n'}
[41.745634] (-) TimerEvent: {}
[41.846583] (-) TimerEvent: {}
[41.947534] (-) TimerEvent: {}
[42.048427] (-) TimerEvent: {}
[42.149417] (-) TimerEvent: {}
[42.250485] (-) TimerEvent: {}
[42.351388] (-) TimerEvent: {}
[42.452408] (-) TimerEvent: {}
[42.553435] (-) TimerEvent: {}
[42.654443] (-) TimerEvent: {}
[42.755480] (-) TimerEvent: {}
[42.856470] (-) TimerEvent: {}
[42.957447] (-) TimerEvent: {}
[43.026132] (pangolin) StdoutLine: {'line': b'[ 10%] \x1b[32mBuilding CXX object CMakeFiles/pango_image.dir/components/pango_image/src/image_io_bmp.cpp.o\x1b[0m\n'}
[43.057701] (-) TimerEvent: {}
[43.158682] (-) TimerEvent: {}
[43.230776] (livox_ros_driver2) StdoutLine: {'line': b'[ 17%] \x1b[32mBuilding CXX object CMakeFiles/livox_ros_driver2.dir/src/lds_lidar.cpp.o\x1b[0m\n'}
[43.259011] (-) TimerEvent: {}
[43.360060] (-) TimerEvent: {}
[43.461016] (-) TimerEvent: {}
[43.561904] (-) TimerEvent: {}
[43.662892] (-) TimerEvent: {}
[43.695962] (livox_sdk2) StdoutLine: {'line': b'[ 76%] \x1b[32mBuilding CXX object sdk_core/CMakeFiles/livox_lidar_sdk_shared.dir/logger_handler/file_manager.cpp.o\x1b[0m\n'}
[43.763216] (-) TimerEvent: {}
[43.864423] (-) TimerEvent: {}
[43.965455] (-) TimerEvent: {}
[44.066543] (-) TimerEvent: {}
[44.167545] (-) TimerEvent: {}
[44.268481] (-) TimerEvent: {}
[44.369471] (-) TimerEvent: {}
[44.470479] (-) TimerEvent: {}
[44.571437] (-) TimerEvent: {}
[44.672510] (-) TimerEvent: {}
[44.773573] (-) TimerEvent: {}
[44.874614] (-) TimerEvent: {}
[44.919151] (pangolin) StdoutLine: {'line': b'[ 11%] \x1b[32mBuilding CXX object CMakeFiles/pango_image.dir/components/pango_image/src/image_io_png.cpp.o\x1b[0m\n'}
[44.920054] (pangolin) StdoutLine: {'line': b'[ 11%] \x1b[32mBuilding CXX object CMakeFiles/pango_image.dir/components/pango_image/src/image_io_ppm.cpp.o\x1b[0m\n'}
[44.974827] (-) TimerEvent: {}
[45.076580] (-) TimerEvent: {}
[45.178531] (-) TimerEvent: {}
[45.269646] (livox_ros_driver2) StdoutLine: {'line': b'[ 18%] \x1b[32mBuilding CXX object CMakeFiles/livox_ros_driver2.dir/src/lds.cpp.o\x1b[0m\n'}
[45.278790] (-) TimerEvent: {}
[45.380323] (-) TimerEvent: {}
[45.481694] (-) TimerEvent: {}
[45.583165] (-) TimerEvent: {}
[45.624768] (livox_sdk2) StdoutLine: {'line': b'[ 77%] \x1b[32mBuilding CXX object sdk_core/CMakeFiles/livox_lidar_sdk_shared.dir/logger_handler/logger_handler.cpp.o\x1b[0m\n'}
[45.683437] (-) TimerEvent: {}
[45.749098] (livox_ros_driver2) StdoutLine: {'line': b'[ 20%] \x1b[32mBuilding CXX object CMakeFiles/livox_ros_driver2.dir/src/driver_node.cpp.o\x1b[0m\n'}
[45.783567] (-) TimerEvent: {}
[45.800730] (livox_sdk2) StdoutLine: {'line': b'[ 79%] \x1b[32m\x1b[1mLinking CXX static library liblivox_lidar_sdk_static.a\x1b[0m\n'}
[45.846538] (livox_ros_driver2) StdoutLine: {'line': b'[ 22%] \x1b[32mBuilding CXX object CMakeFiles/livox_ros_driver2.dir/src/comm/comm.cpp.o\x1b[0m\n'}
[45.883658] (-) TimerEvent: {}
[45.984331] (-) TimerEvent: {}
[46.085024] (-) TimerEvent: {}
[46.185867] (-) TimerEvent: {}
[46.286637] (-) TimerEvent: {}
[46.387372] (-) TimerEvent: {}
[46.488119] (-) TimerEvent: {}
[46.588825] (-) TimerEvent: {}
[46.689736] (-) TimerEvent: {}
[46.744401] (livox_ros_driver2) StdoutLine: {'line': b'[ 24%] \x1b[32mBuilding CXX object CMakeFiles/livox_ros_driver2.dir/src/comm/ldq.cpp.o\x1b[0m\n'}
[46.764174] (livox_ros_driver2) StdoutLine: {'line': b'[ 25%] \x1b[32mBuilding CXX object CMakeFiles/livox_ros_driver2.dir/src/comm/semaphore.cpp.o\x1b[0m\n'}
[46.789852] (-) TimerEvent: {}
[46.890626] (-) TimerEvent: {}
[46.952752] (livox_sdk2) StdoutLine: {'line': b'[ 79%] Built target livox_lidar_sdk_static\n'}
[46.990930] (-) TimerEvent: {}
[47.092548] (-) TimerEvent: {}
[47.194276] (-) TimerEvent: {}
[47.295904] (-) TimerEvent: {}
[47.379454] (pangolin) StdoutLine: {'line': b'[ 12%] \x1b[32mBuilding CXX object CMakeFiles/pango_image.dir/components/pango_image/src/image_io_pango.cpp.o\x1b[0m\n'}
[47.396129] (-) TimerEvent: {}
[47.497780] (-) TimerEvent: {}
[47.599520] (-) TimerEvent: {}
[47.671304] (livox_ros_driver2) StdoutLine: {'line': b'[ 27%] \x1b[32mBuilding CXX object CMakeFiles/livox_ros_driver2.dir/src/comm/lidar_imu_data_queue.cpp.o\x1b[0m\n'}
[47.699913] (-) TimerEvent: {}
[47.799261] (livox_ros_driver2) StdoutLine: {'line': b'[ 29%] \x1b[32mBuilding CXX object CMakeFiles/livox_ros_driver2.dir/src/comm/cache_index.cpp.o\x1b[0m\n'}
[47.799943] (-) TimerEvent: {}
[47.901391] (-) TimerEvent: {}
[47.988521] (livox_sdk2) StdoutLine: {'line': b'[ 80%] \x1b[32mBuilding CXX object sdk_core/CMakeFiles/livox_lidar_sdk_shared.dir/command_handler/command_impl.cpp.o\x1b[0m\n'}
[48.001495] (-) TimerEvent: {}
[48.102236] (-) TimerEvent: {}
[48.183878] (livox_ros_driver2) StdoutLine: {'line': b'[ 31%] \x1b[32mBuilding CXX object CMakeFiles/livox_ros_driver2.dir/src/comm/pub_handler.cpp.o\x1b[0m\n'}
[48.202367] (-) TimerEvent: {}
[48.303036] (-) TimerEvent: {}
[48.403727] (-) TimerEvent: {}
[48.504398] (-) TimerEvent: {}
[48.605119] (-) TimerEvent: {}
[48.705861] (-) TimerEvent: {}
[48.806556] (-) TimerEvent: {}
[48.907243] (-) TimerEvent: {}
[49.007937] (-) TimerEvent: {}
[49.108664] (-) TimerEvent: {}
[49.209401] (-) TimerEvent: {}
[49.309072] (pangolin) StdoutLine: {'line': b'[ 13%] \x1b[32mBuilding CXX object CMakeFiles/pango_image.dir/components/pango_image/src/image_io_exr.cpp.o\x1b[0m\n'}
[49.309469] (-) TimerEvent: {}
[49.410071] (-) TimerEvent: {}
[49.510820] (-) TimerEvent: {}
[49.611524] (-) TimerEvent: {}
[49.712306] (-) TimerEvent: {}
[49.813112] (-) TimerEvent: {}
[49.913887] (-) TimerEvent: {}
[50.014629] (-) TimerEvent: {}
[50.027731] (livox_sdk2) StdoutLine: {'line': b'[ 81%] \x1b[32mBuilding CXX object sdk_core/CMakeFiles/livox_lidar_sdk_shared.dir/data_handler/data_handler.cpp.o\x1b[0m\n'}
[50.114781] (-) TimerEvent: {}
[50.215477] (-) TimerEvent: {}
[50.316218] (-) TimerEvent: {}
[50.416943] (-) TimerEvent: {}
[50.517642] (-) TimerEvent: {}
[50.618372] (-) TimerEvent: {}
[50.719200] (-) TimerEvent: {}
[50.819989] (-) TimerEvent: {}
[50.920738] (-) TimerEvent: {}
[51.021519] (-) TimerEvent: {}
[51.044481] (pangolin) StderrLine: {'line': b'In file included from \x1b[01m\x1b[K/usr/include/OpenEXR/ImathVec.h:47\x1b[m\x1b[K,\n'}
[51.044841] (pangolin) StderrLine: {'line': b'                 from \x1b[01m\x1b[K/usr/include/OpenEXR/ImathBox.h:65\x1b[m\x1b[K,\n'}
[51.044960] (pangolin) StderrLine: {'line': b'                 from \x1b[01m\x1b[K/usr/include/OpenEXR/ImfFrameBuffer.h:51\x1b[m\x1b[K,\n'}
[51.045043] (pangolin) StderrLine: {'line': b'                 from \x1b[01m\x1b[K/home/cat/TurboSLAM/3rdparty/Pangolin-0.9.5/components/pango_image/src/image_io_exr.cpp:9\x1b[m\x1b[K:\n'}
[51.045119] (pangolin) StderrLine: {'line': b'\x1b[01m\x1b[K/usr/include/OpenEXR/ImathLimits.h:\x1b[m\x1b[K In static member function \xe2\x80\x98\x1b[01m\x1b[Kstatic bool Imath_2_5::limits<char>::isSigned()\x1b[m\x1b[K\xe2\x80\x99:\n'}
[51.045193] (pangolin) StderrLine: {'line': b'\x1b[01m\x1b[K/usr/include/OpenEXR/ImathLimits.h:141:67:\x1b[m\x1b[K \x1b[01;35m\x1b[Kwarning: \x1b[m\x1b[Kcomparison is always false due to limited range of data type [\x1b[01;35m\x1b[K-Wtype-limits\x1b[m\x1b[K]\n'}
[51.045267] (pangolin) StderrLine: {'line': b'  141 |     static bool                 isSigned()      {return \x1b[01;35m\x1b[K(char) ~0 < 0\x1b[m\x1b[K;}\n'}
[51.045338] (pangolin) StderrLine: {'line': b'      |                                                         \x1b[01;35m\x1b[K~~~~~~~~~~^~~\x1b[m\x1b[K\n'}
[51.103931] (livox_ros_driver2) StdoutLine: {'line': b'[ 32%] \x1b[32mBuilding CXX object CMakeFiles/livox_ros_driver2.dir/src/parse_cfg_file/parse_cfg_file.cpp.o\x1b[0m\n'}
[51.104589] (livox_ros_driver2) StdoutLine: {'line': b'[ 34%] \x1b[32mBuilding CXX object CMakeFiles/livox_ros_driver2.dir/src/parse_cfg_file/parse_livox_lidar_cfg.cpp.o\x1b[0m\n'}
[51.121656] (-) TimerEvent: {}
[51.222389] (-) TimerEvent: {}
[51.323158] (-) TimerEvent: {}
[51.423846] (-) TimerEvent: {}
[51.524554] (-) TimerEvent: {}
[51.622266] (livox_sdk2) StdoutLine: {'line': b'[ 83%] \x1b[32mBuilding CXX object sdk_core/CMakeFiles/livox_lidar_sdk_shared.dir/base/multiple_io/multiple_io_select.cpp.o\x1b[0m\n'}
[51.624677] (-) TimerEvent: {}
[51.725383] (-) TimerEvent: {}
[51.825822] (-) TimerEvent: {}
[51.826349] (pangolin) StderrLine: {'line': b'At global scope:\n'}
[51.826573] (pangolin) StderrLine: {'line': b'\x1b[01m\x1b[Kcc1plus:\x1b[m\x1b[K \x1b[01;36m\x1b[Knote: \x1b[m\x1b[Kunrecognized command-line option \xe2\x80\x98\x1b[01m\x1b[K-Wno-deprecated-register\x1b[m\x1b[K\xe2\x80\x99 may have been intended to silence earlier diagnostics\n'}
[51.826667] (pangolin) StderrLine: {'line': b'\x1b[01m\x1b[Kcc1plus:\x1b[m\x1b[K \x1b[01;36m\x1b[Knote: \x1b[m\x1b[Kunrecognized command-line option \xe2\x80\x98\x1b[01m\x1b[K-Wno-null-pointer-subtraction\x1b[m\x1b[K\xe2\x80\x99 may have been intended to silence earlier diagnostics\n'}
[51.826745] (pangolin) StderrLine: {'line': b'\x1b[01m\x1b[Kcc1plus:\x1b[m\x1b[K \x1b[01;36m\x1b[Knote: \x1b[m\x1b[Kunrecognized command-line option \xe2\x80\x98\x1b[01m\x1b[K-Wno-null-pointer-arithmetic\x1b[m\x1b[K\xe2\x80\x99 may have been intended to silence earlier diagnostics\n'}
[51.925983] (-) TimerEvent: {}
[52.026722] (-) TimerEvent: {}
[52.099240] (pangolin) StdoutLine: {'line': b'[ 14%] \x1b[32m\x1b[1mLinking CXX shared library libpango_image.so\x1b[0m\n'}
[52.114746] (livox_sdk2) StdoutLine: {'line': b'[ 84%] \x1b[32mBuilding CXX object sdk_core/CMakeFiles/livox_lidar_sdk_shared.dir/command_handler/general_command_handler.cpp.o\x1b[0m\n'}
[52.126893] (-) TimerEvent: {}
[52.131005] (livox_ros_driver2) StdoutLine: {'line': b'[ 36%] \x1b[32mBuilding CXX object CMakeFiles/livox_ros_driver2.dir/src/call_back/lidar_common_callback.cpp.o\x1b[0m\n'}
[52.227019] (-) TimerEvent: {}
[52.327716] (-) TimerEvent: {}
[52.428176] (-) TimerEvent: {}
[52.527695] (pangolin) StdoutLine: {'line': b'[ 14%] Built target pango_image\n'}
[52.528253] (-) TimerEvent: {}
[52.608747] (pangolin) StdoutLine: {'line': b'[ 15%] \x1b[34m\x1b[1mEmbedding /home/cat/TurboSLAM/3rdparty/Pangolin-0.9.5/components/pango_opengl/shaders/colormaps.glsl.h;/home/cat/TurboSLAM/3rdparty/Pangolin-0.9.5/components/pango_opengl/shaders/font.glsl.h;/home/cat/TurboSLAM/3rdparty/Pangolin-0.9.5/components/pango_opengl/shaders/main_experiments.glsl;/home/cat/TurboSLAM/3rdparty/Pangolin-0.9.5/components/pango_opengl/shaders/main_text.glsl;/home/cat/TurboSLAM/3rdparty/Pangolin-0.9.5/components/pango_opengl/shaders/main_widgets.glsl;/home/cat/TurboSLAM/3rdparty/Pangolin-0.9.5/components/pango_opengl/shaders/matcap.glsl.h;/home/cat/TurboSLAM/3rdparty/Pangolin-0.9.5/components/pango_opengl/shaders/noise.glsl.h;/home/cat/TurboSLAM/3rdparty/Pangolin-0.9.5/components/pango_opengl/shaders/sdf.glsl.h;/home/cat/TurboSLAM/3rdparty/Pangolin-0.9.5/components/pango_opengl/shaders/utils.glsl.h into shaders.cpp\x1b[0m\n'}
[52.627147] (pangolin) StdoutLine: {'line': b'[ 15%] \x1b[34m\x1b[1mEmbedding /home/cat/TurboSLAM/3rdparty/Pangolin-0.9.5/components/pango_opengl/src/fonts/AnonymousPro.ttf into fonts.cpp\x1b[0m\n'}
[52.628386] (-) TimerEvent: {}
[52.671547] (pangolin) StdoutLine: {'line': b'[ 15%] \x1b[32mBuilding CXX object CMakeFiles/pango_packetstream.dir/components/pango_packetstream/src/packetstream.cpp.o\x1b[0m\n'}
[52.682957] (livox_ros_driver2) StdoutLine: {'line': b'[ 37%] \x1b[32mBuilding CXX object CMakeFiles/livox_ros_driver2.dir/src/lddc.cpp.o\x1b[0m\n'}
[52.683732] (pangolin) StdoutLine: {'line': b'[ 16%] \x1b[32mBuilding CXX object CMakeFiles/pango_packetstream.dir/components/pango_packetstream/src/packet.cpp.o\x1b[0m\n'}
[52.728517] (-) TimerEvent: {}
[52.829194] (-) TimerEvent: {}
[52.929898] (-) TimerEvent: {}
[53.030626] (-) TimerEvent: {}
[53.131059] (-) TimerEvent: {}
[53.231508] (-) TimerEvent: {}
[53.317297] (pangolin) StdoutLine: {'line': b'[ 16%] \x1b[32mBuilding CXX object CMakeFiles/pango_opengl.dir/components/pango_opengl/src/glchar.cpp.o\x1b[0m\n'}
[53.331664] (-) TimerEvent: {}
[53.432141] (-) TimerEvent: {}
[53.532610] (-) TimerEvent: {}
[53.633304] (-) TimerEvent: {}
[53.734022] (-) TimerEvent: {}
[53.834712] (-) TimerEvent: {}
[53.935407] (-) TimerEvent: {}
[53.951131] (pangolin) StdoutLine: {'line': b'[ 17%] \x1b[32mBuilding CXX object CMakeFiles/pango_opengl.dir/components/pango_opengl/src/glfont.cpp.o\x1b[0m\n'}
[54.035561] (-) TimerEvent: {}
[54.136033] (-) TimerEvent: {}
[54.236521] (-) TimerEvent: {}
[54.336997] (-) TimerEvent: {}
[54.437737] (-) TimerEvent: {}
[54.538438] (-) TimerEvent: {}
[54.639162] (-) TimerEvent: {}
[54.739632] (-) TimerEvent: {}
[54.840369] (-) TimerEvent: {}
[54.941088] (-) TimerEvent: {}
[55.041860] (-) TimerEvent: {}
[55.142321] (-) TimerEvent: {}
[55.242817] (-) TimerEvent: {}
[55.343346] (-) TimerEvent: {}
[55.443832] (-) TimerEvent: {}
[55.544312] (-) TimerEvent: {}
[55.644798] (-) TimerEvent: {}
[55.745287] (-) TimerEvent: {}
[55.845715] (-) TimerEvent: {}
[55.946159] (-) TimerEvent: {}
[55.966868] (pangolin) StdoutLine: {'line': b'[ 18%] \x1b[32mBuilding CXX object CMakeFiles/pango_packetstream.dir/components/pango_packetstream/src/playback_session.cpp.o\x1b[0m\n'}
[56.046306] (-) TimerEvent: {}
[56.146745] (-) TimerEvent: {}
[56.247215] (-) TimerEvent: {}
[56.347642] (-) TimerEvent: {}
[56.448120] (-) TimerEvent: {}
[56.548568] (-) TimerEvent: {}
[56.649264] (-) TimerEvent: {}
[56.750387] (-) TimerEvent: {}
[56.851307] (-) TimerEvent: {}
[56.952301] (-) TimerEvent: {}
[57.053337] (-) TimerEvent: {}
[57.154312] (-) TimerEvent: {}
[57.255199] (-) TimerEvent: {}
[57.356186] (-) TimerEvent: {}
[57.457198] (-) TimerEvent: {}
[57.558367] (-) TimerEvent: {}
[57.659296] (-) TimerEvent: {}
[57.760300] (-) TimerEvent: {}
[57.861248] (-) TimerEvent: {}
[57.962233] (-) TimerEvent: {}
[58.063215] (-) TimerEvent: {}
[58.164189] (-) TimerEvent: {}
[58.265172] (-) TimerEvent: {}
[58.366165] (-) TimerEvent: {}
[58.467120] (-) TimerEvent: {}
[58.504465] (pangolin) StdoutLine: {'line': b'[ 19%] \x1b[32mBuilding CXX object CMakeFiles/pango_packetstream.dir/components/pango_packetstream/src/packetstream_reader.cpp.o\x1b[0m\n'}
[58.520137] (pangolin) StdoutLine: {'line': b'[ 19%] \x1b[32mBuilding CXX object CMakeFiles/pango_packetstream.dir/components/pango_packetstream/src/packetstream_writer.cpp.o\x1b[0m\n'}
[58.521178] (pangolin) StdoutLine: {'line': b'[ 19%] \x1b[32mBuilding CXX object CMakeFiles/pango_opengl.dir/components/pango_opengl/src/gltexturecache.cpp.o\x1b[0m\n'}
[58.567396] (-) TimerEvent: {}
[58.668288] (-) TimerEvent: {}
[58.769307] (-) TimerEvent: {}
[58.801754] (livox_sdk2) StdoutLine: {'line': b'[ 86%] \x1b[32mBuilding CXX object sdk_core/CMakeFiles/livox_lidar_sdk_shared.dir/command_handler/parse_lidar_state_info.cpp.o\x1b[0m\n'}
[58.869647] (-) TimerEvent: {}
[58.971372] (-) TimerEvent: {}
[59.073177] (-) TimerEvent: {}
[59.174826] (-) TimerEvent: {}
[59.276600] (-) TimerEvent: {}
[59.378292] (-) TimerEvent: {}
[59.480036] (-) TimerEvent: {}
[59.557611] (pangolin) StdoutLine: {'line': b'[ 20%] \x1b[32mBuilding CXX object CMakeFiles/pango_opengl.dir/components/pango_opengl/src/glpangoglu.cpp.o\x1b[0m\n'}
[59.580342] (-) TimerEvent: {}
[59.616673] (pangolin) StdoutLine: {'line': b'[ 20%] \x1b[32mBuilding CXX object CMakeFiles/pango_opengl.dir/components/pango_opengl/src/gltext.cpp.o\x1b[0m\n'}
[59.680558] (-) TimerEvent: {}
[59.782105] (-) TimerEvent: {}
[59.857093] (livox_sdk2) StdoutLine: {'line': b'[ 87%] \x1b[32mBuilding CXX object sdk_core/CMakeFiles/livox_lidar_sdk_shared.dir/command_handler/build_request.cpp.o\x1b[0m\n'}
[59.882223] (-) TimerEvent: {}
[59.982944] (-) TimerEvent: {}
[60.083657] (-) TimerEvent: {}
[60.090774] (livox_sdk2) StderrLine: {'line': b'In file included from \x1b[01m\x1b[K/home/cat/TurboSLAM/3rdparty/Livox-SDK2/sdk_core/../3rdparty/rapidjson/stream.h:19\x1b[m\x1b[K,\n'}
[60.091042] (livox_sdk2) StderrLine: {'line': b'                 from \x1b[01m\x1b[K/home/cat/TurboSLAM/3rdparty/Livox-SDK2/sdk_core/../3rdparty/rapidjson/memorystream.h:22\x1b[m\x1b[K,\n'}
[60.091150] (livox_sdk2) StderrLine: {'line': b'                 from \x1b[01m\x1b[K/home/cat/TurboSLAM/3rdparty/Livox-SDK2/sdk_core/../3rdparty/rapidjson/encodedstream.h:22\x1b[m\x1b[K,\n'}
[60.091231] (livox_sdk2) StderrLine: {'line': b'                 from \x1b[01m\x1b[K/home/cat/TurboSLAM/3rdparty/Livox-SDK2/sdk_core/../3rdparty/rapidjson/document.h:26\x1b[m\x1b[K,\n'}
[60.091305] (livox_sdk2) StderrLine: {'line': b'                 from \x1b[01m\x1b[K/home/cat/TurboSLAM/3rdparty/Livox-SDK2/sdk_core/command_handler/parse_lidar_state_info.h:38\x1b[m\x1b[K,\n'}
[60.091379] (livox_sdk2) StderrLine: {'line': b'                 from \x1b[01m\x1b[K/home/cat/TurboSLAM/3rdparty/Livox-SDK2/sdk_core/command_handler/parse_lidar_state_info.cpp:2\x1b[m\x1b[K:\n'}
[60.091450] (livox_sdk2) StderrLine: {'line': b'\x1b[01m\x1b[K/home/cat/TurboSLAM/3rdparty/Livox-SDK2/sdk_core/../3rdparty/rapidjson/rapidjson.h:542:29:\x1b[m\x1b[K \x1b[01;35m\x1b[Kwarning: \x1b[m\x1b[Kunknown option after \xe2\x80\x98\x1b[01m\x1b[K#pragma GCC diagnostic\x1b[m\x1b[K\xe2\x80\x99 kind [\x1b[01;35m\x1b[K-Wpragmas\x1b[m\x1b[K]\n'}
[60.091524] (livox_sdk2) StderrLine: {'line': b'  542 | #define RAPIDJSON_PRAGMA(x) \x1b[01;35m\x1b[K_Pragma\x1b[m\x1b[K(RAPIDJSON_STRINGIFY(x))\n'}
[60.091594] (livox_sdk2) StderrLine: {'line': b'      |                             \x1b[01;35m\x1b[K^~~~~~~\x1b[m\x1b[K\n'}
[60.091663] (livox_sdk2) StderrLine: {'line': b'\x1b[01m\x1b[K/home/cat/TurboSLAM/3rdparty/Livox-SDK2/sdk_core/../3rdparty/rapidjson/rapidjson.h:543:34:\x1b[m\x1b[K \x1b[01;36m\x1b[Knote: \x1b[m\x1b[Kin expansion of macro \xe2\x80\x98\x1b[01m\x1b[KRAPIDJSON_PRAGMA\x1b[m\x1b[K\xe2\x80\x99\n'}
[60.091735] (livox_sdk2) StderrLine: {'line': b'  543 | #define RAPIDJSON_DIAG_PRAGMA(x) \x1b[01;36m\x1b[KRAPIDJSON_PRAGMA\x1b[m\x1b[K(GCC diagnostic x)\n'}
[60.091803] (livox_sdk2) StderrLine: {'line': b'      |                                  \x1b[01;36m\x1b[K^~~~~~~~~~~~~~~~\x1b[m\x1b[K\n'}
[60.091871] (livox_sdk2) StderrLine: {'line': b'\x1b[01m\x1b[K/home/cat/TurboSLAM/3rdparty/Livox-SDK2/sdk_core/../3rdparty/rapidjson/rapidjson.h:545:3:\x1b[m\x1b[K \x1b[01;36m\x1b[Knote: \x1b[m\x1b[Kin expansion of macro \xe2\x80\x98\x1b[01m\x1b[KRAPIDJSON_DIAG_PRAGMA\x1b[m\x1b[K\xe2\x80\x99\n'}
[60.091940] (livox_sdk2) StderrLine: {'line': b'  545 |   \x1b[01;36m\x1b[KRAPIDJSON_DIAG_PRAGMA\x1b[m\x1b[K(ignored RAPIDJSON_STRINGIFY(RAPIDJSON_JOIN(-W, x)))\n'}
[60.092009] (livox_sdk2) StderrLine: {'line': b'      |   \x1b[01;36m\x1b[K^~~~~~~~~~~~~~~~~~~~~\x1b[m\x1b[K\n'}
[60.092075] (livox_sdk2) StderrLine: {'line': b'\x1b[01m\x1b[K/home/cat/TurboSLAM/3rdparty/Livox-SDK2/sdk_core/../3rdparty/rapidjson/internal/dtoa.h:36:1:\x1b[m\x1b[K \x1b[01;36m\x1b[Knote: \x1b[m\x1b[Kin expansion of macro \xe2\x80\x98\x1b[01m\x1b[KRAPIDJSON_DIAG_OFF\x1b[m\x1b[K\xe2\x80\x99\n'}
[60.092144] (livox_sdk2) StderrLine: {'line': b'   36 | \x1b[01;36m\x1b[KRAPIDJSON_DIAG_OFF\x1b[m\x1b[K(array - bounds)  // some gcc versions generate wrong warnings\n'}
[60.092212] (livox_sdk2) StderrLine: {'line': b'      | \x1b[01;36m\x1b[K^~~~~~~~~~~~~~~~~~\x1b[m\x1b[K\n'}
[60.095196] (livox_sdk2) StderrLine: {'line': b'\x1b[01m\x1b[K/home/cat/TurboSLAM/3rdparty/Livox-SDK2/sdk_core/../3rdparty/rapidjson/rapidjson.h:542:29:\x1b[m\x1b[K \x1b[01;36m\x1b[Knote: \x1b[m\x1b[Kdid you mean \xe2\x80\x98\x1b[01m\x1b[K-Warray-bounds\x1b[m\x1b[K\xe2\x80\x99?\n'}
[60.095484] (livox_sdk2) StderrLine: {'line': b'  542 | #define RAPIDJSON_PRAGMA(x) \x1b[01;36m\x1b[K_Pragma\x1b[m\x1b[K(RAPIDJSON_STRINGIFY(x))\n'}
[60.095586] (livox_sdk2) StderrLine: {'line': b'      |                             \x1b[01;36m\x1b[K^~~~~~~\x1b[m\x1b[K\n'}
[60.095662] (livox_sdk2) StderrLine: {'line': b'\x1b[01m\x1b[K/home/cat/TurboSLAM/3rdparty/Livox-SDK2/sdk_core/../3rdparty/rapidjson/rapidjson.h:543:34:\x1b[m\x1b[K \x1b[01;36m\x1b[Knote: \x1b[m\x1b[Kin expansion of macro \xe2\x80\x98\x1b[01m\x1b[KRAPIDJSON_PRAGMA\x1b[m\x1b[K\xe2\x80\x99\n'}
[60.095737] (livox_sdk2) StderrLine: {'line': b'  543 | #define RAPIDJSON_DIAG_PRAGMA(x) \x1b[01;36m\x1b[KRAPIDJSON_PRAGMA\x1b[m\x1b[K(GCC diagnostic x)\n'}
[60.095821] (livox_sdk2) StderrLine: {'line': b'      |                                  \x1b[01;36m\x1b[K^~~~~~~~~~~~~~~~\x1b[m\x1b[K\n'}
[60.095892] (livox_sdk2) StderrLine: {'line': b'\x1b[01m\x1b[K/home/cat/TurboSLAM/3rdparty/Livox-SDK2/sdk_core/../3rdparty/rapidjson/rapidjson.h:545:3:\x1b[m\x1b[K \x1b[01;36m\x1b[Knote: \x1b[m\x1b[Kin expansion of macro \xe2\x80\x98\x1b[01m\x1b[KRAPIDJSON_DIAG_PRAGMA\x1b[m\x1b[K\xe2\x80\x99\n'}
[60.095964] (livox_sdk2) StderrLine: {'line': b'  545 |   \x1b[01;36m\x1b[KRAPIDJSON_DIAG_PRAGMA\x1b[m\x1b[K(ignored RAPIDJSON_STRINGIFY(RAPIDJSON_JOIN(-W, x)))\n'}
[60.096032] (livox_sdk2) StderrLine: {'line': b'      |   \x1b[01;36m\x1b[K^~~~~~~~~~~~~~~~~~~~~\x1b[m\x1b[K\n'}
[60.096100] (livox_sdk2) StderrLine: {'line': b'\x1b[01m\x1b[K/home/cat/TurboSLAM/3rdparty/Livox-SDK2/sdk_core/../3rdparty/rapidjson/internal/dtoa.h:36:1:\x1b[m\x1b[K \x1b[01;36m\x1b[Knote: \x1b[m\x1b[Kin expansion of macro \xe2\x80\x98\x1b[01m\x1b[KRAPIDJSON_DIAG_OFF\x1b[m\x1b[K\xe2\x80\x99\n'}
[60.096169] (livox_sdk2) StderrLine: {'line': b'   36 | \x1b[01;36m\x1b[KRAPIDJSON_DIAG_OFF\x1b[m\x1b[K(array - bounds)  // some gcc versions generate wrong warnings\n'}
[60.096237] (livox_sdk2) StderrLine: {'line': b'      | \x1b[01;36m\x1b[K^~~~~~~~~~~~~~~~~~\x1b[m\x1b[K\n'}
[60.183782] (-) TimerEvent: {}
[60.284448] (-) TimerEvent: {}
[60.385164] (-) TimerEvent: {}
[60.485873] (-) TimerEvent: {}
[60.586588] (-) TimerEvent: {}
[60.667119] (pangolin) StdoutLine: {'line': b'[ 21%] \x1b[32mBuilding CXX object CMakeFiles/pango_opengl.dir/components/pango_opengl/src/viewport.cpp.o\x1b[0m\n'}
[60.686749] (-) TimerEvent: {}
[60.787522] (-) TimerEvent: {}
[60.888273] (-) TimerEvent: {}
[60.917103] (livox_sdk2) StdoutLine: {'line': b'[ 88%] \x1b[32mBuilding CXX object sdk_core/CMakeFiles/livox_lidar_sdk_shared.dir/command_handler/mid360_command_handler.cpp.o\x1b[0m\n'}
[60.988432] (-) TimerEvent: {}
[61.089257] (-) TimerEvent: {}
[61.189984] (-) TimerEvent: {}
[61.290691] (-) TimerEvent: {}
[61.391376] (-) TimerEvent: {}
[61.492074] (-) TimerEvent: {}
[61.592827] (-) TimerEvent: {}
[61.693621] (-) TimerEvent: {}
[61.725672] (pangolin) StdoutLine: {'line': b'[ 21%] \x1b[32mBuilding CXX object CMakeFiles/pango_opengl.dir/components/pango_opengl/src/gldraw.cpp.o\x1b[0m\n'}
[61.793751] (-) TimerEvent: {}
[61.894188] (-) TimerEvent: {}
[61.994617] (-) TimerEvent: {}
[62.004937] (livox_sdk2) StdoutLine: {'line': b'[ 90%] \x1b[32mBuilding CXX object sdk_core/CMakeFiles/livox_lidar_sdk_shared.dir/command_handler/hap_command_handler.cpp.o\x1b[0m\n'}
[62.094762] (-) TimerEvent: {}
[62.195203] (-) TimerEvent: {}
[62.295640] (-) TimerEvent: {}
[62.396086] (-) TimerEvent: {}
[62.496532] (-) TimerEvent: {}
[62.596988] (-) TimerEvent: {}
[62.697423] (-) TimerEvent: {}
[62.797859] (-) TimerEvent: {}
[62.836298] (pangolin) StdoutLine: {'line': b'[ 21%] \x1b[32mBuilding CXX object CMakeFiles/pango_opengl.dir/components/pango_opengl/src/opengl_render_state.cpp.o\x1b[0m\n'}
[62.898025] (-) TimerEvent: {}
[62.998501] (-) TimerEvent: {}
[63.096381] (livox_sdk2) StdoutLine: {'line': b'[ 91%] \x1b[32mBuilding CXX object sdk_core/CMakeFiles/livox_lidar_sdk_shared.dir/base/multiple_io/multiple_io_epoll.cpp.o\x1b[0m\n'}
[63.098631] (-) TimerEvent: {}
[63.199062] (-) TimerEvent: {}
[63.299493] (-) TimerEvent: {}
[63.399941] (-) TimerEvent: {}
[63.500422] (-) TimerEvent: {}
[63.600866] (-) TimerEvent: {}
[63.701310] (-) TimerEvent: {}
[63.801755] (-) TimerEvent: {}
[63.902212] (-) TimerEvent: {}
[64.002666] (-) TimerEvent: {}
[64.103139] (-) TimerEvent: {}
[64.203636] (-) TimerEvent: {}
[64.304357] (-) TimerEvent: {}
[64.405060] (-) TimerEvent: {}
[64.505786] (-) TimerEvent: {}
[64.606492] (-) TimerEvent: {}
[64.707232] (-) TimerEvent: {}
[64.807936] (-) TimerEvent: {}
[64.908623] (-) TimerEvent: {}
[65.009290] (-) TimerEvent: {}
[65.110006] (-) TimerEvent: {}
[65.210458] (-) TimerEvent: {}
[65.310891] (-) TimerEvent: {}
[65.374335] (livox_sdk2) StderrLine: {'line': b'In file included from \x1b[01m\x1b[K/home/cat/TurboSLAM/3rdparty/Livox-SDK2/sdk_core/../3rdparty/rapidjson/stream.h:19\x1b[m\x1b[K,\n'}
[65.374741] (livox_sdk2) StderrLine: {'line': b'                 from \x1b[01m\x1b[K/home/cat/TurboSLAM/3rdparty/Livox-SDK2/sdk_core/../3rdparty/rapidjson/memorystream.h:22\x1b[m\x1b[K,\n'}
[65.374845] (livox_sdk2) StderrLine: {'line': b'                 from \x1b[01m\x1b[K/home/cat/TurboSLAM/3rdparty/Livox-SDK2/sdk_core/../3rdparty/rapidjson/encodedstream.h:22\x1b[m\x1b[K,\n'}
[65.374922] (livox_sdk2) StderrLine: {'line': b'                 from \x1b[01m\x1b[K/home/cat/TurboSLAM/3rdparty/Livox-SDK2/sdk_core/../3rdparty/rapidjson/document.h:26\x1b[m\x1b[K,\n'}
[65.374994] (livox_sdk2) StderrLine: {'line': b'                 from \x1b[01m\x1b[K/home/cat/TurboSLAM/3rdparty/Livox-SDK2/sdk_core/command_handler/parse_lidar_state_info.h:38\x1b[m\x1b[K,\n'}
[65.375067] (livox_sdk2) StderrLine: {'line': b'                 from \x1b[01m\x1b[K/home/cat/TurboSLAM/3rdparty/Livox-SDK2/sdk_core/command_handler/mid360_command_handler.cpp:37\x1b[m\x1b[K:\n'}
[65.375137] (livox_sdk2) StderrLine: {'line': b'\x1b[01m\x1b[K/home/cat/TurboSLAM/3rdparty/Livox-SDK2/sdk_core/../3rdparty/rapidjson/rapidjson.h:542:29:\x1b[m\x1b[K \x1b[01;35m\x1b[Kwarning: \x1b[m\x1b[Kunknown option after \xe2\x80\x98\x1b[01m\x1b[K#pragma GCC diagnostic\x1b[m\x1b[K\xe2\x80\x99 kind [\x1b[01;35m\x1b[K-Wpragmas\x1b[m\x1b[K]\n'}
[65.375210] (livox_sdk2) StderrLine: {'line': b'  542 | #define RAPIDJSON_PRAGMA(x) \x1b[01;35m\x1b[K_Pragma\x1b[m\x1b[K(RAPIDJSON_STRINGIFY(x))\n'}
[65.375279] (livox_sdk2) StderrLine: {'line': b'      |                             \x1b[01;35m\x1b[K^~~~~~~\x1b[m\x1b[K\n'}
[65.375348] (livox_sdk2) StderrLine: {'line': b'\x1b[01m\x1b[K/home/cat/TurboSLAM/3rdparty/Livox-SDK2/sdk_core/../3rdparty/rapidjson/rapidjson.h:543:34:\x1b[m\x1b[K \x1b[01;36m\x1b[Knote: \x1b[m\x1b[Kin expansion of macro \xe2\x80\x98\x1b[01m\x1b[KRAPIDJSON_PRAGMA\x1b[m\x1b[K\xe2\x80\x99\n'}
[65.375421] (livox_sdk2) StderrLine: {'line': b'  543 | #define RAPIDJSON_DIAG_PRAGMA(x) \x1b[01;36m\x1b[KRAPIDJSON_PRAGMA\x1b[m\x1b[K(GCC diagnostic x)\n'}
[65.375489] (livox_sdk2) StderrLine: {'line': b'      |                                  \x1b[01;36m\x1b[K^~~~~~~~~~~~~~~~\x1b[m\x1b[K\n'}
[65.375557] (livox_sdk2) StderrLine: {'line': b'\x1b[01m\x1b[K/home/cat/TurboSLAM/3rdparty/Livox-SDK2/sdk_core/../3rdparty/rapidjson/rapidjson.h:545:3:\x1b[m\x1b[K \x1b[01;36m\x1b[Knote: \x1b[m\x1b[Kin expansion of macro \xe2\x80\x98\x1b[01m\x1b[KRAPIDJSON_DIAG_PRAGMA\x1b[m\x1b[K\xe2\x80\x99\n'}
[65.375627] (livox_sdk2) StderrLine: {'line': b'  545 |   \x1b[01;36m\x1b[KRAPIDJSON_DIAG_PRAGMA\x1b[m\x1b[K(ignored RAPIDJSON_STRINGIFY(RAPIDJSON_JOIN(-W, x)))\n'}
[65.375697] (livox_sdk2) StderrLine: {'line': b'      |   \x1b[01;36m\x1b[K^~~~~~~~~~~~~~~~~~~~~\x1b[m\x1b[K\n'}
[65.375766] (livox_sdk2) StderrLine: {'line': b'\x1b[01m\x1b[K/home/cat/TurboSLAM/3rdparty/Livox-SDK2/sdk_core/../3rdparty/rapidjson/internal/dtoa.h:36:1:\x1b[m\x1b[K \x1b[01;36m\x1b[Knote: \x1b[m\x1b[Kin expansion of macro \xe2\x80\x98\x1b[01m\x1b[KRAPIDJSON_DIAG_OFF\x1b[m\x1b[K\xe2\x80\x99\n'}
[65.375835] (livox_sdk2) StderrLine: {'line': b'   36 | \x1b[01;36m\x1b[KRAPIDJSON_DIAG_OFF\x1b[m\x1b[K(array - bounds)  // some gcc versions generate wrong warnings\n'}
[65.375905] (livox_sdk2) StderrLine: {'line': b'      | \x1b[01;36m\x1b[K^~~~~~~~~~~~~~~~~~\x1b[m\x1b[K\n'}
[65.393774] (livox_sdk2) StderrLine: {'line': b'\x1b[01m\x1b[K/home/cat/TurboSLAM/3rdparty/Livox-SDK2/sdk_core/../3rdparty/rapidjson/rapidjson.h:542:29:\x1b[m\x1b[K \x1b[01;36m\x1b[Knote: \x1b[m\x1b[Kdid you mean \xe2\x80\x98\x1b[01m\x1b[K-Warray-bounds\x1b[m\x1b[K\xe2\x80\x99?\n'}
[65.394173] (livox_sdk2) StderrLine: {'line': b'  542 | #define RAPIDJSON_PRAGMA(x) \x1b[01;36m\x1b[K_Pragma\x1b[m\x1b[K(RAPIDJSON_STRINGIFY(x))\n'}
[65.394278] (livox_sdk2) StderrLine: {'line': b'      |                             \x1b[01;36m\x1b[K^~~~~~~\x1b[m\x1b[K\n'}
[65.394355] (livox_sdk2) StderrLine: {'line': b'\x1b[01m\x1b[K/home/cat/TurboSLAM/3rdparty/Livox-SDK2/sdk_core/../3rdparty/rapidjson/rapidjson.h:543:34:\x1b[m\x1b[K \x1b[01;36m\x1b[Knote: \x1b[m\x1b[Kin expansion of macro \xe2\x80\x98\x1b[01m\x1b[KRAPIDJSON_PRAGMA\x1b[m\x1b[K\xe2\x80\x99\n'}
[65.394465] (livox_sdk2) StderrLine: {'line': b'  543 | #define RAPIDJSON_DIAG_PRAGMA(x) \x1b[01;36m\x1b[KRAPIDJSON_PRAGMA\x1b[m\x1b[K(GCC diagnostic x)\n'}
[65.394549] (livox_sdk2) StderrLine: {'line': b'      |                                  \x1b[01;36m\x1b[K^~~~~~~~~~~~~~~~\x1b[m\x1b[K\n'}
[65.394620] (livox_sdk2) StderrLine: {'line': b'\x1b[01m\x1b[K/home/cat/TurboSLAM/3rdparty/Livox-SDK2/sdk_core/../3rdparty/rapidjson/rapidjson.h:545:3:\x1b[m\x1b[K \x1b[01;36m\x1b[Knote: \x1b[m\x1b[Kin expansion of macro \xe2\x80\x98\x1b[01m\x1b[KRAPIDJSON_DIAG_PRAGMA\x1b[m\x1b[K\xe2\x80\x99\n'}
[65.394692] (livox_sdk2) StderrLine: {'line': b'  545 |   \x1b[01;36m\x1b[KRAPIDJSON_DIAG_PRAGMA\x1b[m\x1b[K(ignored RAPIDJSON_STRINGIFY(RAPIDJSON_JOIN(-W, x)))\n'}
[65.394761] (livox_sdk2) StderrLine: {'line': b'      |   \x1b[01;36m\x1b[K^~~~~~~~~~~~~~~~~~~~~\x1b[m\x1b[K\n'}
[65.394829] (livox_sdk2) StderrLine: {'line': b'\x1b[01m\x1b[K/home/cat/TurboSLAM/3rdparty/Livox-SDK2/sdk_core/../3rdparty/rapidjson/internal/dtoa.h:36:1:\x1b[m\x1b[K \x1b[01;36m\x1b[Knote: \x1b[m\x1b[Kin expansion of macro \xe2\x80\x98\x1b[01m\x1b[KRAPIDJSON_DIAG_OFF\x1b[m\x1b[K\xe2\x80\x99\n'}
[65.394898] (livox_sdk2) StderrLine: {'line': b'   36 | \x1b[01;36m\x1b[KRAPIDJSON_DIAG_OFF\x1b[m\x1b[K(array - bounds)  // some gcc versions generate wrong warnings\n'}
[65.394981] (livox_sdk2) StderrLine: {'line': b'      | \x1b[01;36m\x1b[K^~~~~~~~~~~~~~~~~~\x1b[m\x1b[K\n'}
[65.411034] (-) TimerEvent: {}
[65.511476] (-) TimerEvent: {}
[65.611930] (-) TimerEvent: {}
[65.712406] (-) TimerEvent: {}
[65.812889] (-) TimerEvent: {}
[65.913374] (-) TimerEvent: {}
[66.013855] (-) TimerEvent: {}
[66.114283] (-) TimerEvent: {}
[66.214725] (-) TimerEvent: {}
[66.315161] (-) TimerEvent: {}
[66.415625] (-) TimerEvent: {}
[66.516099] (-) TimerEvent: {}
[66.616813] (-) TimerEvent: {}
[66.717547] (-) TimerEvent: {}
[66.818285] (-) TimerEvent: {}
[66.918990] (-) TimerEvent: {}
[67.019696] (-) TimerEvent: {}
[67.120408] (-) TimerEvent: {}
[67.221867] (-) TimerEvent: {}
[67.322698] (-) TimerEvent: {}
[67.423590] (-) TimerEvent: {}
[67.444891] (livox_sdk2) StderrLine: {'line': b'In file included from \x1b[01m\x1b[K/home/cat/TurboSLAM/3rdparty/Livox-SDK2/sdk_core/../3rdparty/rapidjson/stream.h:19\x1b[m\x1b[K,\n'}
[67.445721] (livox_sdk2) StderrLine: {'line': b'                 from \x1b[01m\x1b[K/home/cat/TurboSLAM/3rdparty/Livox-SDK2/sdk_core/../3rdparty/rapidjson/memorystream.h:22\x1b[m\x1b[K,\n'}
[67.446269] (livox_sdk2) StderrLine: {'line': b'                 from \x1b[01m\x1b[K/home/cat/TurboSLAM/3rdparty/Livox-SDK2/sdk_core/../3rdparty/rapidjson/encodedstream.h:22\x1b[m\x1b[K,\n'}
[67.446685] (livox_sdk2) StderrLine: {'line': b'                 from \x1b[01m\x1b[K/home/cat/TurboSLAM/3rdparty/Livox-SDK2/sdk_core/../3rdparty/rapidjson/document.h:26\x1b[m\x1b[K,\n'}
[67.447143] (livox_sdk2) StderrLine: {'line': b'                 from \x1b[01m\x1b[K/home/cat/TurboSLAM/3rdparty/Livox-SDK2/sdk_core/command_handler/parse_lidar_state_info.h:38\x1b[m\x1b[K,\n'}
[67.447542] (livox_sdk2) StderrLine: {'line': b'                 from \x1b[01m\x1b[K/home/cat/TurboSLAM/3rdparty/Livox-SDK2/sdk_core/command_handler/hap_command_handler.cpp:37\x1b[m\x1b[K:\n'}
[67.447905] (livox_sdk2) StderrLine: {'line': b'\x1b[01m\x1b[K/home/cat/TurboSLAM/3rdparty/Livox-SDK2/sdk_core/../3rdparty/rapidjson/rapidjson.h:542:29:\x1b[m\x1b[K \x1b[01;35m\x1b[Kwarning: \x1b[m\x1b[Kunknown option after \xe2\x80\x98\x1b[01m\x1b[K#pragma GCC diagnostic\x1b[m\x1b[K\xe2\x80\x99 kind [\x1b[01;35m\x1b[K-Wpragmas\x1b[m\x1b[K]\n'}
[67.448286] (livox_sdk2) StderrLine: {'line': b'  542 | #define RAPIDJSON_PRAGMA(x) \x1b[01;35m\x1b[K_Pragma\x1b[m\x1b[K(RAPIDJSON_STRINGIFY(x))\n'}
[67.448667] (livox_sdk2) StderrLine: {'line': b'      |                             \x1b[01;35m\x1b[K^~~~~~~\x1b[m\x1b[K\n'}
[67.449051] (livox_sdk2) StderrLine: {'line': b'\x1b[01m\x1b[K/home/cat/TurboSLAM/3rdparty/Livox-SDK2/sdk_core/../3rdparty/rapidjson/rapidjson.h:543:34:\x1b[m\x1b[K \x1b[01;36m\x1b[Knote: \x1b[m\x1b[Kin expansion of macro \xe2\x80\x98\x1b[01m\x1b[KRAPIDJSON_PRAGMA\x1b[m\x1b[K\xe2\x80\x99\n'}
[67.450014] (livox_sdk2) StderrLine: {'line': b'  543 | #define RAPIDJSON_DIAG_PRAGMA(x) \x1b[01;36m\x1b[KRAPIDJSON_PRAGMA\x1b[m\x1b[K(GCC diagnostic x)\n'}
[67.450565] (livox_sdk2) StderrLine: {'line': b'      |                                  \x1b[01;36m\x1b[K^~~~~~~~~~~~~~~~\x1b[m\x1b[K\n'}
[67.451024] (livox_sdk2) StderrLine: {'line': b'\x1b[01m\x1b[K/home/cat/TurboSLAM/3rdparty/Livox-SDK2/sdk_core/../3rdparty/rapidjson/rapidjson.h:545:3:\x1b[m\x1b[K \x1b[01;36m\x1b[Knote: \x1b[m\x1b[Kin expansion of macro \xe2\x80\x98\x1b[01m\x1b[KRAPIDJSON_DIAG_PRAGMA\x1b[m\x1b[K\xe2\x80\x99\n'}
[67.451403] (livox_sdk2) StderrLine: {'line': b'  545 |   \x1b[01;36m\x1b[KRAPIDJSON_DIAG_PRAGMA\x1b[m\x1b[K(ignored RAPIDJSON_STRINGIFY(RAPIDJSON_JOIN(-W, x)))\n'}
[67.451744] (livox_sdk2) StderrLine: {'line': b'      |   \x1b[01;36m\x1b[K^~~~~~~~~~~~~~~~~~~~~\x1b[m\x1b[K\n'}
[67.452080] (livox_sdk2) StderrLine: {'line': b'\x1b[01m\x1b[K/home/cat/TurboSLAM/3rdparty/Livox-SDK2/sdk_core/../3rdparty/rapidjson/internal/dtoa.h:36:1:\x1b[m\x1b[K \x1b[01;36m\x1b[Knote: \x1b[m\x1b[Kin expansion of macro \xe2\x80\x98\x1b[01m\x1b[KRAPIDJSON_DIAG_OFF\x1b[m\x1b[K\xe2\x80\x99\n'}
[67.452416] (livox_sdk2) StderrLine: {'line': b'   36 | \x1b[01;36m\x1b[KRAPIDJSON_DIAG_OFF\x1b[m\x1b[K(array - bounds)  // some gcc versions generate wrong warnings\n'}
[67.452750] (livox_sdk2) StderrLine: {'line': b'      | \x1b[01;36m\x1b[K^~~~~~~~~~~~~~~~~~\x1b[m\x1b[K\n'}
[67.453082] (livox_sdk2) StderrLine: {'line': b'\x1b[01m\x1b[K/home/cat/TurboSLAM/3rdparty/Livox-SDK2/sdk_core/../3rdparty/rapidjson/rapidjson.h:542:29:\x1b[m\x1b[K \x1b[01;36m\x1b[Knote: \x1b[m\x1b[Kdid you mean \xe2\x80\x98\x1b[01m\x1b[K-Warray-bounds\x1b[m\x1b[K\xe2\x80\x99?\n'}
[67.453422] (livox_sdk2) StderrLine: {'line': b'  542 | #define RAPIDJSON_PRAGMA(x) \x1b[01;36m\x1b[K_Pragma\x1b[m\x1b[K(RAPIDJSON_STRINGIFY(x))\n'}
[67.453827] (livox_sdk2) StderrLine: {'line': b'      |                             \x1b[01;36m\x1b[K^~~~~~~\x1b[m\x1b[K\n'}
[67.454170] (livox_sdk2) StderrLine: {'line': b'\x1b[01m\x1b[K/home/cat/TurboSLAM/3rdparty/Livox-SDK2/sdk_core/../3rdparty/rapidjson/rapidjson.h:543:34:\x1b[m\x1b[K \x1b[01;36m\x1b[Knote: \x1b[m\x1b[Kin expansion of macro \xe2\x80\x98\x1b[01m\x1b[KRAPIDJSON_PRAGMA\x1b[m\x1b[K\xe2\x80\x99\n'}
[67.454511] (livox_sdk2) StderrLine: {'line': b'  543 | #define RAPIDJSON_DIAG_PRAGMA(x) \x1b[01;36m\x1b[KRAPIDJSON_PRAGMA\x1b[m\x1b[K(GCC diagnostic x)\n'}
[67.454851] (livox_sdk2) StderrLine: {'line': b'      |                                  \x1b[01;36m\x1b[K^~~~~~~~~~~~~~~~\x1b[m\x1b[K\n'}
[67.455188] (livox_sdk2) StderrLine: {'line': b'\x1b[01m\x1b[K/home/cat/TurboSLAM/3rdparty/Livox-SDK2/sdk_core/../3rdparty/rapidjson/rapidjson.h:545:3:\x1b[m\x1b[K \x1b[01;36m\x1b[Knote: \x1b[m\x1b[Kin expansion of macro \xe2\x80\x98\x1b[01m\x1b[KRAPIDJSON_DIAG_PRAGMA\x1b[m\x1b[K\xe2\x80\x99\n'}
[67.455528] (livox_sdk2) StderrLine: {'line': b'  545 |   \x1b[01;36m\x1b[KRAPIDJSON_DIAG_PRAGMA\x1b[m\x1b[K(ignored RAPIDJSON_STRINGIFY(RAPIDJSON_JOIN(-W, x)))\n'}
[67.455867] (livox_sdk2) StderrLine: {'line': b'      |   \x1b[01;36m\x1b[K^~~~~~~~~~~~~~~~~~~~~\x1b[m\x1b[K\n'}
[67.456205] (livox_sdk2) StderrLine: {'line': b'\x1b[01m\x1b[K/home/cat/TurboSLAM/3rdparty/Livox-SDK2/sdk_core/../3rdparty/rapidjson/internal/dtoa.h:36:1:\x1b[m\x1b[K \x1b[01;36m\x1b[Knote: \x1b[m\x1b[Kin expansion of macro \xe2\x80\x98\x1b[01m\x1b[KRAPIDJSON_DIAG_OFF\x1b[m\x1b[K\xe2\x80\x99\n'}
[67.456620] (livox_sdk2) StderrLine: {'line': b'   36 | \x1b[01;36m\x1b[KRAPIDJSON_DIAG_OFF\x1b[m\x1b[K(array - bounds)  // some gcc versions generate wrong warnings\n'}
[67.457016] (livox_sdk2) StderrLine: {'line': b'      | \x1b[01;36m\x1b[K^~~~~~~~~~~~~~~~~~\x1b[m\x1b[K\n'}
[67.523884] (-) TimerEvent: {}
[67.624863] (-) TimerEvent: {}
[67.725830] (-) TimerEvent: {}
[67.826783] (-) TimerEvent: {}
[67.927681] (-) TimerEvent: {}
[68.028643] (-) TimerEvent: {}
[68.083041] (pangolin) StdoutLine: {'line': b'[ 21%] \x1b[32m\x1b[1mLinking CXX shared library libpango_packetstream.so\x1b[0m\n'}
[68.128978] (-) TimerEvent: {}
[68.229939] (-) TimerEvent: {}
[68.238997] (pangolin) StdoutLine: {'line': b'[ 21%] \x1b[32mBuilding CXX object CMakeFiles/pango_opengl.dir/shaders.cpp.o\x1b[0m\n'}
[68.330196] (-) TimerEvent: {}
[68.378242] (pangolin) StdoutLine: {'line': b'[ 21%] Built target pango_packetstream\n'}
[68.430505] (-) TimerEvent: {}
[68.531355] (-) TimerEvent: {}
[68.632273] (-) TimerEvent: {}
[68.733097] (-) TimerEvent: {}
[68.834053] (-) TimerEvent: {}
[68.878270] (pangolin) StdoutLine: {'line': b'[ 22%] \x1b[32mBuilding CXX object CMakeFiles/pango_opengl.dir/fonts.cpp.o\x1b[0m\n'}
[68.934322] (-) TimerEvent: {}
[69.035196] (-) TimerEvent: {}
[69.136057] (-) TimerEvent: {}
[69.188800] (pangolin) StdoutLine: {'line': b'[ 22%] \x1b[32m\x1b[1mLinking CXX shared library libpango_opengl.so\x1b[0m\n'}
[69.236386] (-) TimerEvent: {}
[69.337246] (-) TimerEvent: {}
[69.390820] (pangolin) StdoutLine: {'line': b'[ 22%] Built target pango_opengl\n'}
[69.407524] (pangolin) StdoutLine: {'line': b'[ 23%] \x1b[34m\x1b[1mCreating /home/cat/TurboSLAM/build/pangolin/include/pangolin/factory/RegisterFactoriesVideoOutputInterface.h factory registry header\x1b[0m\n'}
[69.437456] (-) TimerEvent: {}
[69.468701] (pangolin) StdoutLine: {'line': b'[ 23%] \x1b[34m\x1b[1mCreating /home/cat/TurboSLAM/build/pangolin/include/pangolin/factory/RegisterFactoriesVideoInterface.h factory registry header\x1b[0m\n'}
[69.537672] (-) TimerEvent: {}
[69.546595] (pangolin) StdoutLine: {'line': b'[ 23%] \x1b[32mBuilding CXX object CMakeFiles/pango_video.dir/components/pango_video/src/stream_encoder_factory.cpp.o\x1b[0m\n'}
[69.637923] (-) TimerEvent: {}
[69.738839] (-) TimerEvent: {}
[69.839734] (-) TimerEvent: {}
[69.940708] (-) TimerEvent: {}
[70.041601] (-) TimerEvent: {}
[70.141568] (livox_sdk2) StdoutLine: {'line': b'[ 93%] \x1b[32mBuilding CXX object sdk_core/CMakeFiles/livox_lidar_sdk_shared.dir/debug_point_cloud_handler/debug_point_cloud_handler.cpp.o\x1b[0m\n'}
[70.142341] (-) TimerEvent: {}
[70.243113] (-) TimerEvent: {}
[70.256106] (livox_ros_driver2) StdoutLine: {'line': b'[ 39%] \x1b[32mBuilding CXX object CMakeFiles/livox_ros_driver2.dir/src/call_back/livox_lidar_callback.cpp.o\x1b[0m\n'}
[70.343387] (-) TimerEvent: {}
[70.444316] (-) TimerEvent: {}
[70.545225] (-) TimerEvent: {}
[70.646230] (-) TimerEvent: {}
[70.747223] (-) TimerEvent: {}
[70.848180] (-) TimerEvent: {}
[70.949108] (-) TimerEvent: {}
[71.050050] (-) TimerEvent: {}
[71.151042] (-) TimerEvent: {}
[71.251974] (-) TimerEvent: {}
[71.266376] (livox_ros_driver2) StdoutLine: {'line': b'[ 41%] \x1b[32m\x1b[1mLinking CXX shared library liblivox_ros_driver2.so\x1b[0m\n'}
[71.352309] (-) TimerEvent: {}
[71.453422] (-) TimerEvent: {}
[71.554573] (-) TimerEvent: {}
[71.655806] (-) TimerEvent: {}
[71.757029] (-) TimerEvent: {}
[71.858070] (-) TimerEvent: {}
[71.899868] (pangolin) StdoutLine: {'line': b'[ 23%] \x1b[32mBuilding CXX object CMakeFiles/pango_video.dir/components/pango_video/src/video_help.cpp.o\x1b[0m\n'}
[71.958444] (-) TimerEvent: {}
[72.059517] (-) TimerEvent: {}
[72.160419] (-) TimerEvent: {}
[72.261617] (-) TimerEvent: {}
[72.362494] (-) TimerEvent: {}
[72.463654] (-) TimerEvent: {}
[72.564949] (-) TimerEvent: {}
[72.666044] (-) TimerEvent: {}
[72.767025] (-) TimerEvent: {}
[72.868020] (-) TimerEvent: {}
[72.969165] (-) TimerEvent: {}
[73.070278] (-) TimerEvent: {}
[73.171218] (-) TimerEvent: {}
[73.272072] (-) TimerEvent: {}
[73.294988] (livox_ros_driver2) StdoutLine: {'line': b'[ 41%] Built target livox_ros_driver2\n'}
[73.313473] (livox_ros_driver2) StdoutLine: {'line': b'[ 43%] \x1b[34m\x1b[1mGenerating C++ type support for eProsima Fast-RTPS\x1b[0m\n'}
[73.322989] (livox_ros_driver2) StdoutLine: {'line': b'[ 44%] \x1b[34m\x1b[1mGenerating C++ introspection for ROS interfaces\x1b[0m\n'}
[73.372326] (-) TimerEvent: {}
[73.473192] (-) TimerEvent: {}
[73.574029] (-) TimerEvent: {}
[73.674830] (-) TimerEvent: {}
[73.775688] (-) TimerEvent: {}
[73.876598] (-) TimerEvent: {}
[73.935880] (pangolin) StdoutLine: {'line': b'[ 24%] \x1b[32mBuilding CXX object CMakeFiles/pango_video.dir/components/pango_video/src/drivers/test.cpp.o\x1b[0m\n'}
[73.976820] (-) TimerEvent: {}
[74.024845] (livox_ros_driver2) StdoutLine: {'line': b'[ 46%] \x1b[32mBuilding CXX object CMakeFiles/livox_interfaces2__rosidl_typesupport_fastrtps_cpp.dir/rosidl_typesupport_fastrtps_cpp/livox_ros_driver2/msg/detail/dds_fastrtps/custom_point__type_support.cpp.o\x1b[0m\n'}
[74.026717] (livox_ros_driver2) StdoutLine: {'line': b'[ 48%] \x1b[32mBuilding CXX object CMakeFiles/livox_interfaces2__rosidl_typesupport_fastrtps_cpp.dir/rosidl_typesupport_fastrtps_cpp/livox_ros_driver2/msg/detail/dds_fastrtps/custom_msg__type_support.cpp.o\x1b[0m\n'}
[74.028814] (livox_ros_driver2) StdoutLine: {'line': b'[ 50%] \x1b[32mBuilding CXX object CMakeFiles/livox_interfaces2__rosidl_typesupport_introspection_cpp.dir/rosidl_typesupport_introspection_cpp/livox_ros_driver2/msg/detail/custom_point__type_support.cpp.o\x1b[0m\n'}
[74.045693] (livox_ros_driver2) StdoutLine: {'line': b'[ 51%] \x1b[32mBuilding CXX object CMakeFiles/livox_interfaces2__rosidl_typesupport_introspection_cpp.dir/rosidl_typesupport_introspection_cpp/livox_ros_driver2/msg/detail/custom_msg__type_support.cpp.o\x1b[0m\n'}
[74.077157] (-) TimerEvent: {}
[74.178894] (-) TimerEvent: {}
[74.279911] (-) TimerEvent: {}
[74.360606] (livox_sdk2) StdoutLine: {'line': b'[ 95%] \x1b[32mBuilding CXX object sdk_core/CMakeFiles/livox_lidar_sdk_shared.dir/command_handler/mid360s_command_handler.cpp.o\x1b[0m\n'}
[74.361457] (livox_sdk2) StdoutLine: {'line': b'[ 95%] \x1b[32mBuilding CXX object sdk_core/CMakeFiles/livox_lidar_sdk_shared.dir/debug_point_cloud_handler/debug_point_cloud_manager.cpp.o\x1b[0m\n'}
[74.380167] (-) TimerEvent: {}
[74.481868] (-) TimerEvent: {}
[74.582769] (-) TimerEvent: {}
[74.594670] (pangolin) StdoutLine: {'line': b'[ 25%] \x1b[32mBuilding CXX object CMakeFiles/pango_video.dir/components/pango_video/src/video.cpp.o\x1b[0m\n'}
[74.682885] (-) TimerEvent: {}
[74.783763] (-) TimerEvent: {}
[74.885368] (-) TimerEvent: {}
[74.987038] (-) TimerEvent: {}
[75.088007] (-) TimerEvent: {}
[75.143769] (livox_ros_driver2) StdoutLine: {'line': b'[ 53%] \x1b[32m\x1b[1mLinking CXX shared library liblivox_ros_driver2__rosidl_typesupport_introspection_cpp.so\x1b[0m\n'}
[75.188233] (-) TimerEvent: {}
[75.289110] (-) TimerEvent: {}
[75.390184] (-) TimerEvent: {}
[75.491150] (-) TimerEvent: {}
[75.528895] (livox_ros_driver2) StdoutLine: {'line': b'[ 53%] Built target livox_interfaces2__rosidl_typesupport_introspection_cpp\n'}
[75.569108] (livox_ros_driver2) StdoutLine: {'line': b'[ 55%] \x1b[34m\x1b[1mGenerating C code for ROS interfaces\x1b[0m\n'}
[75.591434] (-) TimerEvent: {}
[75.629592] (pangolin) StdoutLine: {'line': b'[ 25%] \x1b[32mBuilding CXX object CMakeFiles/pango_video.dir/components/pango_video/src/drivers/images.cpp.o\x1b[0m\n'}
[75.691625] (-) TimerEvent: {}
[75.712898] (livox_ros_driver2) StdoutLine: {'line': b'[ 56%] \x1b[32m\x1b[1mLinking CXX shared library liblivox_ros_driver2__rosidl_typesupport_fastrtps_cpp.so\x1b[0m\n'}
[75.791845] (-) TimerEvent: {}
[75.892819] (-) TimerEvent: {}
[75.994555] (-) TimerEvent: {}
[76.096210] (-) TimerEvent: {}
[76.114134] (livox_ros_driver2) StdoutLine: {'line': b'[ 56%] Built target livox_interfaces2__rosidl_typesupport_fastrtps_cpp\n'}
[76.196532] (-) TimerEvent: {}
[76.297858] (-) TimerEvent: {}
[76.318156] (livox_sdk2) StderrLine: {'line': b'In file included from \x1b[01m\x1b[K/home/cat/TurboSLAM/3rdparty/Livox-SDK2/sdk_core/../3rdparty/rapidjson/stream.h:19\x1b[m\x1b[K,\n'}
[76.318889] (livox_sdk2) StderrLine: {'line': b'                 from \x1b[01m\x1b[K/home/cat/TurboSLAM/3rdparty/Livox-SDK2/sdk_core/../3rdparty/rapidjson/memorystream.h:22\x1b[m\x1b[K,\n'}
[76.319373] (livox_sdk2) StderrLine: {'line': b'                 from \x1b[01m\x1b[K/home/cat/TurboSLAM/3rdparty/Livox-SDK2/sdk_core/../3rdparty/rapidjson/encodedstream.h:22\x1b[m\x1b[K,\n'}
[76.319873] (livox_sdk2) StderrLine: {'line': b'                 from \x1b[01m\x1b[K/home/cat/TurboSLAM/3rdparty/Livox-SDK2/sdk_core/../3rdparty/rapidjson/document.h:26\x1b[m\x1b[K,\n'}
[76.320435] (livox_sdk2) StderrLine: {'line': b'                 from \x1b[01m\x1b[K/home/cat/TurboSLAM/3rdparty/Livox-SDK2/sdk_core/command_handler/parse_lidar_state_info.h:38\x1b[m\x1b[K,\n'}
[76.320879] (livox_sdk2) StderrLine: {'line': b'                 from \x1b[01m\x1b[K/home/cat/TurboSLAM/3rdparty/Livox-SDK2/sdk_core/command_handler/mid360s_command_handler.cpp:37\x1b[m\x1b[K:\n'}
[76.321282] (livox_sdk2) StderrLine: {'line': b'\x1b[01m\x1b[K/home/cat/TurboSLAM/3rdparty/Livox-SDK2/sdk_core/../3rdparty/rapidjson/rapidjson.h:542:29:\x1b[m\x1b[K \x1b[01;35m\x1b[Kwarning: \x1b[m\x1b[Kunknown option after \xe2\x80\x98\x1b[01m\x1b[K#pragma GCC diagnostic\x1b[m\x1b[K\xe2\x80\x99 kind [\x1b[01;35m\x1b[K-Wpragmas\x1b[m\x1b[K]\n'}
[76.321674] (livox_sdk2) StderrLine: {'line': b'  542 | #define RAPIDJSON_PRAGMA(x) \x1b[01;35m\x1b[K_Pragma\x1b[m\x1b[K(RAPIDJSON_STRINGIFY(x))\n'}
[76.322050] (livox_sdk2) StderrLine: {'line': b'      |                             \x1b[01;35m\x1b[K^~~~~~~\x1b[m\x1b[K\n'}
[76.322429] (livox_sdk2) StderrLine: {'line': b'\x1b[01m\x1b[K/home/cat/TurboSLAM/3rdparty/Livox-SDK2/sdk_core/../3rdparty/rapidjson/rapidjson.h:543:34:\x1b[m\x1b[K \x1b[01;36m\x1b[Knote: \x1b[m\x1b[Kin expansion of macro \xe2\x80\x98\x1b[01m\x1b[KRAPIDJSON_PRAGMA\x1b[m\x1b[K\xe2\x80\x99\n'}
[76.323114] (livox_sdk2) StderrLine: {'line': b'  543 | #define RAPIDJSON_DIAG_PRAGMA(x) \x1b[01;36m\x1b[KRAPIDJSON_PRAGMA\x1b[m\x1b[K(GCC diagnostic x)\n'}
[76.323494] (livox_sdk2) StderrLine: {'line': b'      |                                  \x1b[01;36m\x1b[K^~~~~~~~~~~~~~~~\x1b[m\x1b[K\n'}
[76.323906] (livox_sdk2) StderrLine: {'line': b'\x1b[01m\x1b[K/home/cat/TurboSLAM/3rdparty/Livox-SDK2/sdk_core/../3rdparty/rapidjson/rapidjson.h:545:3:\x1b[m\x1b[K \x1b[01;36m\x1b[Knote: \x1b[m\x1b[Kin expansion of macro \xe2\x80\x98\x1b[01m\x1b[KRAPIDJSON_DIAG_PRAGMA\x1b[m\x1b[K\xe2\x80\x99\n'}
[76.324279] (livox_sdk2) StderrLine: {'line': b'  545 |   \x1b[01;36m\x1b[KRAPIDJSON_DIAG_PRAGMA\x1b[m\x1b[K(ignored RAPIDJSON_STRINGIFY(RAPIDJSON_JOIN(-W, x)))\n'}
[76.324628] (livox_sdk2) StderrLine: {'line': b'      |   \x1b[01;36m\x1b[K^~~~~~~~~~~~~~~~~~~~~\x1b[m\x1b[K\n'}
[76.324969] (livox_sdk2) StderrLine: {'line': b'\x1b[01m\x1b[K/home/cat/TurboSLAM/3rdparty/Livox-SDK2/sdk_core/../3rdparty/rapidjson/internal/dtoa.h:36:1:\x1b[m\x1b[K \x1b[01;36m\x1b[Knote: \x1b[m\x1b[Kin expansion of macro \xe2\x80\x98\x1b[01m\x1b[KRAPIDJSON_DIAG_OFF\x1b[m\x1b[K\xe2\x80\x99\n'}
[76.325312] (livox_sdk2) StderrLine: {'line': b'   36 | \x1b[01;36m\x1b[KRAPIDJSON_DIAG_OFF\x1b[m\x1b[K(array - bounds)  // some gcc versions generate wrong warnings\n'}
[76.325654] (livox_sdk2) StderrLine: {'line': b'      | \x1b[01;36m\x1b[K^~~~~~~~~~~~~~~~~~\x1b[m\x1b[K\n'}
[76.325992] (livox_sdk2) StderrLine: {'line': b'\x1b[01m\x1b[K/home/cat/TurboSLAM/3rdparty/Livox-SDK2/sdk_core/../3rdparty/rapidjson/rapidjson.h:542:29:\x1b[m\x1b[K \x1b[01;36m\x1b[Knote: \x1b[m\x1b[Kdid you mean \xe2\x80\x98\x1b[01m\x1b[K-Warray-bounds\x1b[m\x1b[K\xe2\x80\x99?\n'}
[76.326337] (livox_sdk2) StderrLine: {'line': b'  542 | #define RAPIDJSON_PRAGMA(x) \x1b[01;36m\x1b[K_Pragma\x1b[m\x1b[K(RAPIDJSON_STRINGIFY(x))\n'}
[76.326675] (livox_sdk2) StderrLine: {'line': b'      |                             \x1b[01;36m\x1b[K^~~~~~~\x1b[m\x1b[K\n'}
[76.327073] (livox_sdk2) StderrLine: {'line': b'\x1b[01m\x1b[K/home/cat/TurboSLAM/3rdparty/Livox-SDK2/sdk_core/../3rdparty/rapidjson/rapidjson.h:543:34:\x1b[m\x1b[K \x1b[01;36m\x1b[Knote: \x1b[m\x1b[Kin expansion of macro \xe2\x80\x98\x1b[01m\x1b[KRAPIDJSON_PRAGMA\x1b[m\x1b[K\xe2\x80\x99\n'}
[76.327428] (livox_sdk2) StderrLine: {'line': b'  543 | #define RAPIDJSON_DIAG_PRAGMA(x) \x1b[01;36m\x1b[KRAPIDJSON_PRAGMA\x1b[m\x1b[K(GCC diagnostic x)\n'}
[76.327772] (livox_sdk2) StderrLine: {'line': b'      |                                  \x1b[01;36m\x1b[K^~~~~~~~~~~~~~~~\x1b[m\x1b[K\n'}
[76.328112] (livox_sdk2) StderrLine: {'line': b'\x1b[01m\x1b[K/home/cat/TurboSLAM/3rdparty/Livox-SDK2/sdk_core/../3rdparty/rapidjson/rapidjson.h:545:3:\x1b[m\x1b[K \x1b[01;36m\x1b[Knote: \x1b[m\x1b[Kin expansion of macro \xe2\x80\x98\x1b[01m\x1b[KRAPIDJSON_DIAG_PRAGMA\x1b[m\x1b[K\xe2\x80\x99\n'}
[76.328491] (livox_sdk2) StderrLine: {'line': b'  545 |   \x1b[01;36m\x1b[KRAPIDJSON_DIAG_PRAGMA\x1b[m\x1b[K(ignored RAPIDJSON_STRINGIFY(RAPIDJSON_JOIN(-W, x)))\n'}
[76.328832] (livox_sdk2) StderrLine: {'line': b'      |   \x1b[01;36m\x1b[K^~~~~~~~~~~~~~~~~~~~~\x1b[m\x1b[K\n'}
[76.329172] (livox_sdk2) StderrLine: {'line': b'\x1b[01m\x1b[K/home/cat/TurboSLAM/3rdparty/Livox-SDK2/sdk_core/../3rdparty/rapidjson/internal/dtoa.h:36:1:\x1b[m\x1b[K \x1b[01;36m\x1b[Knote: \x1b[m\x1b[Kin expansion of macro \xe2\x80\x98\x1b[01m\x1b[KRAPIDJSON_DIAG_OFF\x1b[m\x1b[K\xe2\x80\x99\n'}
[76.329563] (livox_sdk2) StderrLine: {'line': b'   36 | \x1b[01;36m\x1b[KRAPIDJSON_DIAG_OFF\x1b[m\x1b[K(array - bounds)  // some gcc versions generate wrong warnings\n'}
[76.329906] (livox_sdk2) StderrLine: {'line': b'      | \x1b[01;36m\x1b[K^~~~~~~~~~~~~~~~~~\x1b[m\x1b[K\n'}
[76.398145] (-) TimerEvent: {}
[76.499095] (-) TimerEvent: {}
[76.600112] (-) TimerEvent: {}
[76.665466] (pangolin) StdoutLine: {'line': b'[ 25%] \x1b[32mBuilding CXX object CMakeFiles/pango_video.dir/components/pango_video/src/video_output.cpp.o\x1b[0m\n'}
[76.700560] (-) TimerEvent: {}
[76.802268] (-) TimerEvent: {}
[76.903896] (-) TimerEvent: {}
[77.005583] (-) TimerEvent: {}
[77.107205] (-) TimerEvent: {}
[77.208948] (-) TimerEvent: {}
[77.310356] (-) TimerEvent: {}
[77.412178] (-) TimerEvent: {}
[77.513873] (-) TimerEvent: {}
[77.615536] (-) TimerEvent: {}
[77.701505] (pangolin) StdoutLine: {'line': b'[ 26%] \x1b[32mBuilding CXX object CMakeFiles/pango_video.dir/components/pango_video/src/video_input.cpp.o\x1b[0m\n'}
[77.715647] (-) TimerEvent: {}
[77.816383] (-) TimerEvent: {}
[77.917136] (-) TimerEvent: {}
[78.001537] (pangolin) StdoutLine: {'line': b'[ 26%] \x1b[32mBuilding CXX object CMakeFiles/pango_video.dir/components/pango_video/src/drivers/images_out.cpp.o\x1b[0m\n'}
[78.017272] (-) TimerEvent: {}
[78.117956] (-) TimerEvent: {}
[78.218681] (-) TimerEvent: {}
[78.319417] (-) TimerEvent: {}
[78.420097] (-) TimerEvent: {}
[78.487438] (livox_ros_driver2) StdoutLine: {'line': b'[ 58%] \x1b[32mBuilding C object CMakeFiles/livox_interfaces2__rosidl_generator_c.dir/rosidl_generator_c/livox_ros_driver2/msg/detail/custom_msg__functions.c.o\x1b[0m\n'}
[78.489939] (livox_ros_driver2) StdoutLine: {'line': b'[ 60%] \x1b[32mBuilding C object CMakeFiles/livox_interfaces2__rosidl_generator_c.dir/rosidl_generator_c/livox_ros_driver2/msg/detail/custom_point__functions.c.o\x1b[0m\n'}
[78.520299] (-) TimerEvent: {}
[78.620990] (-) TimerEvent: {}
[78.707998] (livox_ros_driver2) StdoutLine: {'line': b'[ 62%] \x1b[32m\x1b[1mLinking C shared library liblivox_ros_driver2__rosidl_generator_c.so\x1b[0m\n'}
[78.721131] (-) TimerEvent: {}
[78.768959] (livox_ros_driver2) StdoutLine: {'line': b'[ 62%] Built target livox_interfaces2__rosidl_generator_c\n'}
[78.787758] (livox_ros_driver2) StdoutLine: {'line': b'[ 63%] \x1b[34m\x1b[1mGenerating C type support for eProsima Fast-RTPS\x1b[0m\n'}
[78.815119] (livox_ros_driver2) StdoutLine: {'line': b'[ 65%] \x1b[34m\x1b[1mGenerating C introspection for ROS interfaces\x1b[0m\n'}
[78.821269] (-) TimerEvent: {}
[78.921987] (-) TimerEvent: {}
[79.022678] (-) TimerEvent: {}
[79.123371] (-) TimerEvent: {}
[79.148337] (livox_sdk2) StdoutLine: {'line': b'[ 97%] \x1b[32mBuilding CXX object sdk_core/CMakeFiles/livox_lidar_sdk_shared.dir/base/multiple_io/multiple_io_base.cpp.o\x1b[0m\n'}
[79.223508] (-) TimerEvent: {}
[79.324186] (-) TimerEvent: {}
[79.424963] (-) TimerEvent: {}
[79.525680] (-) TimerEvent: {}
[79.626340] (-) TimerEvent: {}
[79.726773] (-) TimerEvent: {}
[79.817677] (livox_ros_driver2) StdoutLine: {'line': b'[ 67%] \x1b[32mBuilding CXX object CMakeFiles/livox_interfaces2__rosidl_typesupport_fastrtps_c.dir/rosidl_typesupport_fastrtps_c/livox_ros_driver2/msg/detail/custom_point__type_support_c.cpp.o\x1b[0m\n'}
[79.826984] (-) TimerEvent: {}
[79.827712] (livox_ros_driver2) StdoutLine: {'line': b'[ 68%] \x1b[32mBuilding CXX object CMakeFiles/livox_interfaces2__rosidl_typesupport_fastrtps_c.dir/rosidl_typesupport_fastrtps_c/livox_ros_driver2/msg/detail/custom_msg__type_support_c.cpp.o\x1b[0m\n'}
[79.830077] (livox_sdk2) StdoutLine: {'line': b'[ 98%] \x1b[32mBuilding CXX object sdk_core/CMakeFiles/livox_lidar_sdk_shared.dir/base/network/unix/network_util.cpp.o\x1b[0m\n'}
[79.927126] (-) TimerEvent: {}
[80.027539] (-) TimerEvent: {}
[80.067117] (livox_ros_driver2) StdoutLine: {'line': b'[ 70%] \x1b[32mBuilding C object CMakeFiles/livox_interfaces2__rosidl_typesupport_introspection_c.dir/rosidl_typesupport_introspection_c/livox_ros_driver2/msg/detail/custom_point__type_support.c.o\x1b[0m\n'}
[80.069657] (livox_ros_driver2) StdoutLine: {'line': b'[ 72%] \x1b[32mBuilding C object CMakeFiles/livox_interfaces2__rosidl_typesupport_introspection_c.dir/rosidl_typesupport_introspection_c/livox_ros_driver2/msg/detail/custom_msg__type_support.c.o\x1b[0m\n'}
[80.127687] (-) TimerEvent: {}
[80.228150] (-) TimerEvent: {}
[80.275120] (livox_ros_driver2) StdoutLine: {'line': b'[ 74%] \x1b[32m\x1b[1mLinking C shared library liblivox_ros_driver2__rosidl_typesupport_introspection_c.so\x1b[0m\n'}
[80.328299] (-) TimerEvent: {}
[80.343518] (livox_sdk2) StdoutLine: {'line': b'[100%] \x1b[32m\x1b[1mLinking CXX shared library liblivox_lidar_sdk_shared.so\x1b[0m\n'}
[80.387361] (livox_ros_driver2) StdoutLine: {'line': b'[ 74%] Built target livox_interfaces2__rosidl_typesupport_introspection_c\n'}
[80.428458] (-) TimerEvent: {}
[80.430445] (livox_ros_driver2) StdoutLine: {'line': b'[ 75%] \x1b[34m\x1b[1mGenerating C type support dispatch for ROS interfaces\x1b[0m\n'}
[80.528595] (-) TimerEvent: {}
[80.629383] (-) TimerEvent: {}
[80.730227] (-) TimerEvent: {}
[80.831021] (-) TimerEvent: {}
[80.931710] (-) TimerEvent: {}
[81.027020] (pangolin) StdoutLine: {'line': b'[ 27%] \x1b[32mBuilding CXX object CMakeFiles/pango_video.dir/components/pango_video/src/drivers/split.cpp.o\x1b[0m\n'}
[81.031851] (-) TimerEvent: {}
[81.132660] (-) TimerEvent: {}
[81.178981] (livox_ros_driver2) StdoutLine: {'line': b'[ 77%] \x1b[32m\x1b[1mLinking CXX shared library liblivox_ros_driver2__rosidl_typesupport_fastrtps_c.so\x1b[0m\n'}
[81.232808] (-) TimerEvent: {}
[81.333586] (-) TimerEvent: {}
[81.434332] (-) TimerEvent: {}
[81.490827] (livox_sdk2) StdoutLine: {'line': b'[100%] Built target livox_lidar_sdk_shared\n'}
[81.511570] (livox_sdk2) CommandEnded: {'returncode': 0}
[81.512558] (livox_sdk2) JobProgress: {'identifier': 'livox_sdk2', 'progress': 'install'}
[81.527247] (livox_sdk2) Command: {'cmd': ['/usr/bin/cmake', '--install', '/home/cat/TurboSLAM/build/livox_sdk2'], 'cwd': '/home/cat/TurboSLAM/build/livox_sdk2', 'env': OrderedDict([('LESSOPEN', '| /usr/bin/lesspipe %s'), ('USER', 'cat'), ('SSH_CLIENT', '192.168.9.24 20287 22'), ('XDG_SESSION_TYPE', 'tty'), ('SHLVL', '3'), ('LD_LIBRARY_PATH', '/opt/ros/humble/opt/rviz_ogre_vendor/lib:/opt/ros/humble/lib/aarch64-linux-gnu:/opt/ros/humble/lib'), ('MOTD_SHOWN', 'pam'), ('HOME', '/home/cat'), ('MUTTER_DEBUG_ENABLE_ATOMIC_KMS', '0'), ('OLDPWD', '/home/cat/TurboSLAM/src/livox_ros_driver2'), ('SSH_TTY', '/dev/pts/0'), ('ROS_PYTHON_VERSION', '3'), ('DBUS_SESSION_BUS_ADDRESS', 'unix:path=/run/user/1000/bus'), ('ROS_DISTRO', 'humble'), ('LOGNAME', 'cat'), ('_', '/usr/bin/colcon'), ('ROS_VERSION', 'ROS2'), ('XDG_SESSION_CLASS', 'user'), ('TERM', 'xterm'), ('XDG_SESSION_ID', '6'), ('ROS_LOCALHOST_ONLY', '0'), ('PATH', '/opt/ros/humble/bin:/usr/local/sbin:/usr/local/bin:/usr/sbin:/usr/bin:/sbin:/bin:/usr/games:/usr/local/games:/snap/bin'), ('XDG_RUNTIME_DIR', '/run/user/1000'), ('DISPLAY', 'localhost:10.0'), ('LANG', 'zh_CN.UTF-8'), ('LS_COLORS', 'rs=0:di=01;34:ln=01;36:mh=00:pi=40;33:so=01;35:do=01;35:bd=40;33;01:cd=40;33;01:or=40;31;01:mi=00:su=37;41:sg=30;43:ca=30;41:tw=30;42:ow=34;42:st=37;44:ex=01;32:*.tar=01;31:*.tgz=01;31:*.arc=01;31:*.arj=01;31:*.taz=01;31:*.lha=01;31:*.lz4=01;31:*.lzh=01;31:*.lzma=01;31:*.tlz=01;31:*.txz=01;31:*.tzo=01;31:*.t7z=01;31:*.zip=01;31:*.z=01;31:*.dz=01;31:*.gz=01;31:*.lrz=01;31:*.lz=01;31:*.lzo=01;31:*.xz=01;31:*.zst=01;31:*.tzst=01;31:*.bz2=01;31:*.bz=01;31:*.tbz=01;31:*.tbz2=01;31:*.tz=01;31:*.deb=01;31:*.rpm=01;31:*.jar=01;31:*.war=01;31:*.ear=01;31:*.sar=01;31:*.rar=01;31:*.alz=01;31:*.ace=01;31:*.zoo=01;31:*.cpio=01;31:*.7z=01;31:*.rz=01;31:*.cab=01;31:*.wim=01;31:*.swm=01;31:*.dwm=01;31:*.esd=01;31:*.jpg=01;35:*.jpeg=01;35:*.mjpg=01;35:*.mjpeg=01;35:*.gif=01;35:*.bmp=01;35:*.pbm=01;35:*.pgm=01;35:*.ppm=01;35:*.tga=01;35:*.xbm=01;35:*.xpm=01;35:*.tif=01;35:*.tiff=01;35:*.png=01;35:*.svg=01;35:*.svgz=01;35:*.mng=01;35:*.pcx=01;35:*.mov=01;35:*.mpg=01;35:*.mpeg=01;35:*.m2v=01;35:*.mkv=01;35:*.webm=01;35:*.webp=01;35:*.ogm=01;35:*.mp4=01;35:*.m4v=01;35:*.mp4v=01;35:*.vob=01;35:*.qt=01;35:*.nuv=01;35:*.wmv=01;35:*.asf=01;35:*.rm=01;35:*.rmvb=01;35:*.flc=01;35:*.avi=01;35:*.fli=01;35:*.flv=01;35:*.gl=01;35:*.dl=01;35:*.xcf=01;35:*.xwd=01;35:*.yuv=01;35:*.cgm=01;35:*.emf=01;35:*.ogv=01;35:*.ogx=01;35:*.aac=00;36:*.au=00;36:*.flac=00;36:*.m4a=00;36:*.mid=00;36:*.midi=00;36:*.mka=00;36:*.mp3=00;36:*.mpc=00;36:*.ogg=00;36:*.ra=00;36:*.wav=00;36:*.oga=00;36:*.opus=00;36:*.spx=00;36:*.xspf=00;36:'), ('AMENT_PREFIX_PATH', '/opt/ros/humble'), ('SHELL', '/bin/bash'), ('CLUTTER_PAINT', 'disable-dynamic-max-render-time'), ('LESSCLOSE', '/usr/bin/lesspipe %s %s'), ('MUTTER_DEBUG_FORCE_KMS_MODE', 'simple'), ('PWD', '/home/cat/TurboSLAM/build/livox_sdk2'), ('SSH_CONNECTION', '192.168.9.24 20287 192.168.9.29 22'), ('XDG_DATA_DIRS', '/usr/share/gnome:/usr/local/share:/usr/share:/var/lib/snapd/desktop'), ('PYTHONPATH', '/opt/ros/humble/lib/python3.10/site-packages:/opt/ros/humble/local/lib/python3.10/dist-packages'), ('COLCON', '1')]), 'shell': False}
[81.534474] (-) TimerEvent: {}
[81.540018] (livox_sdk2) StdoutLine: {'line': b'-- Install configuration: ""\n'}
[81.540793] (livox_sdk2) StdoutLine: {'line': b'-- Installing: /home/cat/TurboSLAM/install/livox_sdk2/lib/liblivox_lidar_sdk_static.a\n'}
[81.590984] (livox_sdk2) StdoutLine: {'line': b'-- Installing: /home/cat/TurboSLAM/install/livox_sdk2/include/livox_lidar_def.h\n'}
[81.591339] (livox_sdk2) StdoutLine: {'line': b'-- Installing: /home/cat/TurboSLAM/install/livox_sdk2/include/livox_lidar_api.h\n'}
[81.591457] (livox_sdk2) StdoutLine: {'line': b'-- Installing: /home/cat/TurboSLAM/install/livox_sdk2/include/livox_lidar_cfg.h\n'}
[81.591574] (livox_sdk2) StdoutLine: {'line': b'-- Installing: /home/cat/TurboSLAM/install/livox_sdk2/lib/liblivox_lidar_sdk_shared.so\n'}
[81.614255] (livox_sdk2) CommandEnded: {'returncode': 0}
[81.614661] (livox_sdk2) JobEnded: {'identifier': 'livox_sdk2', 'rc': 0}
[81.622310] (livox_ros_driver2) StdoutLine: {'line': b'[ 77%] Built target livox_interfaces2__rosidl_typesupport_fastrtps_c\n'}
[81.634755] (-) TimerEvent: {}
[81.735664] (-) TimerEvent: {}
[81.836603] (-) TimerEvent: {}
[81.937630] (-) TimerEvent: {}
[82.038562] (-) TimerEvent: {}
[82.139536] (-) TimerEvent: {}
[82.240498] (-) TimerEvent: {}
[82.341396] (-) TimerEvent: {}
[82.442340] (-) TimerEvent: {}
[82.543299] (-) TimerEvent: {}
[82.644198] (-) TimerEvent: {}
[82.745144] (-) TimerEvent: {}
[82.794529] (livox_ros_driver2) StdoutLine: {'line': b'[ 81%] \x1b[32mBuilding CXX object CMakeFiles/livox_interfaces2__rosidl_typesupport_c.dir/rosidl_typesupport_c/livox_ros_driver2/msg/custom_msg__type_support.cpp.o\x1b[0m\n'}
[82.795243] (livox_ros_driver2) StdoutLine: {'line': b'[ 81%] \x1b[32mBuilding CXX object CMakeFiles/livox_interfaces2__rosidl_typesupport_c.dir/rosidl_typesupport_c/livox_ros_driver2/msg/custom_point__type_support.cpp.o\x1b[0m\n'}
[82.845463] (-) TimerEvent: {}
[82.931713] (livox_ros_driver2) StdoutLine: {'line': b'[ 82%] \x1b[32m\x1b[1mLinking CXX shared library liblivox_ros_driver2__rosidl_typesupport_c.so\x1b[0m\n'}
[82.945799] (-) TimerEvent: {}
[83.046818] (-) TimerEvent: {}
[83.088623] (livox_ros_driver2) StdoutLine: {'line': b'[ 82%] Built target livox_interfaces2__rosidl_typesupport_c\n'}
[83.147163] (-) TimerEvent: {}
[83.168299] (livox_ros_driver2) StdoutLine: {'line': b'[ 82%] Built target livox_interfaces2\n'}
[83.244609] (pangolin) StdoutLine: {'line': b'[ 27%] \x1b[32mBuilding CXX object CMakeFiles/pango_video.dir/components/pango_video/src/drivers/truncate.cpp.o\x1b[0m\n'}
[83.247311] (-) TimerEvent: {}
[83.248375] (livox_ros_driver2) StdoutLine: {'line': b'[ 84%] \x1b[34m\x1b[1mGenerating Python code for ROS interfaces\x1b[0m\n'}
[83.347602] (-) TimerEvent: {}
[83.448521] (-) TimerEvent: {}
[83.549447] (-) TimerEvent: {}
[83.650365] (-) TimerEvent: {}
[83.751152] (-) TimerEvent: {}
[83.852044] (-) TimerEvent: {}
[83.947494] (pangolin) StdoutLine: {'line': b'[ 28%] \x1b[32mBuilding CXX object CMakeFiles/pango_video.dir/components/pango_video/src/drivers/pango.cpp.o\x1b[0m\n'}
[83.952261] (-) TimerEvent: {}
[84.053162] (-) TimerEvent: {}
[84.154358] (-) TimerEvent: {}
[84.255373] (-) TimerEvent: {}
[84.356404] (-) TimerEvent: {}
[84.444232] (pangolin) StdoutLine: {'line': b'[ 28%] \x1b[32mBuilding CXX object CMakeFiles/pango_video.dir/components/pango_video/src/drivers/pango_video_output.cpp.o\x1b[0m\n'}
[84.456733] (-) TimerEvent: {}
[84.557690] (-) TimerEvent: {}
[84.658611] (-) TimerEvent: {}
[84.759570] (-) TimerEvent: {}
[84.860542] (-) TimerEvent: {}
[84.961676] (-) TimerEvent: {}
[85.062585] (-) TimerEvent: {}
[85.163501] (-) TimerEvent: {}
[85.264320] (-) TimerEvent: {}
[85.365272] (-) TimerEvent: {}
[85.466250] (-) TimerEvent: {}
[85.567147] (-) TimerEvent: {}
[85.668084] (-) TimerEvent: {}
[85.769035] (-) TimerEvent: {}
[85.869983] (-) TimerEvent: {}
[85.971303] (-) TimerEvent: {}
[86.072270] (-) TimerEvent: {}
[86.173217] (-) TimerEvent: {}
[86.274510] (-) TimerEvent: {}
[86.284693] (pangolin) StdoutLine: {'line': b'[ 29%] \x1b[32mBuilding CXX object CMakeFiles/pango_video.dir/components/pango_video/src/drivers/debayer.cpp.o\x1b[0m\n'}
[86.374734] (-) TimerEvent: {}
[86.475681] (-) TimerEvent: {}
[86.576704] (-) TimerEvent: {}
[86.677656] (-) TimerEvent: {}
[86.778619] (-) TimerEvent: {}
[86.879591] (-) TimerEvent: {}
[86.980525] (-) TimerEvent: {}
[87.081427] (-) TimerEvent: {}
[87.182350] (-) TimerEvent: {}
[87.283315] (-) TimerEvent: {}
[87.384273] (-) TimerEvent: {}
[87.485258] (-) TimerEvent: {}
[87.586383] (-) TimerEvent: {}
[87.591625] (livox_ros_driver2) StdoutLine: {'line': b'[ 84%] Built target livox_interfaces2__py\n'}
[87.671337] (livox_ros_driver2) StdoutLine: {'line': b'[ 87%] \x1b[32mBuilding C object CMakeFiles/livox_interfaces2__rosidl_generator_py.dir/rosidl_generator_py/livox_ros_driver2/msg/_custom_msg_s.c.o\x1b[0m\n'}
[87.672228] (livox_ros_driver2) StdoutLine: {'line': b'[ 87%] \x1b[32mBuilding C object CMakeFiles/livox_interfaces2__rosidl_generator_py.dir/rosidl_generator_py/livox_ros_driver2/msg/_custom_point_s.c.o\x1b[0m\n'}
[87.686741] (-) TimerEvent: {}
[87.788192] (-) TimerEvent: {}
[87.849693] (pangolin) StdoutLine: {'line': b'[ 29%] \x1b[32mBuilding CXX object CMakeFiles/pango_video.dir/components/pango_video/src/drivers/shift.cpp.o\x1b[0m\n'}
[87.888404] (-) TimerEvent: {}
[87.897007] (pangolin) StdoutLine: {'line': b'[ 30%] \x1b[32mBuilding CXX object CMakeFiles/pango_video.dir/components/pango_video/src/drivers/transform.cpp.o\x1b[0m\n'}
[87.988721] (-) TimerEvent: {}
[88.090423] (-) TimerEvent: {}
[88.192015] (-) TimerEvent: {}
[88.214044] (livox_ros_driver2) StdoutLine: {'line': b'[ 89%] \x1b[32m\x1b[1mLinking C shared library rosidl_generator_py/livox_ros_driver2/liblivox_interfaces2__rosidl_generator_py.so\x1b[0m\n'}
[88.292334] (-) TimerEvent: {}
[88.393201] (-) TimerEvent: {}
[88.420590] (livox_ros_driver2) StdoutLine: {'line': b'[ 89%] Built target livox_interfaces2__rosidl_generator_py\n'}
[88.493455] (-) TimerEvent: {}
[88.501156] (livox_ros_driver2) StdoutLine: {'line': b'[ 94%] \x1b[32mBuilding C object CMakeFiles/livox_ros_driver2__rosidl_typesupport_c__pyext.dir/rosidl_generator_py/livox_ros_driver2/_livox_ros_driver2_s.ep.rosidl_typesupport_c.c.o\x1b[0m\n'}
[88.502016] (livox_ros_driver2) StdoutLine: {'line': b'[ 94%] \x1b[32mBuilding C object CMakeFiles/livox_ros_driver2__rosidl_typesupport_introspection_c__pyext.dir/rosidl_generator_py/livox_ros_driver2/_livox_ros_driver2_s.ep.rosidl_typesupport_introspection_c.c.o\x1b[0m\n'}
[88.502768] (livox_ros_driver2) StdoutLine: {'line': b'[ 94%] \x1b[32mBuilding C object CMakeFiles/livox_ros_driver2__rosidl_typesupport_fastrtps_c__pyext.dir/rosidl_generator_py/livox_ros_driver2/_livox_ros_driver2_s.ep.rosidl_typesupport_fastrtps_c.c.o\x1b[0m\n'}
[88.593733] (-) TimerEvent: {}
[88.694600] (-) TimerEvent: {}
[88.795445] (-) TimerEvent: {}
[88.896339] (-) TimerEvent: {}
[88.997264] (-) TimerEvent: {}
[88.999926] (livox_ros_driver2) StdoutLine: {'line': b'[ 98%] \x1b[32m\x1b[1mLinking C shared library rosidl_generator_py/livox_ros_driver2/livox_ros_driver2_s__rosidl_typesupport_c.cpython-310-aarch64-linux-gnu.so\x1b[0m\n'}
[89.001369] (livox_ros_driver2) StdoutLine: {'line': b'[ 98%] \x1b[32m\x1b[1mLinking C shared library rosidl_generator_py/livox_ros_driver2/livox_ros_driver2_s__rosidl_typesupport_introspection_c.cpython-310-aarch64-linux-gnu.so\x1b[0m\n'}
[89.009098] (livox_ros_driver2) StdoutLine: {'line': b'[100%] \x1b[32m\x1b[1mLinking C shared library rosidl_generator_py/livox_ros_driver2/livox_ros_driver2_s__rosidl_typesupport_fastrtps_c.cpython-310-aarch64-linux-gnu.so\x1b[0m\n'}
[89.097520] (-) TimerEvent: {}
[89.181790] (livox_ros_driver2) StdoutLine: {'line': b'[100%] Built target livox_ros_driver2__rosidl_typesupport_c__pyext\n'}
[89.186667] (livox_ros_driver2) StdoutLine: {'line': b'[100%] Built target livox_ros_driver2__rosidl_typesupport_fastrtps_c__pyext\n'}
[89.193324] (livox_ros_driver2) StdoutLine: {'line': b'[100%] Built target livox_ros_driver2__rosidl_typesupport_introspection_c__pyext\n'}
[89.197723] (-) TimerEvent: {}
[89.245470] (livox_ros_driver2) CommandEnded: {'returncode': 0}
[89.249019] (livox_ros_driver2) JobProgress: {'identifier': 'livox_ros_driver2', 'progress': 'install'}
[89.252638] (livox_ros_driver2) Command: {'cmd': ['/usr/bin/cmake', '--install', '/home/cat/TurboSLAM/build/livox_ros_driver2'], 'cwd': '/home/cat/TurboSLAM/build/livox_ros_driver2', 'env': OrderedDict([('LESSOPEN', '| /usr/bin/lesspipe %s'), ('USER', 'cat'), ('SSH_CLIENT', '192.168.9.24 20287 22'), ('XDG_SESSION_TYPE', 'tty'), ('SHLVL', '3'), ('LD_LIBRARY_PATH', '/opt/ros/humble/opt/rviz_ogre_vendor/lib:/opt/ros/humble/lib/aarch64-linux-gnu:/opt/ros/humble/lib'), ('MOTD_SHOWN', 'pam'), ('HOME', '/home/cat'), ('MUTTER_DEBUG_ENABLE_ATOMIC_KMS', '0'), ('OLDPWD', '/home/cat/TurboSLAM/src/livox_ros_driver2'), ('SSH_TTY', '/dev/pts/0'), ('ROS_PYTHON_VERSION', '3'), ('DBUS_SESSION_BUS_ADDRESS', 'unix:path=/run/user/1000/bus'), ('ROS_DISTRO', 'humble'), ('LOGNAME', 'cat'), ('_', '/usr/bin/colcon'), ('ROS_VERSION', 'ROS2'), ('XDG_SESSION_CLASS', 'user'), ('TERM', 'xterm'), ('XDG_SESSION_ID', '6'), ('ROS_LOCALHOST_ONLY', '0'), ('PATH', '/opt/ros/humble/bin:/usr/local/sbin:/usr/local/bin:/usr/sbin:/usr/bin:/sbin:/bin:/usr/games:/usr/local/games:/snap/bin'), ('XDG_RUNTIME_DIR', '/run/user/1000'), ('DISPLAY', 'localhost:10.0'), ('LANG', 'zh_CN.UTF-8'), ('LS_COLORS', 'rs=0:di=01;34:ln=01;36:mh=00:pi=40;33:so=01;35:do=01;35:bd=40;33;01:cd=40;33;01:or=40;31;01:mi=00:su=37;41:sg=30;43:ca=30;41:tw=30;42:ow=34;42:st=37;44:ex=01;32:*.tar=01;31:*.tgz=01;31:*.arc=01;31:*.arj=01;31:*.taz=01;31:*.lha=01;31:*.lz4=01;31:*.lzh=01;31:*.lzma=01;31:*.tlz=01;31:*.txz=01;31:*.tzo=01;31:*.t7z=01;31:*.zip=01;31:*.z=01;31:*.dz=01;31:*.gz=01;31:*.lrz=01;31:*.lz=01;31:*.lzo=01;31:*.xz=01;31:*.zst=01;31:*.tzst=01;31:*.bz2=01;31:*.bz=01;31:*.tbz=01;31:*.tbz2=01;31:*.tz=01;31:*.deb=01;31:*.rpm=01;31:*.jar=01;31:*.war=01;31:*.ear=01;31:*.sar=01;31:*.rar=01;31:*.alz=01;31:*.ace=01;31:*.zoo=01;31:*.cpio=01;31:*.7z=01;31:*.rz=01;31:*.cab=01;31:*.wim=01;31:*.swm=01;31:*.dwm=01;31:*.esd=01;31:*.jpg=01;35:*.jpeg=01;35:*.mjpg=01;35:*.mjpeg=01;35:*.gif=01;35:*.bmp=01;35:*.pbm=01;35:*.pgm=01;35:*.ppm=01;35:*.tga=01;35:*.xbm=01;35:*.xpm=01;35:*.tif=01;35:*.tiff=01;35:*.png=01;35:*.svg=01;35:*.svgz=01;35:*.mng=01;35:*.pcx=01;35:*.mov=01;35:*.mpg=01;35:*.mpeg=01;35:*.m2v=01;35:*.mkv=01;35:*.webm=01;35:*.webp=01;35:*.ogm=01;35:*.mp4=01;35:*.m4v=01;35:*.mp4v=01;35:*.vob=01;35:*.qt=01;35:*.nuv=01;35:*.wmv=01;35:*.asf=01;35:*.rm=01;35:*.rmvb=01;35:*.flc=01;35:*.avi=01;35:*.fli=01;35:*.flv=01;35:*.gl=01;35:*.dl=01;35:*.xcf=01;35:*.xwd=01;35:*.yuv=01;35:*.cgm=01;35:*.emf=01;35:*.ogv=01;35:*.ogx=01;35:*.aac=00;36:*.au=00;36:*.flac=00;36:*.m4a=00;36:*.mid=00;36:*.midi=00;36:*.mka=00;36:*.mp3=00;36:*.mpc=00;36:*.ogg=00;36:*.ra=00;36:*.wav=00;36:*.oga=00;36:*.opus=00;36:*.spx=00;36:*.xspf=00;36:'), ('AMENT_PREFIX_PATH', '/opt/ros/humble'), ('SHELL', '/bin/bash'), ('CLUTTER_PAINT', 'disable-dynamic-max-render-time'), ('LESSCLOSE', '/usr/bin/lesspipe %s %s'), ('MUTTER_DEBUG_FORCE_KMS_MODE', 'simple'), ('PWD', '/home/cat/TurboSLAM/build/livox_ros_driver2'), ('SSH_CONNECTION', '192.168.9.24 20287 192.168.9.29 22'), ('XDG_DATA_DIRS', '/usr/share/gnome:/usr/local/share:/usr/share:/var/lib/snapd/desktop'), ('PYTHONPATH', '/opt/ros/humble/lib/python3.10/site-packages:/opt/ros/humble/local/lib/python3.10/dist-packages'), ('COLCON', '1'), ('CMAKE_PREFIX_PATH', '/opt/ros/humble')]), 'shell': False}
[89.287307] (livox_ros_driver2) StdoutLine: {'line': b'-- Install configuration: ""\n'}
[89.288262] (livox_ros_driver2) StdoutLine: {'line': b'-- Installing: /home/cat/TurboSLAM/install/livox_ros_driver2/share/ament_index/resource_index/rosidl_interfaces/livox_ros_driver2\n'}
[89.289002] (livox_ros_driver2) StdoutLine: {'line': b'-- Installing: /home/cat/TurboSLAM/install/livox_ros_driver2/include/livox_ros_driver2/livox_ros_driver2\n'}
[89.289716] (livox_ros_driver2) StdoutLine: {'line': b'-- Installing: /home/cat/TurboSLAM/install/livox_ros_driver2/include/livox_ros_driver2/livox_ros_driver2/msg\n'}
[89.290346] (livox_ros_driver2) StdoutLine: {'line': b'-- Installing: /home/cat/TurboSLAM/install/livox_ros_driver2/include/livox_ros_driver2/livox_ros_driver2/msg/custom_msg.h\n'}
[89.291173] (livox_ros_driver2) StdoutLine: {'line': b'-- Installing: /home/cat/TurboSLAM/install/livox_ros_driver2/include/livox_ros_driver2/livox_ros_driver2/msg/rosidl_generator_c__visibility_control.h\n'}
[89.291814] (livox_ros_driver2) StdoutLine: {'line': b'-- Installing: /home/cat/TurboSLAM/install/livox_ros_driver2/include/livox_ros_driver2/livox_ros_driver2/msg/detail\n'}
[89.292408] (livox_ros_driver2) StdoutLine: {'line': b'-- Installing: /home/cat/TurboSLAM/install/livox_ros_driver2/include/livox_ros_driver2/livox_ros_driver2/msg/detail/custom_msg__functions.h\n'}
[89.293063] (livox_ros_driver2) StdoutLine: {'line': b'-- Installing: /home/cat/TurboSLAM/install/livox_ros_driver2/include/livox_ros_driver2/livox_ros_driver2/msg/detail/custom_point__functions.c\n'}
[89.293857] (livox_ros_driver2) StdoutLine: {'line': b'-- Installing: /home/cat/TurboSLAM/install/livox_ros_driver2/include/livox_ros_driver2/livox_ros_driver2/msg/detail/custom_msg__struct.h\n'}
[89.294402] (livox_ros_driver2) StdoutLine: {'line': b'-- Installing: /home/cat/TurboSLAM/install/livox_ros_driver2/include/livox_ros_driver2/livox_ros_driver2/msg/detail/custom_msg__functions.c\n'}
[89.295152] (livox_ros_driver2) StdoutLine: {'line': b'-- Installing: /home/cat/TurboSLAM/install/livox_ros_driver2/include/livox_ros_driver2/livox_ros_driver2/msg/detail/custom_msg__type_support.h\n'}
[89.295719] (livox_ros_driver2) StdoutLine: {'line': b'-- Installing: /home/cat/TurboSLAM/install/livox_ros_driver2/include/livox_ros_driver2/livox_ros_driver2/msg/detail/custom_point__functions.h\n'}
[89.296220] (livox_ros_driver2) StdoutLine: {'line': b'-- Installing: /home/cat/TurboSLAM/install/livox_ros_driver2/include/livox_ros_driver2/livox_ros_driver2/msg/detail/custom_point__struct.h\n'}
[89.296815] (livox_ros_driver2) StdoutLine: {'line': b'-- Installing: /home/cat/TurboSLAM/install/livox_ros_driver2/include/livox_ros_driver2/livox_ros_driver2/msg/detail/custom_point__type_support.h\n'}
[89.297456] (livox_ros_driver2) StdoutLine: {'line': b'-- Installing: /home/cat/TurboSLAM/install/livox_ros_driver2/include/livox_ros_driver2/livox_ros_driver2/msg/custom_point.h\n'}
[89.298052] (-) TimerEvent: {}
[89.298575] (livox_ros_driver2) StdoutLine: {'line': b'-- Installing: /home/cat/TurboSLAM/install/livox_ros_driver2/share/livox_ros_driver2/environment/library_path.sh\n'}
[89.299121] (livox_ros_driver2) StdoutLine: {'line': b'-- Installing: /home/cat/TurboSLAM/install/livox_ros_driver2/share/livox_ros_driver2/environment/library_path.dsv\n'}
[89.299915] (livox_ros_driver2) StdoutLine: {'line': b'-- Installing: /home/cat/TurboSLAM/install/livox_ros_driver2/lib/liblivox_ros_driver2__rosidl_generator_c.so\n'}
[89.300496] (livox_ros_driver2) StdoutLine: {'line': b'-- Set runtime path of "/home/cat/TurboSLAM/install/livox_ros_driver2/lib/liblivox_ros_driver2__rosidl_generator_c.so" to ""\n'}
[89.301078] (livox_ros_driver2) StdoutLine: {'line': b'-- Up-to-date: /home/cat/TurboSLAM/install/livox_ros_driver2/include/livox_ros_driver2/livox_ros_driver2\n'}
[89.301639] (livox_ros_driver2) StdoutLine: {'line': b'-- Up-to-date: /home/cat/TurboSLAM/install/livox_ros_driver2/include/livox_ros_driver2/livox_ros_driver2/msg\n'}
[89.302195] (livox_ros_driver2) StdoutLine: {'line': b'-- Up-to-date: /home/cat/TurboSLAM/install/livox_ros_driver2/include/livox_ros_driver2/livox_ros_driver2/msg/detail\n'}
[89.302659] (livox_ros_driver2) StdoutLine: {'line': b'-- Installing: /home/cat/TurboSLAM/install/livox_ros_driver2/include/livox_ros_driver2/livox_ros_driver2/msg/detail/custom_msg__rosidl_typesupport_fastrtps_c.h\n'}
[89.303094] (livox_ros_driver2) StdoutLine: {'line': b'-- Installing: /home/cat/TurboSLAM/install/livox_ros_driver2/include/livox_ros_driver2/livox_ros_driver2/msg/detail/custom_point__rosidl_typesupport_fastrtps_c.h\n'}
[89.303801] (livox_ros_driver2) StdoutLine: {'line': b'-- Installing: /home/cat/TurboSLAM/install/livox_ros_driver2/include/livox_ros_driver2/livox_ros_driver2/msg/rosidl_typesupport_fastrtps_c__visibility_control.h\n'}
[89.304332] (livox_ros_driver2) StdoutLine: {'line': b'-- Installing: /home/cat/TurboSLAM/install/livox_ros_driver2/lib/liblivox_ros_driver2__rosidl_typesupport_fastrtps_c.so\n'}
[89.304923] (livox_ros_driver2) StdoutLine: {'line': b'-- Set runtime path of "/home/cat/TurboSLAM/install/livox_ros_driver2/lib/liblivox_ros_driver2__rosidl_typesupport_fastrtps_c.so" to ""\n'}
[89.305443] (livox_ros_driver2) StdoutLine: {'line': b'-- Up-to-date: /home/cat/TurboSLAM/install/livox_ros_driver2/include/livox_ros_driver2/livox_ros_driver2\n'}
[89.306073] (livox_ros_driver2) StdoutLine: {'line': b'-- Up-to-date: /home/cat/TurboSLAM/install/livox_ros_driver2/include/livox_ros_driver2/livox_ros_driver2/msg\n'}
[89.306616] (livox_ros_driver2) StdoutLine: {'line': b'-- Installing: /home/cat/TurboSLAM/install/livox_ros_driver2/include/livox_ros_driver2/livox_ros_driver2/msg/rosidl_typesupport_introspection_c__visibility_control.h\n'}
[89.307063] (livox_ros_driver2) StdoutLine: {'line': b'-- Up-to-date: /home/cat/TurboSLAM/install/livox_ros_driver2/include/livox_ros_driver2/livox_ros_driver2/msg/detail\n'}
[89.307572] (livox_ros_driver2) StdoutLine: {'line': b'-- Installing: /home/cat/TurboSLAM/install/livox_ros_driver2/include/livox_ros_driver2/livox_ros_driver2/msg/detail/custom_point__rosidl_typesupport_introspection_c.h\n'}
[89.307953] (livox_ros_driver2) StdoutLine: {'line': b'-- Installing: /home/cat/TurboSLAM/install/livox_ros_driver2/include/livox_ros_driver2/livox_ros_driver2/msg/detail/custom_msg__rosidl_typesupport_introspection_c.h\n'}
[89.308318] (livox_ros_driver2) StdoutLine: {'line': b'-- Installing: /home/cat/TurboSLAM/install/livox_ros_driver2/include/livox_ros_driver2/livox_ros_driver2/msg/detail/custom_point__type_support.c\n'}
[89.308907] (livox_ros_driver2) StdoutLine: {'line': b'-- Installing: /home/cat/TurboSLAM/install/livox_ros_driver2/include/livox_ros_driver2/livox_ros_driver2/msg/detail/custom_msg__type_support.c\n'}
[89.309304] (livox_ros_driver2) StdoutLine: {'line': b'-- Installing: /home/cat/TurboSLAM/install/livox_ros_driver2/lib/liblivox_ros_driver2__rosidl_typesupport_introspection_c.so\n'}
[89.309677] (livox_ros_driver2) StdoutLine: {'line': b'-- Set runtime path of "/home/cat/TurboSLAM/install/livox_ros_driver2/lib/liblivox_ros_driver2__rosidl_typesupport_introspection_c.so" to ""\n'}
[89.310175] (livox_ros_driver2) StdoutLine: {'line': b'-- Installing: /home/cat/TurboSLAM/install/livox_ros_driver2/lib/liblivox_ros_driver2__rosidl_typesupport_c.so\n'}
[89.310808] (livox_ros_driver2) StdoutLine: {'line': b'-- Set runtime path of "/home/cat/TurboSLAM/install/livox_ros_driver2/lib/liblivox_ros_driver2__rosidl_typesupport_c.so" to ""\n'}
[89.311250] (livox_ros_driver2) StdoutLine: {'line': b'-- Up-to-date: /home/cat/TurboSLAM/install/livox_ros_driver2/include/livox_ros_driver2/livox_ros_driver2\n'}
[89.311705] (livox_ros_driver2) StdoutLine: {'line': b'-- Up-to-date: /home/cat/TurboSLAM/install/livox_ros_driver2/include/livox_ros_driver2/livox_ros_driver2/msg\n'}
[89.312273] (livox_ros_driver2) StdoutLine: {'line': b'-- Installing: /home/cat/TurboSLAM/install/livox_ros_driver2/include/livox_ros_driver2/livox_ros_driver2/msg/rosidl_generator_cpp__visibility_control.hpp\n'}
[89.312747] (livox_ros_driver2) StdoutLine: {'line': b'-- Installing: /home/cat/TurboSLAM/install/livox_ros_driver2/include/livox_ros_driver2/livox_ros_driver2/msg/custom_msg.hpp\n'}
[89.313215] (livox_ros_driver2) StdoutLine: {'line': b'-- Installing: /home/cat/TurboSLAM/install/livox_ros_driver2/include/livox_ros_driver2/livox_ros_driver2/msg/custom_point.hpp\n'}
[89.313719] (livox_ros_driver2) StdoutLine: {'line': b'-- Up-to-date: /home/cat/TurboSLAM/install/livox_ros_driver2/include/livox_ros_driver2/livox_ros_driver2/msg/detail\n'}
[89.314205] (livox_ros_driver2) StdoutLine: {'line': b'-- Installing: /home/cat/TurboSLAM/install/livox_ros_driver2/include/livox_ros_driver2/livox_ros_driver2/msg/detail/custom_point__type_support.hpp\n'}
[89.314705] (livox_ros_driver2) StdoutLine: {'line': b'-- Installing: /home/cat/TurboSLAM/install/livox_ros_driver2/include/livox_ros_driver2/livox_ros_driver2/msg/detail/custom_point__struct.hpp\n'}
[89.315162] (livox_ros_driver2) StdoutLine: {'line': b'-- Installing: /home/cat/TurboSLAM/install/livox_ros_driver2/include/livox_ros_driver2/livox_ros_driver2/msg/detail/custom_msg__struct.hpp\n'}
[89.315637] (livox_ros_driver2) StdoutLine: {'line': b'-- Installing: /home/cat/TurboSLAM/install/livox_ros_driver2/include/livox_ros_driver2/livox_ros_driver2/msg/detail/custom_msg__type_support.hpp\n'}
[89.316036] (livox_ros_driver2) StdoutLine: {'line': b'-- Installing: /home/cat/TurboSLAM/install/livox_ros_driver2/include/livox_ros_driver2/livox_ros_driver2/msg/detail/custom_point__builder.hpp\n'}
[89.316666] (livox_ros_driver2) StdoutLine: {'line': b'-- Installing: /home/cat/TurboSLAM/install/livox_ros_driver2/include/livox_ros_driver2/livox_ros_driver2/msg/detail/custom_msg__builder.hpp\n'}
[89.317232] (livox_ros_driver2) StdoutLine: {'line': b'-- Installing: /home/cat/TurboSLAM/install/livox_ros_driver2/include/livox_ros_driver2/livox_ros_driver2/msg/detail/custom_point__traits.hpp\n'}
[89.317819] (livox_ros_driver2) StdoutLine: {'line': b'-- Installing: /home/cat/TurboSLAM/install/livox_ros_driver2/include/livox_ros_driver2/livox_ros_driver2/msg/detail/custom_msg__traits.hpp\n'}
[89.318329] (livox_ros_driver2) StdoutLine: {'line': b'-- Up-to-date: /home/cat/TurboSLAM/install/livox_ros_driver2/include/livox_ros_driver2/livox_ros_driver2\n'}
[89.318737] (livox_ros_driver2) StdoutLine: {'line': b'-- Up-to-date: /home/cat/TurboSLAM/install/livox_ros_driver2/include/livox_ros_driver2/livox_ros_driver2/msg\n'}
[89.319220] (livox_ros_driver2) StdoutLine: {'line': b'-- Installing: /home/cat/TurboSLAM/install/livox_ros_driver2/include/livox_ros_driver2/livox_ros_driver2/msg/rosidl_typesupport_fastrtps_cpp__visibility_control.h\n'}
[89.319607] (livox_ros_driver2) StdoutLine: {'line': b'-- Up-to-date: /home/cat/TurboSLAM/install/livox_ros_driver2/include/livox_ros_driver2/livox_ros_driver2/msg/detail\n'}
[89.319984] (livox_ros_driver2) StdoutLine: {'line': b'-- Installing: /home/cat/TurboSLAM/install/livox_ros_driver2/include/livox_ros_driver2/livox_ros_driver2/msg/detail/custom_msg__rosidl_typesupport_fastrtps_cpp.hpp\n'}
[89.320437] (livox_ros_driver2) StdoutLine: {'line': b'-- Installing: /home/cat/TurboSLAM/install/livox_ros_driver2/include/livox_ros_driver2/livox_ros_driver2/msg/detail/custom_point__rosidl_typesupport_fastrtps_cpp.hpp\n'}
[89.321017] (livox_ros_driver2) StdoutLine: {'line': b'-- Installing: /home/cat/TurboSLAM/install/livox_ros_driver2/include/livox_ros_driver2/livox_ros_driver2/msg/detail/dds_fastrtps\n'}
[89.321633] (livox_ros_driver2) StdoutLine: {'line': b'-- Installing: /home/cat/TurboSLAM/install/livox_ros_driver2/lib/liblivox_ros_driver2__rosidl_typesupport_fastrtps_cpp.so\n'}
[89.322132] (livox_ros_driver2) StdoutLine: {'line': b'-- Set runtime path of "/home/cat/TurboSLAM/install/livox_ros_driver2/lib/liblivox_ros_driver2__rosidl_typesupport_fastrtps_cpp.so" to ""\n'}
[89.322612] (livox_ros_driver2) StdoutLine: {'line': b'-- Up-to-date: /home/cat/TurboSLAM/install/livox_ros_driver2/include/livox_ros_driver2/livox_ros_driver2\n'}
[89.323091] (livox_ros_driver2) StdoutLine: {'line': b'-- Up-to-date: /home/cat/TurboSLAM/install/livox_ros_driver2/include/livox_ros_driver2/livox_ros_driver2/msg\n'}
[89.323476] (livox_ros_driver2) StdoutLine: {'line': b'-- Up-to-date: /home/cat/TurboSLAM/install/livox_ros_driver2/include/livox_ros_driver2/livox_ros_driver2/msg/detail\n'}
[89.323991] (livox_ros_driver2) StdoutLine: {'line': b'-- Installing: /home/cat/TurboSLAM/install/livox_ros_driver2/include/livox_ros_driver2/livox_ros_driver2/msg/detail/custom_msg__type_support.cpp\n'}
[89.324380] (livox_ros_driver2) StdoutLine: {'line': b'-- Installing: /home/cat/TurboSLAM/install/livox_ros_driver2/include/livox_ros_driver2/livox_ros_driver2/msg/detail/custom_msg__rosidl_typesupport_introspection_cpp.hpp\n'}
[89.324750] (livox_ros_driver2) StdoutLine: {'line': b'-- Installing: /home/cat/TurboSLAM/install/livox_ros_driver2/include/livox_ros_driver2/livox_ros_driver2/msg/detail/custom_point__rosidl_typesupport_introspection_cpp.hpp\n'}
[89.325113] (livox_ros_driver2) StdoutLine: {'line': b'-- Installing: /home/cat/TurboSLAM/install/livox_ros_driver2/include/livox_ros_driver2/livox_ros_driver2/msg/detail/custom_point__type_support.cpp\n'}
[89.325611] (livox_ros_driver2) StdoutLine: {'line': b'-- Installing: /home/cat/TurboSLAM/install/livox_ros_driver2/lib/liblivox_ros_driver2__rosidl_typesupport_introspection_cpp.so\n'}
[89.326098] (livox_ros_driver2) StdoutLine: {'line': b'-- Set runtime path of "/home/cat/TurboSLAM/install/livox_ros_driver2/lib/liblivox_ros_driver2__rosidl_typesupport_introspection_cpp.so" to ""\n'}
[89.326530] (livox_ros_driver2) StdoutLine: {'line': b'-- Installing: /home/cat/TurboSLAM/install/livox_ros_driver2/lib/liblivox_ros_driver2__rosidl_typesupport_cpp.so\n'}
[89.327026] (livox_ros_driver2) StdoutLine: {'line': b'-- Set runtime path of "/home/cat/TurboSLAM/install/livox_ros_driver2/lib/liblivox_ros_driver2__rosidl_typesupport_cpp.so" to ""\n'}
[89.327519] (livox_ros_driver2) StdoutLine: {'line': b'-- Installing: /home/cat/TurboSLAM/install/livox_ros_driver2/share/livox_ros_driver2/environment/pythonpath.sh\n'}
[89.328052] (livox_ros_driver2) StdoutLine: {'line': b'-- Installing: /home/cat/TurboSLAM/install/livox_ros_driver2/share/livox_ros_driver2/environment/pythonpath.dsv\n'}
[89.328555] (livox_ros_driver2) StdoutLine: {'line': b'-- Installing: /home/cat/TurboSLAM/install/livox_ros_driver2/local/lib/python3.10/dist-packages/livox_ros_driver2-1.0.0-py3.10.egg-info\n'}
[89.329252] (livox_ros_driver2) StdoutLine: {'line': b'-- Installing: /home/cat/TurboSLAM/install/livox_ros_driver2/local/lib/python3.10/dist-packages/livox_ros_driver2-1.0.0-py3.10.egg-info/top_level.txt\n'}
[89.329812] (livox_ros_driver2) StdoutLine: {'line': b'-- Installing: /home/cat/TurboSLAM/install/livox_ros_driver2/local/lib/python3.10/dist-packages/livox_ros_driver2-1.0.0-py3.10.egg-info/SOURCES.txt\n'}
[89.330326] (livox_ros_driver2) StdoutLine: {'line': b'-- Installing: /home/cat/TurboSLAM/install/livox_ros_driver2/local/lib/python3.10/dist-packages/livox_ros_driver2-1.0.0-py3.10.egg-info/PKG-INFO\n'}
[89.330872] (livox_ros_driver2) StdoutLine: {'line': b'-- Installing: /home/cat/TurboSLAM/install/livox_ros_driver2/local/lib/python3.10/dist-packages/livox_ros_driver2-1.0.0-py3.10.egg-info/dependency_links.txt\n'}
[89.331472] (livox_ros_driver2) StdoutLine: {'line': b'-- Installing: /home/cat/TurboSLAM/install/livox_ros_driver2/local/lib/python3.10/dist-packages/livox_ros_driver2\n'}
[89.331995] (livox_ros_driver2) StdoutLine: {'line': b'-- Installing: /home/cat/TurboSLAM/install/livox_ros_driver2/local/lib/python3.10/dist-packages/livox_ros_driver2/liblivox_interfaces2__rosidl_generator_py.so\n'}
[89.332504] (livox_ros_driver2) StdoutLine: {'line': b'-- Installing: /home/cat/TurboSLAM/install/livox_ros_driver2/local/lib/python3.10/dist-packages/livox_ros_driver2/_livox_ros_driver2_s.ep.rosidl_typesupport_c.c\n'}
[89.333013] (livox_ros_driver2) StdoutLine: {'line': b'-- Installing: /home/cat/TurboSLAM/install/livox_ros_driver2/local/lib/python3.10/dist-packages/livox_ros_driver2/_livox_ros_driver2_s.ep.rosidl_typesupport_fastrtps_c.c\n'}
[89.333509] (livox_ros_driver2) StdoutLine: {'line': b'-- Installing: /home/cat/TurboSLAM/install/livox_ros_driver2/local/lib/python3.10/dist-packages/livox_ros_driver2/__init__.py\n'}
[89.334075] (livox_ros_driver2) StdoutLine: {'line': b'-- Installing: /home/cat/TurboSLAM/install/livox_ros_driver2/local/lib/python3.10/dist-packages/livox_ros_driver2/livox_ros_driver2_s__rosidl_typesupport_introspection_c.cpython-310-aarch64-linux-gnu.so\n'}
[89.334598] (livox_ros_driver2) StdoutLine: {'line': b'-- Installing: /home/cat/TurboSLAM/install/livox_ros_driver2/local/lib/python3.10/dist-packages/livox_ros_driver2/livox_ros_driver2_s__rosidl_typesupport_fastrtps_c.cpython-310-aarch64-linux-gnu.so\n'}
[89.335108] (livox_ros_driver2) StdoutLine: {'line': b'-- Installing: /home/cat/TurboSLAM/install/livox_ros_driver2/local/lib/python3.10/dist-packages/livox_ros_driver2/msg\n'}
[89.335612] (livox_ros_driver2) StdoutLine: {'line': b'-- Installing: /home/cat/TurboSLAM/install/livox_ros_driver2/local/lib/python3.10/dist-packages/livox_ros_driver2/msg/_custom_msg.py\n'}
[89.336100] (livox_ros_driver2) StdoutLine: {'line': b'-- Installing: /home/cat/TurboSLAM/install/livox_ros_driver2/local/lib/python3.10/dist-packages/livox_ros_driver2/msg/_custom_point.py\n'}
[89.336595] (livox_ros_driver2) StdoutLine: {'line': b'-- Installing: /home/cat/TurboSLAM/install/livox_ros_driver2/local/lib/python3.10/dist-packages/livox_ros_driver2/msg/__init__.py\n'}
[89.337114] (livox_ros_driver2) StdoutLine: {'line': b'-- Installing: /home/cat/TurboSLAM/install/livox_ros_driver2/local/lib/python3.10/dist-packages/livox_ros_driver2/msg/_custom_msg_s.c\n'}
[89.337596] (livox_ros_driver2) StdoutLine: {'line': b'-- Installing: /home/cat/TurboSLAM/install/livox_ros_driver2/local/lib/python3.10/dist-packages/livox_ros_driver2/msg/_custom_point_s.c\n'}
[89.338066] (livox_ros_driver2) StdoutLine: {'line': b'-- Installing: /home/cat/TurboSLAM/install/livox_ros_driver2/local/lib/python3.10/dist-packages/livox_ros_driver2/livox_ros_driver2_s__rosidl_typesupport_c.cpython-310-aarch64-linux-gnu.so\n'}
[89.338529] (livox_ros_driver2) StdoutLine: {'line': b'-- Installing: /home/cat/TurboSLAM/install/livox_ros_driver2/local/lib/python3.10/dist-packages/livox_ros_driver2/_livox_ros_driver2_s.ep.rosidl_typesupport_introspection_c.c\n'}
[89.398267] (-) TimerEvent: {}
[89.499113] (-) TimerEvent: {}
[89.530284] (livox_ros_driver2) StdoutLine: {'line': b"Listing '/home/cat/TurboSLAM/install/livox_ros_driver2/local/lib/python3.10/dist-packages/livox_ros_driver2'...\n"}
[89.531012] (livox_ros_driver2) StdoutLine: {'line': b"Compiling '/home/cat/TurboSLAM/install/livox_ros_driver2/local/lib/python3.10/dist-packages/livox_ros_driver2/__init__.py'...\n"}
[89.531633] (livox_ros_driver2) StdoutLine: {'line': b"Listing '/home/cat/TurboSLAM/install/livox_ros_driver2/local/lib/python3.10/dist-packages/livox_ros_driver2/msg'...\n"}
[89.532100] (livox_ros_driver2) StdoutLine: {'line': b"Compiling '/home/cat/TurboSLAM/install/livox_ros_driver2/local/lib/python3.10/dist-packages/livox_ros_driver2/msg/__init__.py'...\n"}
[89.532560] (livox_ros_driver2) StdoutLine: {'line': b"Compiling '/home/cat/TurboSLAM/install/livox_ros_driver2/local/lib/python3.10/dist-packages/livox_ros_driver2/msg/_custom_msg.py'...\n"}
[89.533037] (livox_ros_driver2) StdoutLine: {'line': b"Compiling '/home/cat/TurboSLAM/install/livox_ros_driver2/local/lib/python3.10/dist-packages/livox_ros_driver2/msg/_custom_point.py'...\n"}
[89.573671] (livox_ros_driver2) StdoutLine: {'line': b'-- Installing: /home/cat/TurboSLAM/install/livox_ros_driver2/local/lib/python3.10/dist-packages/livox_ros_driver2/livox_ros_driver2_s__rosidl_typesupport_fastrtps_c.cpython-310-aarch64-linux-gnu.so\n'}
[89.575158] (livox_ros_driver2) StdoutLine: {'line': b'-- Set runtime path of "/home/cat/TurboSLAM/install/livox_ros_driver2/local/lib/python3.10/dist-packages/livox_ros_driver2/livox_ros_driver2_s__rosidl_typesupport_fastrtps_c.cpython-310-aarch64-linux-gnu.so" to ""\n'}
[89.575975] (livox_ros_driver2) StdoutLine: {'line': b'-- Installing: /home/cat/TurboSLAM/install/livox_ros_driver2/local/lib/python3.10/dist-packages/livox_ros_driver2/livox_ros_driver2_s__rosidl_typesupport_introspection_c.cpython-310-aarch64-linux-gnu.so\n'}
[89.577308] (livox_ros_driver2) StdoutLine: {'line': b'-- Set runtime path of "/home/cat/TurboSLAM/install/livox_ros_driver2/local/lib/python3.10/dist-packages/livox_ros_driver2/livox_ros_driver2_s__rosidl_typesupport_introspection_c.cpython-310-aarch64-linux-gnu.so" to ""\n'}
[89.578143] (livox_ros_driver2) StdoutLine: {'line': b'-- Installing: /home/cat/TurboSLAM/install/livox_ros_driver2/local/lib/python3.10/dist-packages/livox_ros_driver2/livox_ros_driver2_s__rosidl_typesupport_c.cpython-310-aarch64-linux-gnu.so\n'}
[89.579349] (livox_ros_driver2) StdoutLine: {'line': b'-- Set runtime path of "/home/cat/TurboSLAM/install/livox_ros_driver2/local/lib/python3.10/dist-packages/livox_ros_driver2/livox_ros_driver2_s__rosidl_typesupport_c.cpython-310-aarch64-linux-gnu.so" to ""\n'}
[89.579958] (livox_ros_driver2) StdoutLine: {'line': b'-- Installing: /home/cat/TurboSLAM/install/livox_ros_driver2/lib/liblivox_interfaces2__rosidl_generator_py.so\n'}
[89.581326] (livox_ros_driver2) StdoutLine: {'line': b'-- Set runtime path of "/home/cat/TurboSLAM/install/livox_ros_driver2/lib/liblivox_interfaces2__rosidl_generator_py.so" to ""\n'}
[89.582248] (livox_ros_driver2) StdoutLine: {'line': b'-- Installing: /home/cat/TurboSLAM/install/livox_ros_driver2/share/ament_index/resource_index/rust_packages/livox_ros_driver2\n'}
[89.582932] (livox_ros_driver2) StdoutLine: {'line': b'-- Installing: /home/cat/TurboSLAM/install/livox_ros_driver2/share/livox_ros_driver2/rust\n'}
[89.583505] (livox_ros_driver2) StdoutLine: {'line': b'-- Installing: /home/cat/TurboSLAM/install/livox_ros_driver2/share/livox_ros_driver2/rust/src\n'}
[89.584172] (livox_ros_driver2) StdoutLine: {'line': b'-- Installing: /home/cat/TurboSLAM/install/livox_ros_driver2/share/livox_ros_driver2/rust/src/lib.rs\n'}
[89.584710] (livox_ros_driver2) StdoutLine: {'line': b'-- Installing: /home/cat/TurboSLAM/install/livox_ros_driver2/share/livox_ros_driver2/rust/src/msg.rs\n'}
[89.585229] (livox_ros_driver2) StdoutLine: {'line': b'-- Installing: /home/cat/TurboSLAM/install/livox_ros_driver2/share/livox_ros_driver2/rust/src/msg\n'}
[89.585746] (livox_ros_driver2) StdoutLine: {'line': b'-- Installing: /home/cat/TurboSLAM/install/livox_ros_driver2/share/livox_ros_driver2/rust/src/msg/rmw.rs\n'}
[89.586230] (livox_ros_driver2) StdoutLine: {'line': b'-- Installing: /home/cat/TurboSLAM/install/livox_ros_driver2/share/livox_ros_driver2/rust/Cargo.toml\n'}
[89.586608] (livox_ros_driver2) StdoutLine: {'line': b'-- Installing: /home/cat/TurboSLAM/install/livox_ros_driver2/share/livox_ros_driver2/rust/build.rs\n'}
[89.587100] (livox_ros_driver2) StdoutLine: {'line': b'-- Installing: /home/cat/TurboSLAM/install/livox_ros_driver2/share/livox_ros_driver2/msg/CustomPoint.idl\n'}
[89.587565] (livox_ros_driver2) StdoutLine: {'line': b'-- Installing: /home/cat/TurboSLAM/install/livox_ros_driver2/share/livox_ros_driver2/msg/CustomMsg.idl\n'}
[89.588050] (livox_ros_driver2) StdoutLine: {'line': b'-- Installing: /home/cat/TurboSLAM/install/livox_ros_driver2/share/livox_ros_driver2/msg/CustomPoint.msg\n'}
[89.588503] (livox_ros_driver2) StdoutLine: {'line': b'-- Installing: /home/cat/TurboSLAM/install/livox_ros_driver2/share/livox_ros_driver2/msg/CustomMsg.msg\n'}
[89.589310] (livox_ros_driver2) StdoutLine: {'line': b'-- Installing: /home/cat/TurboSLAM/install/livox_ros_driver2/lib/livox_ros_driver2/livox_ros_driver2_node\n'}
[89.592127] (livox_ros_driver2) StdoutLine: {'line': b'-- Set runtime path of "/home/cat/TurboSLAM/install/livox_ros_driver2/lib/livox_ros_driver2/livox_ros_driver2_node" to ""\n'}
[89.592921] (livox_ros_driver2) StdoutLine: {'line': b'-- Installing: /home/cat/TurboSLAM/install/livox_ros_driver2/lib/liblivox_ros_driver2.so\n'}
[89.599291] (-) TimerEvent: {}
[89.612759] (livox_ros_driver2) StdoutLine: {'line': b'-- Set runtime path of "/home/cat/TurboSLAM/install/livox_ros_driver2/lib/liblivox_ros_driver2.so" to ""\n'}
[89.613530] (livox_ros_driver2) StdoutLine: {'line': b'-- Installing: /home/cat/TurboSLAM/install/livox_ros_driver2/share/livox_ros_driver2/config\n'}
[89.614229] (livox_ros_driver2) StdoutLine: {'line': b'-- Installing: /home/cat/TurboSLAM/install/livox_ros_driver2/share/livox_ros_driver2/config/display_point_cloud_ROS1.rviz\n'}
[89.615043] (livox_ros_driver2) StdoutLine: {'line': b'-- Installing: /home/cat/TurboSLAM/install/livox_ros_driver2/share/livox_ros_driver2/config/mixed_HAP_MID360_config.json\n'}
[89.615555] (livox_ros_driver2) StdoutLine: {'line': b'-- Installing: /home/cat/TurboSLAM/install/livox_ros_driver2/share/livox_ros_driver2/config/HAP_config.json\n'}
[89.616037] (livox_ros_driver2) StdoutLine: {'line': b'-- Installing: /home/cat/TurboSLAM/install/livox_ros_driver2/share/livox_ros_driver2/config/MID360_config.json\n'}
[89.616536] (livox_ros_driver2) StdoutLine: {'line': b'-- Installing: /home/cat/TurboSLAM/install/livox_ros_driver2/share/livox_ros_driver2/config/MID360s_config.json\n'}
[89.617039] (livox_ros_driver2) StdoutLine: {'line': b'-- Installing: /home/cat/TurboSLAM/install/livox_ros_driver2/share/livox_ros_driver2/config/display_point_cloud_ROS2.rviz\n'}
[89.617539] (livox_ros_driver2) StdoutLine: {'line': b'-- Installing: /home/cat/TurboSLAM/install/livox_ros_driver2/share/livox_ros_driver2/launch_ROS2\n'}
[89.617983] (livox_ros_driver2) StdoutLine: {'line': b'-- Installing: /home/cat/TurboSLAM/install/livox_ros_driver2/share/livox_ros_driver2/launch_ROS2/rviz_mixed.py\n'}
[89.618421] (livox_ros_driver2) StdoutLine: {'line': b'-- Installing: /home/cat/TurboSLAM/install/livox_ros_driver2/share/livox_ros_driver2/launch_ROS2/rviz_HAP_launch.py\n'}
[89.618858] (livox_ros_driver2) StdoutLine: {'line': b'-- Installing: /home/cat/TurboSLAM/install/livox_ros_driver2/share/livox_ros_driver2/launch_ROS2/rviz_MID360_launch.py\n'}
[89.619295] (livox_ros_driver2) StdoutLine: {'line': b'-- Installing: /home/cat/TurboSLAM/install/livox_ros_driver2/share/livox_ros_driver2/launch_ROS2/rviz_MID360s_launch.py\n'}
[89.619731] (livox_ros_driver2) StdoutLine: {'line': b'-- Installing: /home/cat/TurboSLAM/install/livox_ros_driver2/share/livox_ros_driver2/launch_ROS2/msg_HAP_launch.py\n'}
[89.620093] (livox_ros_driver2) StdoutLine: {'line': b'-- Installing: /home/cat/TurboSLAM/install/livox_ros_driver2/share/livox_ros_driver2/launch_ROS2/msg_MID360_launch.py\n'}
[89.620623] (livox_ros_driver2) StdoutLine: {'line': b'-- Installing: /home/cat/TurboSLAM/install/livox_ros_driver2/share/livox_ros_driver2/launch_ROS2/msg_MID360s_launch.py\n'}
[89.620981] (livox_ros_driver2) StdoutLine: {'line': b'-- Installing: /home/cat/TurboSLAM/install/livox_ros_driver2/share/ament_index/resource_index/package_run_dependencies/livox_ros_driver2\n'}
[89.621410] (livox_ros_driver2) StdoutLine: {'line': b'-- Installing: /home/cat/TurboSLAM/install/livox_ros_driver2/share/ament_index/resource_index/parent_prefix_path/livox_ros_driver2\n'}
[89.621871] (livox_ros_driver2) StdoutLine: {'line': b'-- Installing: /home/cat/TurboSLAM/install/livox_ros_driver2/share/livox_ros_driver2/environment/ament_prefix_path.sh\n'}
[89.622504] (livox_ros_driver2) StdoutLine: {'line': b'-- Installing: /home/cat/TurboSLAM/install/livox_ros_driver2/share/livox_ros_driver2/environment/ament_prefix_path.dsv\n'}
[89.623117] (livox_ros_driver2) StdoutLine: {'line': b'-- Installing: /home/cat/TurboSLAM/install/livox_ros_driver2/share/livox_ros_driver2/environment/path.sh\n'}
[89.623735] (livox_ros_driver2) StdoutLine: {'line': b'-- Installing: /home/cat/TurboSLAM/install/livox_ros_driver2/share/livox_ros_driver2/environment/path.dsv\n'}
[89.624314] (livox_ros_driver2) StdoutLine: {'line': b'-- Installing: /home/cat/TurboSLAM/install/livox_ros_driver2/share/livox_ros_driver2/local_setup.bash\n'}
[89.624920] (livox_ros_driver2) StdoutLine: {'line': b'-- Installing: /home/cat/TurboSLAM/install/livox_ros_driver2/share/livox_ros_driver2/local_setup.sh\n'}
[89.625613] (livox_ros_driver2) StdoutLine: {'line': b'-- Installing: /home/cat/TurboSLAM/install/livox_ros_driver2/share/livox_ros_driver2/local_setup.zsh\n'}
[89.626097] (livox_ros_driver2) StdoutLine: {'line': b'-- Installing: /home/cat/TurboSLAM/install/livox_ros_driver2/share/livox_ros_driver2/local_setup.dsv\n'}
[89.626674] (livox_ros_driver2) StdoutLine: {'line': b'-- Installing: /home/cat/TurboSLAM/install/livox_ros_driver2/share/livox_ros_driver2/package.dsv\n'}
[89.627492] (livox_ros_driver2) StdoutLine: {'line': b'-- Installing: /home/cat/TurboSLAM/install/livox_ros_driver2/share/ament_index/resource_index/packages/livox_ros_driver2\n'}
[89.628241] (livox_ros_driver2) StdoutLine: {'line': b'-- Installing: /home/cat/TurboSLAM/install/livox_ros_driver2/share/ament_index/resource_index/rclcpp_components/livox_ros_driver2\n'}
[89.629101] (livox_ros_driver2) StdoutLine: {'line': b'-- Installing: /home/cat/TurboSLAM/install/livox_ros_driver2/share/livox_ros_driver2/cmake/export_livox_interfaces2__rosidl_generator_cExport.cmake\n'}
[89.629742] (livox_ros_driver2) StdoutLine: {'line': b'-- Installing: /home/cat/TurboSLAM/install/livox_ros_driver2/share/livox_ros_driver2/cmake/export_livox_interfaces2__rosidl_generator_cExport-noconfig.cmake\n'}
[89.630497] (livox_ros_driver2) StdoutLine: {'line': b'-- Installing: /home/cat/TurboSLAM/install/livox_ros_driver2/share/livox_ros_driver2/cmake/export_livox_interfaces2__rosidl_typesupport_fastrtps_cExport.cmake\n'}
[89.631195] (livox_ros_driver2) StdoutLine: {'line': b'-- Installing: /home/cat/TurboSLAM/install/livox_ros_driver2/share/livox_ros_driver2/cmake/export_livox_interfaces2__rosidl_typesupport_fastrtps_cExport-noconfig.cmake\n'}
[89.631957] (livox_ros_driver2) StdoutLine: {'line': b'-- Installing: /home/cat/TurboSLAM/install/livox_ros_driver2/share/livox_ros_driver2/cmake/livox_interfaces2__rosidl_typesupport_introspection_cExport.cmake\n'}
[89.632566] (livox_ros_driver2) StdoutLine: {'line': b'-- Installing: /home/cat/TurboSLAM/install/livox_ros_driver2/share/livox_ros_driver2/cmake/livox_interfaces2__rosidl_typesupport_introspection_cExport-noconfig.cmake\n'}
[89.633285] (livox_ros_driver2) StdoutLine: {'line': b'-- Installing: /home/cat/TurboSLAM/install/livox_ros_driver2/share/livox_ros_driver2/cmake/livox_interfaces2__rosidl_typesupport_cExport.cmake\n'}
[89.634136] (livox_ros_driver2) StdoutLine: {'line': b'-- Installing: /home/cat/TurboSLAM/install/livox_ros_driver2/share/livox_ros_driver2/cmake/livox_interfaces2__rosidl_typesupport_cExport-noconfig.cmake\n'}
[89.634761] (livox_ros_driver2) StdoutLine: {'line': b'-- Installing: /home/cat/TurboSLAM/install/livox_ros_driver2/share/livox_ros_driver2/cmake/export_livox_interfaces2__rosidl_generator_cppExport.cmake\n'}
[89.635500] (livox_ros_driver2) StdoutLine: {'line': b'-- Installing: /home/cat/TurboSLAM/install/livox_ros_driver2/share/livox_ros_driver2/cmake/export_livox_interfaces2__rosidl_typesupport_fastrtps_cppExport.cmake\n'}
[89.636239] (livox_ros_driver2) StdoutLine: {'line': b'-- Installing: /home/cat/TurboSLAM/install/livox_ros_driver2/share/livox_ros_driver2/cmake/export_livox_interfaces2__rosidl_typesupport_fastrtps_cppExport-noconfig.cmake\n'}
[89.637018] (livox_ros_driver2) StdoutLine: {'line': b'-- Installing: /home/cat/TurboSLAM/install/livox_ros_driver2/share/livox_ros_driver2/cmake/livox_interfaces2__rosidl_typesupport_introspection_cppExport.cmake\n'}
[89.637721] (livox_ros_driver2) StdoutLine: {'line': b'-- Installing: /home/cat/TurboSLAM/install/livox_ros_driver2/share/livox_ros_driver2/cmake/livox_interfaces2__rosidl_typesupport_introspection_cppExport-noconfig.cmake\n'}
[89.638497] (livox_ros_driver2) StdoutLine: {'line': b'-- Installing: /home/cat/TurboSLAM/install/livox_ros_driver2/share/livox_ros_driver2/cmake/livox_interfaces2__rosidl_typesupport_cppExport.cmake\n'}
[89.639120] (livox_ros_driver2) StdoutLine: {'line': b'-- Installing: /home/cat/TurboSLAM/install/livox_ros_driver2/share/livox_ros_driver2/cmake/livox_interfaces2__rosidl_typesupport_cppExport-noconfig.cmake\n'}
[89.639980] (livox_ros_driver2) StdoutLine: {'line': b'-- Installing: /home/cat/TurboSLAM/install/livox_ros_driver2/share/livox_ros_driver2/cmake/export_livox_interfaces2__rosidl_generator_pyExport.cmake\n'}
[89.640726] (livox_ros_driver2) StdoutLine: {'line': b'-- Installing: /home/cat/TurboSLAM/install/livox_ros_driver2/share/livox_ros_driver2/cmake/export_livox_interfaces2__rosidl_generator_pyExport-noconfig.cmake\n'}
[89.641378] (livox_ros_driver2) StdoutLine: {'line': b'-- Installing: /home/cat/TurboSLAM/install/livox_ros_driver2/share/livox_ros_driver2/cmake/rosidl_cmake-extras.cmake\n'}
[89.642004] (livox_ros_driver2) StdoutLine: {'line': b'-- Installing: /home/cat/TurboSLAM/install/livox_ros_driver2/share/livox_ros_driver2/cmake/ament_cmake_export_dependencies-extras.cmake\n'}
[89.642601] (livox_ros_driver2) StdoutLine: {'line': b'-- Installing: /home/cat/TurboSLAM/install/livox_ros_driver2/share/livox_ros_driver2/cmake/ament_cmake_export_include_directories-extras.cmake\n'}
[89.643130] (livox_ros_driver2) StdoutLine: {'line': b'-- Installing: /home/cat/TurboSLAM/install/livox_ros_driver2/share/livox_ros_driver2/cmake/ament_cmake_export_libraries-extras.cmake\n'}
[89.643723] (livox_ros_driver2) StdoutLine: {'line': b'-- Installing: /home/cat/TurboSLAM/install/livox_ros_driver2/share/livox_ros_driver2/cmake/ament_cmake_export_targets-extras.cmake\n'}
[89.644394] (livox_ros_driver2) StdoutLine: {'line': b'-- Installing: /home/cat/TurboSLAM/install/livox_ros_driver2/share/livox_ros_driver2/cmake/rosidl_cmake_export_typesupport_targets-extras.cmake\n'}
[89.645043] (livox_ros_driver2) StdoutLine: {'line': b'-- Installing: /home/cat/TurboSLAM/install/livox_ros_driver2/share/livox_ros_driver2/cmake/rosidl_cmake_export_typesupport_libraries-extras.cmake\n'}
[89.645596] (livox_ros_driver2) StdoutLine: {'line': b'-- Installing: /home/cat/TurboSLAM/install/livox_ros_driver2/share/livox_ros_driver2/cmake/rosidl_cmake_aggregate_target-extras.cmake\n'}
[89.646204] (livox_ros_driver2) StdoutLine: {'line': b'-- Installing: /home/cat/TurboSLAM/install/livox_ros_driver2/share/livox_ros_driver2/cmake/livox_ros_driver2Config.cmake\n'}
[89.646754] (livox_ros_driver2) StdoutLine: {'line': b'-- Installing: /home/cat/TurboSLAM/install/livox_ros_driver2/share/livox_ros_driver2/cmake/livox_ros_driver2Config-version.cmake\n'}
[89.647412] (livox_ros_driver2) StdoutLine: {'line': b'-- Installing: /home/cat/TurboSLAM/install/livox_ros_driver2/share/livox_ros_driver2/package.xml\n'}
[89.655723] (livox_ros_driver2) CommandEnded: {'returncode': 0}
[89.699568] (-) TimerEvent: {}
[89.759587] (livox_ros_driver2) JobEnded: {'identifier': 'livox_ros_driver2', 'rc': 0}
[89.762955] (fast_lio) JobStarted: {'identifier': 'fast_lio'}
[89.787310] (fast_lio) JobProgress: {'identifier': 'fast_lio', 'progress': 'cmake'}
[89.791502] (fast_lio) Command: {'cmd': ['/usr/bin/cmake', '/home/cat/TurboSLAM/src/FAST_LIO', '-DDISTRO_ROS=humble', '-DCMAKE_CXX_FLAGS=-Wno-unknown-pragmas', '-DCMAKE_INSTALL_PREFIX=/home/cat/TurboSLAM/install/fast_lio'], 'cwd': '/home/cat/TurboSLAM/build/fast_lio', 'env': OrderedDict([('LESSOPEN', '| /usr/bin/lesspipe %s'), ('USER', 'cat'), ('SSH_CLIENT', '192.168.9.24 20287 22'), ('XDG_SESSION_TYPE', 'tty'), ('SHLVL', '3'), ('LD_LIBRARY_PATH', '/home/cat/TurboSLAM/install/livox_ros_driver2/lib:/opt/ros/humble/opt/rviz_ogre_vendor/lib:/opt/ros/humble/lib/aarch64-linux-gnu:/opt/ros/humble/lib'), ('MOTD_SHOWN', 'pam'), ('HOME', '/home/cat'), ('MUTTER_DEBUG_ENABLE_ATOMIC_KMS', '0'), ('OLDPWD', '/home/cat/TurboSLAM/src/livox_ros_driver2'), ('SSH_TTY', '/dev/pts/0'), ('ROS_PYTHON_VERSION', '3'), ('DBUS_SESSION_BUS_ADDRESS', 'unix:path=/run/user/1000/bus'), ('ROS_DISTRO', 'humble'), ('LOGNAME', 'cat'), ('_', '/usr/bin/colcon'), ('ROS_VERSION', 'ROS2'), ('XDG_SESSION_CLASS', 'user'), ('TERM', 'xterm'), ('XDG_SESSION_ID', '6'), ('ROS_LOCALHOST_ONLY', '0'), ('PATH', '/opt/ros/humble/bin:/usr/local/sbin:/usr/local/bin:/usr/sbin:/usr/bin:/sbin:/bin:/usr/games:/usr/local/games:/snap/bin'), ('XDG_RUNTIME_DIR', '/run/user/1000'), ('DISPLAY', 'localhost:10.0'), ('LANG', 'zh_CN.UTF-8'), ('LS_COLORS', 'rs=0:di=01;34:ln=01;36:mh=00:pi=40;33:so=01;35:do=01;35:bd=40;33;01:cd=40;33;01:or=40;31;01:mi=00:su=37;41:sg=30;43:ca=30;41:tw=30;42:ow=34;42:st=37;44:ex=01;32:*.tar=01;31:*.tgz=01;31:*.arc=01;31:*.arj=01;31:*.taz=01;31:*.lha=01;31:*.lz4=01;31:*.lzh=01;31:*.lzma=01;31:*.tlz=01;31:*.txz=01;31:*.tzo=01;31:*.t7z=01;31:*.zip=01;31:*.z=01;31:*.dz=01;31:*.gz=01;31:*.lrz=01;31:*.lz=01;31:*.lzo=01;31:*.xz=01;31:*.zst=01;31:*.tzst=01;31:*.bz2=01;31:*.bz=01;31:*.tbz=01;31:*.tbz2=01;31:*.tz=01;31:*.deb=01;31:*.rpm=01;31:*.jar=01;31:*.war=01;31:*.ear=01;31:*.sar=01;31:*.rar=01;31:*.alz=01;31:*.ace=01;31:*.zoo=01;31:*.cpio=01;31:*.7z=01;31:*.rz=01;31:*.cab=01;31:*.wim=01;31:*.swm=01;31:*.dwm=01;31:*.esd=01;31:*.jpg=01;35:*.jpeg=01;35:*.mjpg=01;35:*.mjpeg=01;35:*.gif=01;35:*.bmp=01;35:*.pbm=01;35:*.pgm=01;35:*.ppm=01;35:*.tga=01;35:*.xbm=01;35:*.xpm=01;35:*.tif=01;35:*.tiff=01;35:*.png=01;35:*.svg=01;35:*.svgz=01;35:*.mng=01;35:*.pcx=01;35:*.mov=01;35:*.mpg=01;35:*.mpeg=01;35:*.m2v=01;35:*.mkv=01;35:*.webm=01;35:*.webp=01;35:*.ogm=01;35:*.mp4=01;35:*.m4v=01;35:*.mp4v=01;35:*.vob=01;35:*.qt=01;35:*.nuv=01;35:*.wmv=01;35:*.asf=01;35:*.rm=01;35:*.rmvb=01;35:*.flc=01;35:*.avi=01;35:*.fli=01;35:*.flv=01;35:*.gl=01;35:*.dl=01;35:*.xcf=01;35:*.xwd=01;35:*.yuv=01;35:*.cgm=01;35:*.emf=01;35:*.ogv=01;35:*.ogx=01;35:*.aac=00;36:*.au=00;36:*.flac=00;36:*.m4a=00;36:*.mid=00;36:*.midi=00;36:*.mka=00;36:*.mp3=00;36:*.mpc=00;36:*.ogg=00;36:*.ra=00;36:*.wav=00;36:*.oga=00;36:*.opus=00;36:*.spx=00;36:*.xspf=00;36:'), ('AMENT_PREFIX_PATH', '/home/cat/TurboSLAM/install/livox_ros_driver2:/opt/ros/humble'), ('SHELL', '/bin/bash'), ('CLUTTER_PAINT', 'disable-dynamic-max-render-time'), ('LESSCLOSE', '/usr/bin/lesspipe %s %s'), ('MUTTER_DEBUG_FORCE_KMS_MODE', 'simple'), ('PWD', '/home/cat/TurboSLAM/build/fast_lio'), ('SSH_CONNECTION', '192.168.9.24 20287 192.168.9.29 22'), ('XDG_DATA_DIRS', '/usr/share/gnome:/usr/local/share:/usr/share:/var/lib/snapd/desktop'), ('PYTHONPATH', '/home/cat/TurboSLAM/install/livox_ros_driver2/local/lib/python3.10/dist-packages:/opt/ros/humble/lib/python3.10/site-packages:/opt/ros/humble/local/lib/python3.10/dist-packages'), ('COLCON', '1'), ('CMAKE_PREFIX_PATH', '/home/cat/TurboSLAM/install/livox_ros_driver2:/opt/ros/humble')]), 'shell': False}
[89.799821] (-) TimerEvent: {}
[89.901144] (-) TimerEvent: {}
[90.002102] (-) TimerEvent: {}
[90.056269] (fast_lio) StdoutLine: {'line': b'-- The C compiler identification is GNU 11.4.0\n'}
[90.102357] (-) TimerEvent: {}
[90.203824] (-) TimerEvent: {}
[90.304752] (-) TimerEvent: {}
[90.328409] (fast_lio) StdoutLine: {'line': b'-- The CXX compiler identification is GNU 11.4.0\n'}
[90.356625] (fast_lio) StdoutLine: {'line': b'-- Detecting C compiler ABI info\n'}
[90.404976] (-) TimerEvent: {}
[90.505949] (-) TimerEvent: {}
[90.607149] (-) TimerEvent: {}
[90.662742] (pangolin) StdoutLine: {'line': b'[ 30%] \x1b[32mBuilding CXX object CMakeFiles/pango_video.dir/components/pango_video/src/drivers/unpack.cpp.o\x1b[0m\n'}
[90.669216] (fast_lio) StdoutLine: {'line': b'-- Detecting C compiler ABI info - done\n'}
[90.707368] (-) TimerEvent: {}
[90.708204] (fast_lio) StdoutLine: {'line': b'-- Check for working C compiler: /usr/bin/cc - skipped\n'}
[90.708992] (fast_lio) StdoutLine: {'line': b'-- Detecting C compile features\n'}
[90.710404] (fast_lio) StdoutLine: {'line': b'-- Detecting C compile features - done\n'}
[90.724266] (fast_lio) StdoutLine: {'line': b'-- Detecting CXX compiler ABI info\n'}
[90.807578] (-) TimerEvent: {}
[90.908522] (-) TimerEvent: {}
[91.009523] (-) TimerEvent: {}
[91.081777] (fast_lio) StdoutLine: {'line': b'-- Detecting CXX compiler ABI info - done\n'}
[91.109853] (-) TimerEvent: {}
[91.121622] (fast_lio) StdoutLine: {'line': b'-- Check for working CXX compiler: /usr/bin/c++ - skipped\n'}
[91.122638] (fast_lio) StdoutLine: {'line': b'-- Detecting CXX compile features\n'}
[91.125039] (fast_lio) StdoutLine: {'line': b'-- Detecting CXX compile features - done\n'}
[91.127944] (fast_lio) StderrLine: {'line': b'\x1b[0mCurrent CPU archtecture: aarch64\x1b[0m\n'}
[91.210179] (-) TimerEvent: {}
[91.311038] (-) TimerEvent: {}
[91.411996] (-) TimerEvent: {}
[91.513049] (-) TimerEvent: {}
[91.614069] (-) TimerEvent: {}
[91.715435] (-) TimerEvent: {}
[91.816444] (-) TimerEvent: {}
[91.917380] (-) TimerEvent: {}
[92.018324] (-) TimerEvent: {}
[92.119324] (-) TimerEvent: {}
[92.220361] (-) TimerEvent: {}
[92.321297] (-) TimerEvent: {}
[92.422313] (-) TimerEvent: {}
[92.523472] (-) TimerEvent: {}
[92.624712] (-) TimerEvent: {}
[92.725725] (-) TimerEvent: {}
[92.781790] (fast_lio) StdoutLine: {'line': b'-- Found PythonLibs: /usr/lib/aarch64-linux-gnu/libpython3.10.so (found version "3.10.12") \n'}
[92.790073] (fast_lio) StdoutLine: {'line': b'-- Found ament_cmake: 1.3.14 (/opt/ros/humble/share/ament_cmake/cmake)\n'}
[92.826113] (-) TimerEvent: {}
[92.927132] (-) TimerEvent: {}
[93.028283] (-) TimerEvent: {}
[93.129269] (-) TimerEvent: {}
[93.175468] (pangolin) StdoutLine: {'line': b'[ 30%] \x1b[32mBuilding CXX object CMakeFiles/pango_video.dir/components/pango_video/src/drivers/pack.cpp.o\x1b[0m\n'}
[93.229576] (-) TimerEvent: {}
[93.330491] (-) TimerEvent: {}
[93.404097] (pangolin) StdoutLine: {'line': b'[ 31%] \x1b[32mBuilding CXX object CMakeFiles/pango_video.dir/components/pango_video/src/drivers/join.cpp.o\x1b[0m\n'}
[93.430699] (-) TimerEvent: {}
[93.531487] (-) TimerEvent: {}
[93.592188] (fast_lio) StdoutLine: {'line': b'-- Found Python3: /usr/bin/python3 (found version "3.10.12") found components: Interpreter \n'}
[93.631671] (-) TimerEvent: {}
[93.732538] (-) TimerEvent: {}
[93.833473] (-) TimerEvent: {}
[93.934306] (-) TimerEvent: {}
[94.031163] (fast_lio) StdoutLine: {'line': b'-- Found rclcpp: 16.0.19 (/opt/ros/humble/share/rclcpp/cmake)\n'}
[94.034477] (-) TimerEvent: {}
[94.081865] (pangolin) StdoutLine: {'line': b'[ 31%] \x1b[32mBuilding CXX object CMakeFiles/pango_video.dir/components/pango_video/src/drivers/merge.cpp.o\x1b[0m\n'}
[94.134708] (-) TimerEvent: {}
[94.178432] (fast_lio) StdoutLine: {'line': b'-- Found rosidl_generator_c: 3.1.9 (/opt/ros/humble/share/rosidl_generator_c/cmake)\n'}
[94.200310] (fast_lio) StdoutLine: {'line': b'-- Found rosidl_adapter: 3.1.9 (/opt/ros/humble/share/rosidl_adapter/cmake)\n'}
[94.234921] (-) TimerEvent: {}
[94.239280] (fast_lio) StdoutLine: {'line': b'-- Found rosidl_generator_cpp: 3.1.9 (/opt/ros/humble/share/rosidl_generator_cpp/cmake)\n'}
[94.299756] (fast_lio) StdoutLine: {'line': b'-- Using all available rosidl_typesupport_c: rosidl_typesupport_fastrtps_c;rosidl_typesupport_introspection_c\n'}
[94.335236] (-) TimerEvent: {}
[94.380272] (fast_lio) StdoutLine: {'line': b'-- Using all available rosidl_typesupport_cpp: rosidl_typesupport_fastrtps_cpp;rosidl_typesupport_introspection_cpp\n'}
[94.435630] (-) TimerEvent: {}
[94.536613] (-) TimerEvent: {}
[94.591163] (fast_lio) StdoutLine: {'line': b'-- Found rmw_implementation_cmake: 6.1.3 (/opt/ros/humble/share/rmw_implementation_cmake/cmake)\n'}
[94.601857] (fast_lio) StdoutLine: {'line': b'-- Found rmw_fastrtps_cpp: 6.2.10 (/opt/ros/humble/share/rmw_fastrtps_cpp/cmake)\n'}
[94.636968] (-) TimerEvent: {}
[94.737824] (-) TimerEvent: {}
[94.838729] (-) TimerEvent: {}
[94.939717] (-) TimerEvent: {}
[94.959025] (fast_lio) StdoutLine: {'line': b'-- Found OpenSSL: /usr/lib/aarch64-linux-gnu/libcrypto.so (found version "3.0.2")  \n'}
[95.040017] (-) TimerEvent: {}
[95.078501] (fast_lio) StdoutLine: {'line': b'-- Found FastRTPS: /opt/ros/humble/include  \n'}
[95.140342] (-) TimerEvent: {}
[95.241638] (-) TimerEvent: {}
[95.254429] (fast_lio) StdoutLine: {'line': b"-- Using RMW implementation 'rmw_fastrtps_cpp' as default\n"}
[95.289082] (fast_lio) StdoutLine: {'line': b'-- Looking for pthread.h\n'}
[95.341929] (-) TimerEvent: {}
[95.442924] (-) TimerEvent: {}
[95.543832] (-) TimerEvent: {}
[95.625641] (fast_lio) StdoutLine: {'line': b'-- Looking for pthread.h - found\n'}
[95.626967] (fast_lio) StdoutLine: {'line': b'-- Performing Test CMAKE_HAVE_LIBC_PTHREAD\n'}
[95.644040] (-) TimerEvent: {}
[95.669322] (pangolin) StdoutLine: {'line': b'[ 32%] \x1b[32mBuilding CXX object CMakeFiles/pango_video.dir/components/pango_video/src/drivers/json.cpp.o\x1b[0m\n'}
[95.744260] (-) TimerEvent: {}
[95.845111] (-) TimerEvent: {}
[95.946941] (-) TimerEvent: {}
[95.970711] (fast_lio) StdoutLine: {'line': b'-- Performing Test CMAKE_HAVE_LIBC_PTHREAD - Success\n'}
[95.975556] (fast_lio) StdoutLine: {'line': b'-- Found Threads: TRUE  \n'}
[96.047208] (-) TimerEvent: {}
[96.148032] (-) TimerEvent: {}
[96.248942] (-) TimerEvent: {}
[96.258784] (fast_lio) StdoutLine: {'line': b'-- Found rclcpp_components: 16.0.19 (/opt/ros/humble/share/rclcpp_components/cmake)\n'}
[96.349257] (-) TimerEvent: {}
[96.388060] (fast_lio) StdoutLine: {'line': b'-- Found geometry_msgs: 4.9.2 (/opt/ros/humble/share/geometry_msgs/cmake)\n'}
[96.449614] (-) TimerEvent: {}
[96.467708] (fast_lio) StdoutLine: {'line': b'-- Found nav_msgs: 4.9.2 (/opt/ros/humble/share/nav_msgs/cmake)\n'}
[96.549916] (-) TimerEvent: {}
[96.582900] (fast_lio) StdoutLine: {'line': b'-- Found sensor_msgs: 4.9.2 (/opt/ros/humble/share/sensor_msgs/cmake)\n'}
[96.650228] (-) TimerEvent: {}
[96.686190] (fast_lio) StdoutLine: {'line': b'-- Found std_srvs: 4.9.2 (/opt/ros/humble/share/std_srvs/cmake)\n'}
[96.750578] (-) TimerEvent: {}
[96.754869] (fast_lio) StdoutLine: {'line': b'-- Found visualization_msgs: 4.9.2 (/opt/ros/humble/share/visualization_msgs/cmake)\n'}
[96.764464] (pangolin) StdoutLine: {'line': b'[ 32%] \x1b[32mBuilding CXX object CMakeFiles/pango_video.dir/components/pango_video/src/drivers/thread.cpp.o\x1b[0m\n'}
[96.850831] (-) TimerEvent: {}
[96.889015] (fast_lio) StdoutLine: {'line': b'-- Found pcl_ros: 2.4.5 (/opt/ros/humble/share/pcl_ros/cmake)\n'}
[96.951038] (-) TimerEvent: {}
[97.051947] (-) TimerEvent: {}
[97.091769] (fast_lio) StdoutLine: {'line': b"-- Checking for module 'eigen3'\n"}
[97.145008] (fast_lio) StdoutLine: {'line': b'--   Found eigen3, version 3.4.0\n'}
[97.152266] (-) TimerEvent: {}
[97.253267] (-) TimerEvent: {}
[97.280592] (fast_lio) StdoutLine: {'line': b'-- Found Eigen: /usr/include/eigen3 (Required is at least version "3.1") \n'}
[97.281411] (fast_lio) StdoutLine: {'line': b'-- Eigen found (include: /usr/include/eigen3, version: 3.4.0)\n'}
[97.353619] (-) TimerEvent: {}
[97.419772] (fast_lio) StdoutLine: {'line': b"-- Checking for module 'flann'\n"}
[97.453854] (-) TimerEvent: {}
[97.473621] (fast_lio) StdoutLine: {'line': b'--   Found flann, version 1.9.1\n'}
[97.554113] (-) TimerEvent: {}
[97.642895] (fast_lio) StdoutLine: {'line': b'-- Found FLANN: /usr/lib/aarch64-linux-gnu/libflann_cpp.so  \n'}
[97.643673] (fast_lio) StdoutLine: {'line': b'-- FLANN found (include: /usr/include, lib: /usr/lib/aarch64-linux-gnu/libflann_cpp.so)\n'}
[97.654327] (-) TimerEvent: {}
[97.676334] (pangolin) StdoutLine: {'line': b'[ 33%] \x1b[32mBuilding CXX object CMakeFiles/pango_video.dir/components/pango_video/src/drivers/mjpeg.cpp.o\x1b[0m\n'}
[97.754556] (-) TimerEvent: {}
[97.855562] (-) TimerEvent: {}
[97.956420] (-) TimerEvent: {}
[98.057347] (-) TimerEvent: {}
[98.158193] (-) TimerEvent: {}
[98.259183] (-) TimerEvent: {}
[98.360552] (-) TimerEvent: {}
[98.461444] (-) TimerEvent: {}
[98.562413] (-) TimerEvent: {}
[98.663529] (-) TimerEvent: {}
[98.764451] (-) TimerEvent: {}
[98.865392] (-) TimerEvent: {}
[98.966252] (-) TimerEvent: {}
[99.067233] (-) TimerEvent: {}
[99.168256] (-) TimerEvent: {}
[99.269190] (-) TimerEvent: {}
[99.370047] (-) TimerEvent: {}
[99.471046] (-) TimerEvent: {}
[99.483956] (pangolin) StdoutLine: {'line': b'[ 33%] \x1b[32mBuilding CXX object CMakeFiles/pango_video.dir/components/pango_video/src/drivers/shared_memory.cpp.o\x1b[0m\n'}
[99.571310] (-) TimerEvent: {}
[99.672241] (-) TimerEvent: {}
[99.773835] (-) TimerEvent: {}
[99.874614] (-) TimerEvent: {}
[99.975416] (-) TimerEvent: {}
[100.076230] (-) TimerEvent: {}
[100.177124] (-) TimerEvent: {}
[100.277908] (-) TimerEvent: {}
[100.378884] (-) TimerEvent: {}
[100.455403] (pangolin) StdoutLine: {'line': b'[ 34%] \x1b[32mBuilding CXX object CMakeFiles/pango_video.dir/components/pango_video/src/drivers/firewire.cpp.o\x1b[0m\n'}
[100.479100] (-) TimerEvent: {}
[100.580427] (-) TimerEvent: {}
[100.681253] (-) TimerEvent: {}
[100.782250] (-) TimerEvent: {}
[100.883212] (-) TimerEvent: {}
[100.984201] (-) TimerEvent: {}
[101.085233] (-) TimerEvent: {}
[101.186280] (-) TimerEvent: {}
[101.287257] (-) TimerEvent: {}
[101.388181] (-) TimerEvent: {}
[101.489017] (-) TimerEvent: {}
[101.589873] (-) TimerEvent: {}
[101.690754] (-) TimerEvent: {}
[101.791560] (-) TimerEvent: {}
[101.892513] (-) TimerEvent: {}
[101.993452] (-) TimerEvent: {}
[102.003470] (fast_lio) StdoutLine: {'line': b"-- Checking for module 'libusb-1.0'\n"}
[102.063187] (fast_lio) StdoutLine: {'line': b'--   Found libusb-1.0, version 1.0.25\n'}
[102.093710] (-) TimerEvent: {}
[102.125868] (pangolin) StdoutLine: {'line': b'[ 34%] \x1b[32mBuilding CXX object CMakeFiles/pango_video.dir/components/pango_video/src/drivers/deinterlace.cpp.o\x1b[0m\n'}
[102.193985] (-) TimerEvent: {}
[102.216516] (fast_lio) StdoutLine: {'line': b'-- Found libusb: /usr/lib/aarch64-linux-gnu/libusb-1.0.so  \n'}
[102.221344] (fast_lio) StdoutLine: {'line': b'-- OpenNI found (version: 1.5.4.0, include: /usr/include/ni, lib: /usr/lib/libOpenNI.so;libusb::libusb)\n'}
[102.294189] (-) TimerEvent: {}
[102.395395] (-) TimerEvent: {}
[102.432861] (pangolin) StdoutLine: {'line': b'[ 34%] \x1b[32mBuilding CXX object CMakeFiles/pango_video.dir/components/pango_video/src/drivers/v4l.cpp.o\x1b[0m\n'}
[102.457370] (fast_lio) StdoutLine: {'line': b'-- OpenNI2 found (version: 2.2.0.33, include: /usr/include/openni2, lib: /usr/lib/aarch64-linux-gnu/libOpenNI2.so;libusb::libusb)\n'}
[102.495667] (-) TimerEvent: {}
[102.596621] (-) TimerEvent: {}
[102.697577] (-) TimerEvent: {}
[102.798539] (-) TimerEvent: {}
[102.899492] (-) TimerEvent: {}
[103.000426] (-) TimerEvent: {}
[103.101270] (-) TimerEvent: {}
[103.202263] (-) TimerEvent: {}
[103.222796] (fast_lio) StdoutLine: {'line': b'-- Eigen found (include: /usr/include/eigen3, version: 3.4.0)\n'}
[103.250171] (fast_lio) StdoutLine: {'line': b'-- OpenNI found (version: 1.5.4.0, include: /usr/include/ni, lib: /usr/lib/libOpenNI.so;libusb::libusb)\n'}
[103.278020] (fast_lio) StdoutLine: {'line': b'-- OpenNI2 found (version: 2.2.0.33, include: /usr/include/openni2, lib: /usr/lib/aarch64-linux-gnu/libOpenNI2.so;libusb::libusb)\n'}
[103.302620] (-) TimerEvent: {}
[103.403766] (-) TimerEvent: {}
[103.504763] (-) TimerEvent: {}
[103.605773] (-) TimerEvent: {}
[103.706842] (-) TimerEvent: {}
[103.807822] (-) TimerEvent: {}
[103.860457] (pangolin) StdoutLine: {'line': b'[ 35%] \x1b[32mBuilding CXX object CMakeFiles/pango_video.dir/components/pango_video/src/drivers/ffmpeg.cpp.o\x1b[0m\n'}
[103.903168] (fast_lio) StdoutLine: {'line': b'-- Found Qhull version 8.0.2\n'}
[103.908009] (-) TimerEvent: {}
[104.008926] (-) TimerEvent: {}
[104.109883] (-) TimerEvent: {}
[104.154442] (pangolin) StdoutLine: {'line': b'[ 35%] \x1b[32mBuilding CXX object CMakeFiles/pango_video.dir/components/pango_video/src/drivers/ffmpeg_convert.cpp.o\x1b[0m\n'}
[104.210245] (-) TimerEvent: {}
[104.311105] (-) TimerEvent: {}
[104.412051] (-) TimerEvent: {}
[104.513034] (-) TimerEvent: {}
[104.551418] (fast_lio) StdoutLine: {'line': b'-- OpenNI found (version: 1.5.4.0, include: /usr/include/ni, lib: /usr/lib/libOpenNI.so;libusb::libusb)\n'}
[104.613349] (-) TimerEvent: {}
[104.714272] (-) TimerEvent: {}
[104.815260] (-) TimerEvent: {}
[104.916280] (-) TimerEvent: {}
[105.017248] (-) TimerEvent: {}
[105.118130] (-) TimerEvent: {}
[105.219088] (-) TimerEvent: {}
[105.288307] (fast_lio) StdoutLine: {'line': b'-- Found PCL_COMMON: /usr/lib/aarch64-linux-gnu/libpcl_common.so  \n'}
[105.294438] (fast_lio) StdoutLine: {'line': b'-- Found PCL_KDTREE: /usr/lib/aarch64-linux-gnu/libpcl_kdtree.so  \n'}
[105.300320] (fast_lio) StdoutLine: {'line': b'-- Found PCL_OCTREE: /usr/lib/aarch64-linux-gnu/libpcl_octree.so  \n'}
[105.306331] (fast_lio) StdoutLine: {'line': b'-- Found PCL_SEARCH: /usr/lib/aarch64-linux-gnu/libpcl_search.so  \n'}
[105.312504] (fast_lio) StdoutLine: {'line': b'-- Found PCL_SAMPLE_CONSENSUS: /usr/lib/aarch64-linux-gnu/libpcl_sample_consensus.so  \n'}
[105.319147] (fast_lio) StdoutLine: {'line': b'-- Found PCL_FILTERS: /usr/lib/aarch64-linux-gnu/libpcl_filters.so  \n'}
[105.319989] (-) TimerEvent: {}
[105.321618] (fast_lio) StdoutLine: {'line': b'-- Found PCL_2D: /usr/include/pcl-1.12  \n'}
[105.324184] (fast_lio) StdoutLine: {'line': b'-- Found PCL_GEOMETRY: /usr/include/pcl-1.12  \n'}
[105.330778] (fast_lio) StdoutLine: {'line': b'-- Found PCL_IO: /usr/lib/aarch64-linux-gnu/libpcl_io.so  \n'}
[105.337702] (fast_lio) StdoutLine: {'line': b'-- Found PCL_FEATURES: /usr/lib/aarch64-linux-gnu/libpcl_features.so  \n'}
[105.344314] (fast_lio) StdoutLine: {'line': b'-- Found PCL_ML: /usr/lib/aarch64-linux-gnu/libpcl_ml.so  \n'}
[105.350804] (fast_lio) StdoutLine: {'line': b'-- Found PCL_SEGMENTATION: /usr/lib/aarch64-linux-gnu/libpcl_segmentation.so  \n'}
[105.358294] (fast_lio) StdoutLine: {'line': b'-- Found PCL_VISUALIZATION: /usr/lib/aarch64-linux-gnu/libpcl_visualization.so  \n'}
[105.365302] (fast_lio) StdoutLine: {'line': b'-- Found PCL_SURFACE: /usr/lib/aarch64-linux-gnu/libpcl_surface.so  \n'}
[105.371965] (fast_lio) StdoutLine: {'line': b'-- Found PCL_REGISTRATION: /usr/lib/aarch64-linux-gnu/libpcl_registration.so  \n'}
[105.379135] (fast_lio) StdoutLine: {'line': b'-- Found PCL_KEYPOINTS: /usr/lib/aarch64-linux-gnu/libpcl_keypoints.so  \n'}
[105.385995] (fast_lio) StdoutLine: {'line': b'-- Found PCL_TRACKING: /usr/lib/aarch64-linux-gnu/libpcl_tracking.so  \n'}
[105.392774] (fast_lio) StdoutLine: {'line': b'-- Found PCL_RECOGNITION: /usr/lib/aarch64-linux-gnu/libpcl_recognition.so  \n'}
[105.399883] (fast_lio) StdoutLine: {'line': b'-- Found PCL_STEREO: /usr/lib/aarch64-linux-gnu/libpcl_stereo.so  \n'}
[105.406176] (fast_lio) StdoutLine: {'line': b'-- Found PCL_APPS: /usr/lib/aarch64-linux-gnu/libpcl_apps.so  \n'}
[105.410675] (fast_lio) StdoutLine: {'line': b'-- Found PCL_IN_HAND_SCANNER: /usr/include/pcl-1.12  \n'}
[105.412883] (fast_lio) StdoutLine: {'line': b'-- Found PCL_MODELER: /usr/include/pcl-1.12  \n'}
[105.415186] (fast_lio) StdoutLine: {'line': b'-- Found PCL_POINT_CLOUD_EDITOR: /usr/include/pcl-1.12  \n'}
[105.420364] (-) TimerEvent: {}
[105.421285] (fast_lio) StdoutLine: {'line': b'-- Found PCL_OUTOFCORE: /usr/lib/aarch64-linux-gnu/libpcl_outofcore.so  \n'}
[105.428061] (fast_lio) StdoutLine: {'line': b'-- Found PCL_PEOPLE: /usr/lib/aarch64-linux-gnu/libpcl_people.so  \n'}
[105.520575] (-) TimerEvent: {}
[105.576631] (fast_lio) StdoutLine: {'line': b'-- Found eigen3_cmake_module: 0.1.1 (/opt/ros/humble/share/eigen3_cmake_module/cmake)\n'}
[105.585217] (fast_lio) StdoutLine: {'line': b'-- Found Eigen3: TRUE (found version "3.4.0") \n'}
[105.586170] (fast_lio) StdoutLine: {'line': b'-- Ensuring Eigen3 include directory is part of orocos-kdl CMake target\n'}
[105.620802] (-) TimerEvent: {}
[105.721821] (-) TimerEvent: {}
[105.732863] (pangolin) StdoutLine: {'line': b'[ 36%] \x1b[32mBuilding CXX object CMakeFiles/pango_video.dir/components/pango_video/src/drivers/ffmpeg_output.cpp.o\x1b[0m\n'}
[105.822191] (-) TimerEvent: {}
[105.923159] (-) TimerEvent: {}
[106.024685] (-) TimerEvent: {}
[106.030785] (fast_lio) StdoutLine: {'line': b'-- Found livox_ros_driver2: 1.0.0 (/home/cat/TurboSLAM/install/livox_ros_driver2/share/livox_ros_driver2/cmake)\n'}
[106.124906] (-) TimerEvent: {}
[106.146045] (fast_lio) StdoutLine: {'line': b'-- Found rosidl_default_generators: 1.2.1 (/opt/ros/humble/share/rosidl_default_generators/cmake)\n'}
[106.225202] (-) TimerEvent: {}
[106.247841] (fast_lio) StderrLine: {'line': b'\x1b[0mEigen:/usr/include/eigen3\x1b[0m\n'}
[106.248612] (fast_lio) StdoutLine: {'line': b'-- PCL: /usr/include/pcl-1.12\n'}
[106.325503] (-) TimerEvent: {}
[106.426465] (-) TimerEvent: {}
[106.527423] (-) TimerEvent: {}
[106.628437] (-) TimerEvent: {}
[106.722611] (pangolin) StdoutLine: {'line': b'[ 36%] \x1b[32mBuilding CXX object CMakeFiles/pango_video.dir/components/pango_video/src/drivers/openni.cpp.o\x1b[0m\n'}
[106.728751] (-) TimerEvent: {}
[106.829710] (-) TimerEvent: {}
[106.930558] (-) TimerEvent: {}
[107.031335] (-) TimerEvent: {}
[107.132184] (-) TimerEvent: {}
[107.233126] (-) TimerEvent: {}
[107.334058] (-) TimerEvent: {}
[107.435004] (-) TimerEvent: {}
[107.535994] (-) TimerEvent: {}
[107.576179] (fast_lio) StdoutLine: {'line': b'-- Found ament_cmake_ros: 0.10.0 (/opt/ros/humble/share/ament_cmake_ros/cmake)\n'}
[107.636389] (-) TimerEvent: {}
[107.737382] (-) TimerEvent: {}
[107.838257] (-) TimerEvent: {}
[107.939217] (-) TimerEvent: {}
[108.040242] (-) TimerEvent: {}
[108.141088] (-) TimerEvent: {}
[108.242135] (-) TimerEvent: {}
[108.343179] (-) TimerEvent: {}
[108.444140] (-) TimerEvent: {}
[108.545039] (-) TimerEvent: {}
[108.646033] (-) TimerEvent: {}
[108.705424] (pangolin) StdoutLine: {'line': b'[ 37%] \x1b[32mBuilding CXX object CMakeFiles/pango_video.dir/components/pango_video/src/drivers/openni2.cpp.o\x1b[0m\n'}
[108.746391] (-) TimerEvent: {}
[108.847574] (-) TimerEvent: {}
[108.948603] (-) TimerEvent: {}
[109.049498] (-) TimerEvent: {}
[109.126998] (fast_lio) StdoutLine: {'line': b'-- Using all available rosidl_typesupport_c: rosidl_typesupport_fastrtps_c;rosidl_typesupport_introspection_c\n'}
[109.149822] (-) TimerEvent: {}
[109.250692] (-) TimerEvent: {}
[109.351652] (-) TimerEvent: {}
[109.452468] (-) TimerEvent: {}
[109.524769] (fast_lio) StdoutLine: {'line': b'-- Using all available rosidl_typesupport_cpp: rosidl_typesupport_fastrtps_cpp;rosidl_typesupport_introspection_cpp\n'}
[109.552737] (-) TimerEvent: {}
[109.572502] (fast_lio) StdoutLine: {'line': b'-- Found PythonInterp: /usr/bin/python3 (found suitable version "3.10.12", minimum required is "3.6") \n'}
[109.578018] (fast_lio) StdoutLine: {'line': b'-- Found python_cmake_module: 0.10.0 (/opt/ros/humble/share/python_cmake_module/cmake)\n'}
[109.624101] (fast_lio) StdoutLine: {'line': b'-- Found PythonLibs: /usr/lib/aarch64-linux-gnu/libpython3.10.so (found suitable version "3.10.12", minimum required is "3.5") \n'}
[109.625044] (fast_lio) StdoutLine: {'line': b'-- Using PYTHON_EXECUTABLE: /usr/bin/python3\n'}
[109.625540] (fast_lio) StdoutLine: {'line': b'-- Using PYTHON_INCLUDE_DIRS: /usr/include/python3.10\n'}
[109.625991] (fast_lio) StdoutLine: {'line': b'-- Using PYTHON_LIBRARIES: /usr/lib/aarch64-linux-gnu/libpython3.10.so\n'}
[109.653035] (-) TimerEvent: {}
[109.675617] (fast_lio) StdoutLine: {'line': b'-- Found PythonExtra: .so  \n'}
[109.753365] (-) TimerEvent: {}
[109.854221] (-) TimerEvent: {}
[109.933328] (fast_lio) StdoutLine: {'line': b'-- Configuring done\n'}
[109.954441] (-) TimerEvent: {}
[110.055441] (-) TimerEvent: {}
[110.061498] (fast_lio) StdoutLine: {'line': b'-- Generating done\n'}
[110.066504] (fast_lio) StderrLine: {'line': b'\x1b[33mCMake Warning:\n'}
[110.067220] (fast_lio) StderrLine: {'line': b'  Manually-specified variables were not used by the project:\n'}
[110.067773] (fast_lio) StderrLine: {'line': b'\n'}
[110.068268] (fast_lio) StderrLine: {'line': b'    DISTRO_ROS\n'}
[110.068731] (fast_lio) StderrLine: {'line': b'\n'}
[110.069244] (fast_lio) StderrLine: {'line': b'\x1b[0m\n'}
[110.098108] (fast_lio) StdoutLine: {'line': b'-- Build files have been written to: /home/cat/TurboSLAM/build/fast_lio\n'}
[110.147202] (fast_lio) CommandEnded: {'returncode': 0}
[110.150849] (fast_lio) JobProgress: {'identifier': 'fast_lio', 'progress': 'build'}
[110.155244] (fast_lio) Command: {'cmd': ['/usr/bin/cmake', '--build', '/home/cat/TurboSLAM/build/fast_lio', '--', '-j8', '-l8'], 'cwd': '/home/cat/TurboSLAM/build/fast_lio', 'env': OrderedDict([('LESSOPEN', '| /usr/bin/lesspipe %s'), ('USER', 'cat'), ('SSH_CLIENT', '192.168.9.24 20287 22'), ('XDG_SESSION_TYPE', 'tty'), ('SHLVL', '3'), ('LD_LIBRARY_PATH', '/home/cat/TurboSLAM/install/livox_ros_driver2/lib:/opt/ros/humble/opt/rviz_ogre_vendor/lib:/opt/ros/humble/lib/aarch64-linux-gnu:/opt/ros/humble/lib'), ('MOTD_SHOWN', 'pam'), ('HOME', '/home/cat'), ('MUTTER_DEBUG_ENABLE_ATOMIC_KMS', '0'), ('OLDPWD', '/home/cat/TurboSLAM/src/livox_ros_driver2'), ('SSH_TTY', '/dev/pts/0'), ('ROS_PYTHON_VERSION', '3'), ('DBUS_SESSION_BUS_ADDRESS', 'unix:path=/run/user/1000/bus'), ('ROS_DISTRO', 'humble'), ('LOGNAME', 'cat'), ('_', '/usr/bin/colcon'), ('ROS_VERSION', 'ROS2'), ('XDG_SESSION_CLASS', 'user'), ('TERM', 'xterm'), ('XDG_SESSION_ID', '6'), ('ROS_LOCALHOST_ONLY', '0'), ('PATH', '/opt/ros/humble/bin:/usr/local/sbin:/usr/local/bin:/usr/sbin:/usr/bin:/sbin:/bin:/usr/games:/usr/local/games:/snap/bin'), ('XDG_RUNTIME_DIR', '/run/user/1000'), ('DISPLAY', 'localhost:10.0'), ('LANG', 'zh_CN.UTF-8'), ('LS_COLORS', 'rs=0:di=01;34:ln=01;36:mh=00:pi=40;33:so=01;35:do=01;35:bd=40;33;01:cd=40;33;01:or=40;31;01:mi=00:su=37;41:sg=30;43:ca=30;41:tw=30;42:ow=34;42:st=37;44:ex=01;32:*.tar=01;31:*.tgz=01;31:*.arc=01;31:*.arj=01;31:*.taz=01;31:*.lha=01;31:*.lz4=01;31:*.lzh=01;31:*.lzma=01;31:*.tlz=01;31:*.txz=01;31:*.tzo=01;31:*.t7z=01;31:*.zip=01;31:*.z=01;31:*.dz=01;31:*.gz=01;31:*.lrz=01;31:*.lz=01;31:*.lzo=01;31:*.xz=01;31:*.zst=01;31:*.tzst=01;31:*.bz2=01;31:*.bz=01;31:*.tbz=01;31:*.tbz2=01;31:*.tz=01;31:*.deb=01;31:*.rpm=01;31:*.jar=01;31:*.war=01;31:*.ear=01;31:*.sar=01;31:*.rar=01;31:*.alz=01;31:*.ace=01;31:*.zoo=01;31:*.cpio=01;31:*.7z=01;31:*.rz=01;31:*.cab=01;31:*.wim=01;31:*.swm=01;31:*.dwm=01;31:*.esd=01;31:*.jpg=01;35:*.jpeg=01;35:*.mjpg=01;35:*.mjpeg=01;35:*.gif=01;35:*.bmp=01;35:*.pbm=01;35:*.pgm=01;35:*.ppm=01;35:*.tga=01;35:*.xbm=01;35:*.xpm=01;35:*.tif=01;35:*.tiff=01;35:*.png=01;35:*.svg=01;35:*.svgz=01;35:*.mng=01;35:*.pcx=01;35:*.mov=01;35:*.mpg=01;35:*.mpeg=01;35:*.m2v=01;35:*.mkv=01;35:*.webm=01;35:*.webp=01;35:*.ogm=01;35:*.mp4=01;35:*.m4v=01;35:*.mp4v=01;35:*.vob=01;35:*.qt=01;35:*.nuv=01;35:*.wmv=01;35:*.asf=01;35:*.rm=01;35:*.rmvb=01;35:*.flc=01;35:*.avi=01;35:*.fli=01;35:*.flv=01;35:*.gl=01;35:*.dl=01;35:*.xcf=01;35:*.xwd=01;35:*.yuv=01;35:*.cgm=01;35:*.emf=01;35:*.ogv=01;35:*.ogx=01;35:*.aac=00;36:*.au=00;36:*.flac=00;36:*.m4a=00;36:*.mid=00;36:*.midi=00;36:*.mka=00;36:*.mp3=00;36:*.mpc=00;36:*.ogg=00;36:*.ra=00;36:*.wav=00;36:*.oga=00;36:*.opus=00;36:*.spx=00;36:*.xspf=00;36:'), ('AMENT_PREFIX_PATH', '/home/cat/TurboSLAM/install/livox_ros_driver2:/opt/ros/humble'), ('SHELL', '/bin/bash'), ('CLUTTER_PAINT', 'disable-dynamic-max-render-time'), ('LESSCLOSE', '/usr/bin/lesspipe %s %s'), ('MUTTER_DEBUG_FORCE_KMS_MODE', 'simple'), ('PWD', '/home/cat/TurboSLAM/build/fast_lio'), ('SSH_CONNECTION', '192.168.9.24 20287 192.168.9.29 22'), ('XDG_DATA_DIRS', '/usr/share/gnome:/usr/local/share:/usr/share:/var/lib/snapd/desktop'), ('PYTHONPATH', '/home/cat/TurboSLAM/install/livox_ros_driver2/local/lib/python3.10/dist-packages:/opt/ros/humble/lib/python3.10/site-packages:/opt/ros/humble/local/lib/python3.10/dist-packages'), ('COLCON', '1'), ('CMAKE_PREFIX_PATH', '/home/cat/TurboSLAM/install/livox_ros_driver2:/opt/ros/humble')]), 'shell': False}
[110.158407] (-) TimerEvent: {}
[110.259848] (-) TimerEvent: {}
[110.281220] (fast_lio) StdoutLine: {'line': b'[  2%] \x1b[34m\x1b[1mGenerating C code for ROS interfaces\x1b[0m\n'}
[110.282473] (fast_lio) StdoutLine: {'line': b'[  5%] \x1b[34m\x1b[1mGenerating Rust code for ROS interfaces\x1b[0m\n'}
[110.315099] (fast_lio) StdoutLine: {'line': b'[  5%] Built target ament_cmake_python_copy_fast_lio\n'}
[110.317373] (fast_lio) StdoutLine: {'line': b'[  8%] \x1b[34m\x1b[1mGenerating C++ code for ROS interfaces\x1b[0m\n'}
[110.360130] (-) TimerEvent: {}
[110.461775] (-) TimerEvent: {}
[110.563399] (-) TimerEvent: {}
[110.664837] (-) TimerEvent: {}
[110.730280] (fast_lio) StdoutLine: {'line': b'running egg_info\n'}
[110.731367] (fast_lio) StdoutLine: {'line': b'creating fast_lio.egg-info\n'}
[110.732194] (fast_lio) StdoutLine: {'line': b'writing fast_lio.egg-info/PKG-INFO\n'}
[110.732932] (fast_lio) StdoutLine: {'line': b'writing dependency_links to fast_lio.egg-info/dependency_links.txt\n'}
[110.733413] (fast_lio) StdoutLine: {'line': b'writing top-level names to fast_lio.egg-info/top_level.txt\n'}
[110.733930] (fast_lio) StdoutLine: {'line': b"writing manifest file 'fast_lio.egg-info/SOURCES.txt'\n"}
[110.736238] (fast_lio) StdoutLine: {'line': b"reading manifest file 'fast_lio.egg-info/SOURCES.txt'\n"}
[110.737050] (fast_lio) StdoutLine: {'line': b"writing manifest file 'fast_lio.egg-info/SOURCES.txt'\n"}
[110.765073] (-) TimerEvent: {}
[110.828200] (fast_lio) StdoutLine: {'line': b'[  8%] Built target ament_cmake_python_build_fast_lio_egg\n'}
[110.865322] (-) TimerEvent: {}
[110.866337] (fast_lio) StdoutLine: {'line': b'[ 11%] \x1b[32mBuilding C object CMakeFiles/fast_lio__rosidl_generator_c.dir/rosidl_generator_c/fast_lio/msg/detail/pose6_d__functions.c.o\x1b[0m\n'}
[110.965618] (-) TimerEvent: {}
[111.066515] (-) TimerEvent: {}
[111.115751] (fast_lio) StdoutLine: {'line': b'[ 11%] Built target fast_lio__rs\n'}
[111.166782] (-) TimerEvent: {}
[111.172095] (fast_lio) StdoutLine: {'line': b'[ 11%] Built target fast_lio__cpp\n'}
[111.188644] (fast_lio) StdoutLine: {'line': b'[ 13%] \x1b[34m\x1b[1mGenerating C++ type support for eProsima Fast-RTPS\x1b[0m\n'}
[111.204687] (fast_lio) StdoutLine: {'line': b'[ 19%] \x1b[34m\x1b[1mGenerating C++ introspection for ROS interfaces\x1b[0m\n'}
[111.204948] (fast_lio) StdoutLine: {'line': b'[ 19%] \x1b[34m\x1b[1mGenerating C++ type support dispatch for ROS interfaces\x1b[0m\n'}
[111.206599] (fast_lio) StdoutLine: {'line': b'[ 22%] \x1b[32m\x1b[1mLinking C shared library libfast_lio__rosidl_generator_c.so\x1b[0m\n'}
[111.267085] (-) TimerEvent: {}
[111.362366] (fast_lio) StdoutLine: {'line': b'[ 22%] Built target fast_lio__rosidl_generator_c\n'}
[111.367334] (-) TimerEvent: {}
[111.399309] (fast_lio) StdoutLine: {'line': b'[ 27%] \x1b[34m\x1b[1mGenerating C introspection for ROS interfaces\x1b[0m\n'}
[111.400011] (fast_lio) StdoutLine: {'line': b'[ 27%] \x1b[34m\x1b[1mGenerating C type support for eProsima Fast-RTPS\x1b[0m\n'}
[111.467615] (-) TimerEvent: {}
[111.569122] (-) TimerEvent: {}
[111.670596] (-) TimerEvent: {}
[111.766533] (fast_lio) StdoutLine: {'line': b'[ 30%] \x1b[32mBuilding CXX object CMakeFiles/fast_lio__rosidl_typesupport_introspection_cpp.dir/rosidl_typesupport_introspection_cpp/fast_lio/msg/detail/pose6_d__type_support.cpp.o\x1b[0m\n'}
[111.770843] (-) TimerEvent: {}
[111.779649] (fast_lio) StdoutLine: {'line': b'[ 33%] \x1b[32mBuilding CXX object CMakeFiles/fast_lio__rosidl_typesupport_fastrtps_cpp.dir/rosidl_typesupport_fastrtps_cpp/fast_lio/msg/detail/dds_fastrtps/pose6_d__type_support.cpp.o\x1b[0m\n'}
[111.871030] (-) TimerEvent: {}
[111.972536] (-) TimerEvent: {}
[112.021538] (fast_lio) StdoutLine: {'line': b'[ 36%] \x1b[32mBuilding CXX object CMakeFiles/fast_lio__rosidl_typesupport_cpp.dir/rosidl_typesupport_cpp/fast_lio/msg/pose6_d__type_support.cpp.o\x1b[0m\n'}
[112.072889] (-) TimerEvent: {}
[112.141889] (fast_lio) StdoutLine: {'line': b'[ 38%] \x1b[32mBuilding CXX object CMakeFiles/fast_lio__rosidl_typesupport_fastrtps_c.dir/rosidl_typesupport_fastrtps_c/fast_lio/msg/detail/pose6_d__type_support_c.cpp.o\x1b[0m\n'}
[112.173195] (-) TimerEvent: {}
[112.274746] (-) TimerEvent: {}
[112.376474] (-) TimerEvent: {}
[112.478303] (-) TimerEvent: {}
[112.541410] (fast_lio) StdoutLine: {'line': b'[ 41%] \x1b[32m\x1b[1mLinking CXX shared library libfast_lio__rosidl_typesupport_fastrtps_cpp.so\x1b[0m\n'}
[112.578503] (-) TimerEvent: {}
[112.613947] (fast_lio) StdoutLine: {'line': b'[ 44%] \x1b[32m\x1b[1mLinking CXX shared library libfast_lio__rosidl_typesupport_introspection_cpp.so\x1b[0m\n'}
[112.678855] (-) TimerEvent: {}
[112.773108] (fast_lio) StdoutLine: {'line': b'[ 47%] \x1b[32m\x1b[1mLinking CXX shared library libfast_lio__rosidl_typesupport_cpp.so\x1b[0m\n'}
[112.773831] (fast_lio) StdoutLine: {'line': b'[ 47%] Built target fast_lio__rosidl_typesupport_fastrtps_cpp\n'}
[112.774863] (fast_lio) StdoutLine: {'line': b'[ 47%] Built target fast_lio__rosidl_typesupport_introspection_cpp\n'}
[112.779014] (-) TimerEvent: {}
[112.791927] (fast_lio) StdoutLine: {'line': b'[ 50%] \x1b[34m\x1b[1mGenerating C type support dispatch for ROS interfaces\x1b[0m\n'}
[112.879321] (-) TimerEvent: {}
[112.900252] (fast_lio) StdoutLine: {'line': b'[ 50%] Built target fast_lio__rosidl_typesupport_cpp\n'}
[112.933562] (fast_lio) StdoutLine: {'line': b'[ 52%] \x1b[32mBuilding C object CMakeFiles/fast_lio__rosidl_typesupport_introspection_c.dir/rosidl_typesupport_introspection_c/fast_lio/msg/detail/pose6_d__type_support.c.o\x1b[0m\n'}
[112.978740] (fast_lio) StdoutLine: {'line': b'[ 55%] \x1b[32m\x1b[1mLinking CXX shared library libfast_lio__rosidl_typesupport_fastrtps_c.so\x1b[0m\n'}
[112.979515] (-) TimerEvent: {}
[112.980477] (fast_lio) StdoutLine: {'line': b'[ 63%] \x1b[32mBuilding CXX object CMakeFiles/fastlio_mapping.dir/include/ikd-Tree/ikd_Tree.cpp.o\x1b[0m\n'}
[112.981188] (fast_lio) StdoutLine: {'line': b'[ 63%] \x1b[32mBuilding CXX object CMakeFiles/fastlio_mapping.dir/src/laserMapping.cpp.o\x1b[0m\n'}
[112.981873] (fast_lio) StdoutLine: {'line': b'[ 63%] \x1b[32mBuilding CXX object CMakeFiles/fastlio_mapping.dir/src/preprocess.cpp.o\x1b[0m\n'}
[113.058076] (fast_lio) StdoutLine: {'line': b'[ 66%] \x1b[32m\x1b[1mLinking C shared library libfast_lio__rosidl_typesupport_introspection_c.so\x1b[0m\n'}
[113.079824] (-) TimerEvent: {}
[113.177239] (fast_lio) StdoutLine: {'line': b'[ 66%] Built target fast_lio__rosidl_typesupport_introspection_c\n'}
[113.180053] (-) TimerEvent: {}
[113.281479] (-) TimerEvent: {}
[113.311827] (fast_lio) StdoutLine: {'line': b'[ 69%] \x1b[32mBuilding CXX object CMakeFiles/fast_lio__rosidl_typesupport_c.dir/rosidl_typesupport_c/fast_lio/msg/pose6_d__type_support.cpp.o\x1b[0m\n'}
[113.381708] (-) TimerEvent: {}
[113.391116] (fast_lio) StdoutLine: {'line': b'[ 69%] Built target fast_lio__rosidl_typesupport_fastrtps_c\n'}
[113.411772] (fast_lio) StdoutLine: {'line': b'[ 72%] \x1b[32m\x1b[1mLinking CXX shared library libfast_lio__rosidl_typesupport_c.so\x1b[0m\n'}
[113.481978] (-) TimerEvent: {}
[113.562592] (fast_lio) StdoutLine: {'line': b'[ 72%] Built target fast_lio__rosidl_typesupport_c\n'}
[113.582252] (-) TimerEvent: {}
[113.637262] (fast_lio) StdoutLine: {'line': b'[ 72%] Built target fast_lio\n'}
[113.682517] (-) TimerEvent: {}
[113.714649] (fast_lio) StdoutLine: {'line': b'[ 75%] \x1b[34m\x1b[1mGenerating Python code for ROS interfaces\x1b[0m\n'}
[113.782819] (-) TimerEvent: {}
[113.883703] (-) TimerEvent: {}
[113.984465] (-) TimerEvent: {}
[114.085279] (-) TimerEvent: {}
[114.186146] (-) TimerEvent: {}
[114.287069] (-) TimerEvent: {}
[114.387885] (-) TimerEvent: {}
[114.456546] (fast_lio) StdoutLine: {'line': b'[ 75%] Built target fast_lio__py\n'}
[114.488175] (-) TimerEvent: {}
[114.533867] (fast_lio) StdoutLine: {'line': b'[ 77%] \x1b[32mBuilding C object CMakeFiles/fast_lio__rosidl_generator_py.dir/rosidl_generator_py/fast_lio/msg/_pose6_d_s.c.o\x1b[0m\n'}
[114.588468] (-) TimerEvent: {}
[114.689397] (-) TimerEvent: {}
[114.790421] (-) TimerEvent: {}
[114.891305] (-) TimerEvent: {}
[114.992234] (-) TimerEvent: {}
[115.093056] (-) TimerEvent: {}
[115.193993] (-) TimerEvent: {}
[115.285423] (fast_lio) StdoutLine: {'line': b'[ 80%] \x1b[32m\x1b[1mLinking C shared library rosidl_generator_py/fast_lio/libfast_lio__rosidl_generator_py.so\x1b[0m\n'}
[115.294192] (-) TimerEvent: {}
[115.395074] (-) TimerEvent: {}
[115.425572] (fast_lio) StdoutLine: {'line': b'[ 80%] Built target fast_lio__rosidl_generator_py\n'}
[115.495360] (-) TimerEvent: {}
[115.497972] (fast_lio) StdoutLine: {'line': b'[ 83%] \x1b[32mBuilding C object CMakeFiles/fast_lio__rosidl_typesupport_c__pyext.dir/rosidl_generator_py/fast_lio/_fast_lio_s.ep.rosidl_typesupport_c.c.o\x1b[0m\n'}
[115.498605] (fast_lio) StdoutLine: {'line': b'[ 88%] \x1b[32mBuilding C object CMakeFiles/fast_lio__rosidl_typesupport_fastrtps_c__pyext.dir/rosidl_generator_py/fast_lio/_fast_lio_s.ep.rosidl_typesupport_fastrtps_c.c.o\x1b[0m\n'}
[115.499001] (fast_lio) StdoutLine: {'line': b'[ 88%] \x1b[32mBuilding C object CMakeFiles/fast_lio__rosidl_typesupport_introspection_c__pyext.dir/rosidl_generator_py/fast_lio/_fast_lio_s.ep.rosidl_typesupport_introspection_c.c.o\x1b[0m\n'}
[115.595661] (-) TimerEvent: {}
[115.697106] (-) TimerEvent: {}
[115.712758] (fast_lio) StdoutLine: {'line': b'[ 91%] \x1b[32m\x1b[1mLinking C shared library rosidl_generator_py/fast_lio/fast_lio_s__rosidl_typesupport_c.cpython-310-aarch64-linux-gnu.so\x1b[0m\n'}
[115.721800] (fast_lio) StdoutLine: {'line': b'[ 94%] \x1b[32m\x1b[1mLinking C shared library rosidl_generator_py/fast_lio/fast_lio_s__rosidl_typesupport_fastrtps_c.cpython-310-aarch64-linux-gnu.so\x1b[0m\n'}
[115.797371] (-) TimerEvent: {}
[115.810783] (fast_lio) StdoutLine: {'line': b'[ 97%] \x1b[32m\x1b[1mLinking C shared library rosidl_generator_py/fast_lio/fast_lio_s__rosidl_typesupport_introspection_c.cpython-310-aarch64-linux-gnu.so\x1b[0m\n'}
[115.856755] (fast_lio) StdoutLine: {'line': b'[ 97%] Built target fast_lio__rosidl_typesupport_c__pyext\n'}
[115.872211] (fast_lio) StdoutLine: {'line': b'[ 97%] Built target fast_lio__rosidl_typesupport_fastrtps_c__pyext\n'}
[115.897546] (-) TimerEvent: {}
[115.939105] (fast_lio) StdoutLine: {'line': b'[ 97%] Built target fast_lio__rosidl_typesupport_introspection_c__pyext\n'}
[115.997744] (-) TimerEvent: {}
[115.999353] (pangolin) StdoutLine: {'line': b'[ 37%] \x1b[32m\x1b[1mLinking CXX shared library libpango_video.so\x1b[0m\n'}
[116.097955] (-) TimerEvent: {}
[116.198874] (-) TimerEvent: {}
[116.299765] (-) TimerEvent: {}
[116.336745] (pangolin) StdoutLine: {'line': b'[ 37%] Built target pango_video\n'}
[116.365280] (pangolin) StdoutLine: {'line': b'[ 37%] \x1b[34m\x1b[1mGenerating xdg-shell-client-protocol.h\x1b[0m\n'}
[116.373201] (pangolin) StdoutLine: {'line': b'[ 37%] \x1b[34m\x1b[1mCreating /home/cat/TurboSLAM/build/pangolin/include/pangolin/factory/RegisterFactoriesWindowInterface.h factory registry header\x1b[0m\n'}
[116.374131] (pangolin) StdoutLine: {'line': b'[ 37%] \x1b[32mBuilding CXX object CMakeFiles/pango_geometry.dir/components/pango_geometry/src/geometry_ply.cpp.o\x1b[0m\n'}
[116.385164] (pangolin) StdoutLine: {'line': b'[ 38%] \x1b[34m\x1b[1mGenerating xdg-shell-protocol.c\x1b[0m\n'}
[116.388497] (pangolin) StdoutLine: {'line': b'[ 39%] \x1b[32mBuilding CXX object CMakeFiles/pango_geometry.dir/components/pango_geometry/src/geometry_obj.cpp.o\x1b[0m\n'}
[116.393472] (pangolin) StdoutLine: {'line': b'[ 39%] \x1b[32mBuilding CXX object CMakeFiles/pango_geometry.dir/components/pango_geometry/src/geometry.cpp.o\x1b[0m\n'}
[116.399990] (-) TimerEvent: {}
[116.409322] (pangolin) StdoutLine: {'line': b'[ 39%] \x1b[32mBuilding CXX object CMakeFiles/pango_scene.dir/components/pango_scene/src/renderable.cpp.o\x1b[0m\n'}
[116.435822] (pangolin) StdoutLine: {'line': b'[ 39%] \x1b[32mBuilding CXX object CMakeFiles/pango_windowing.dir/components/pango_windowing/src/display_headless.cpp.o\x1b[0m\n'}
[116.455075] (pangolin) StdoutLine: {'line': b'[ 40%] \x1b[32mBuilding CXX object CMakeFiles/pango_windowing.dir/components/pango_windowing/src/display_x11.cpp.o\x1b[0m\n'}
[116.473753] (pangolin) StdoutLine: {'line': b'[ 41%] \x1b[32mBuilding C object CMakeFiles/pango_windowing.dir/xdg-shell-protocol.c.o\x1b[0m\n'}
[116.476861] (pangolin) StdoutLine: {'line': b'[ 41%] \x1b[32mBuilding CXX object CMakeFiles/pango_windowing.dir/components/pango_windowing/src/display_wayland.cpp.o\x1b[0m\n'}
[116.500089] (-) TimerEvent: {}
[116.600833] (-) TimerEvent: {}
[116.688014] (pangolin) StdoutLine: {'line': b'[ 42%] \x1b[32mBuilding CXX object CMakeFiles/pango_windowing.dir/components/pango_windowing/src/window.cpp.o\x1b[0m\n'}
[116.700967] (-) TimerEvent: {}
[116.801677] (-) TimerEvent: {}
[116.902388] (-) TimerEvent: {}
[117.003134] (-) TimerEvent: {}
[117.103925] (-) TimerEvent: {}
[117.204646] (-) TimerEvent: {}
[117.305396] (-) TimerEvent: {}
[117.406105] (-) TimerEvent: {}
[117.506796] (-) TimerEvent: {}
[117.607465] (-) TimerEvent: {}
[117.708126] (-) TimerEvent: {}
[117.808830] (-) TimerEvent: {}
[117.909526] (-) TimerEvent: {}
[118.010298] (-) TimerEvent: {}
[118.111022] (-) TimerEvent: {}
[118.211693] (-) TimerEvent: {}
[118.312446] (-) TimerEvent: {}
[118.413206] (-) TimerEvent: {}
[118.513939] (-) TimerEvent: {}
[118.614616] (-) TimerEvent: {}
[118.715301] (-) TimerEvent: {}
[118.815965] (-) TimerEvent: {}
[118.916719] (-) TimerEvent: {}
[119.017546] (-) TimerEvent: {}
[119.118286] (-) TimerEvent: {}
[119.218986] (-) TimerEvent: {}
[119.319684] (-) TimerEvent: {}
[119.420468] (-) TimerEvent: {}
[119.521202] (-) TimerEvent: {}
[119.621900] (-) TimerEvent: {}
[119.722604] (-) TimerEvent: {}
[119.823319] (-) TimerEvent: {}
[119.923961] (-) TimerEvent: {}
[120.024672] (-) TimerEvent: {}
[120.125384] (-) TimerEvent: {}
[120.226111] (-) TimerEvent: {}
[120.326925] (-) TimerEvent: {}
[120.427660] (-) TimerEvent: {}
[120.528403] (-) TimerEvent: {}
[120.629197] (-) TimerEvent: {}
[120.729981] (-) TimerEvent: {}
[120.830779] (-) TimerEvent: {}
[120.931526] (-) TimerEvent: {}
[121.032232] (-) TimerEvent: {}
[121.132941] (-) TimerEvent: {}
[121.233682] (-) TimerEvent: {}
[121.257082] (pangolin) StdoutLine: {'line': b'[ 43%] \x1b[32m\x1b[1mLinking CXX shared library libpango_scene.so\x1b[0m\n'}
[121.333819] (-) TimerEvent: {}
[121.434506] (-) TimerEvent: {}
[121.535249] (-) TimerEvent: {}
[121.635958] (-) TimerEvent: {}
[121.660602] (pangolin) StdoutLine: {'line': b'[ 43%] Built target pango_scene\n'}
[121.736113] (-) TimerEvent: {}
[121.836828] (-) TimerEvent: {}
[121.937540] (-) TimerEvent: {}
[122.038308] (-) TimerEvent: {}
[122.139000] (-) TimerEvent: {}
[122.239716] (-) TimerEvent: {}
[122.340485] (-) TimerEvent: {}
[122.441216] (-) TimerEvent: {}
[122.541957] (-) TimerEvent: {}
[122.642698] (-) TimerEvent: {}
[122.743462] (-) TimerEvent: {}
[122.844213] (-) TimerEvent: {}
[122.944909] (-) TimerEvent: {}
[123.045605] (-) TimerEvent: {}
[123.146362] (-) TimerEvent: {}
[123.247151] (-) TimerEvent: {}
[123.347992] (-) TimerEvent: {}
[123.448715] (-) TimerEvent: {}
[123.549413] (-) TimerEvent: {}
[123.649891] (-) TimerEvent: {}
[123.750697] (-) TimerEvent: {}
[123.851421] (-) TimerEvent: {}
[123.952176] (-) TimerEvent: {}
[124.052934] (-) TimerEvent: {}
[124.153726] (-) TimerEvent: {}
[124.254462] (-) TimerEvent: {}
[124.355239] (-) TimerEvent: {}
[124.456004] (-) TimerEvent: {}
[124.556822] (-) TimerEvent: {}
[124.658638] (-) TimerEvent: {}
[124.759618] (-) TimerEvent: {}
[124.860526] (-) TimerEvent: {}
[124.961512] (-) TimerEvent: {}
[125.062496] (-) TimerEvent: {}
[125.163515] (-) TimerEvent: {}
[125.264444] (-) TimerEvent: {}
[125.365394] (-) TimerEvent: {}
[125.466382] (-) TimerEvent: {}
[125.567351] (-) TimerEvent: {}
[125.668322] (-) TimerEvent: {}
[125.769360] (-) TimerEvent: {}
[125.870394] (-) TimerEvent: {}
[125.971366] (-) TimerEvent: {}
[126.035228] (pangolin) StdoutLine: {'line': b'[ 44%] \x1b[32m\x1b[1mLinking CXX shared library libpango_geometry.so\x1b[0m\n'}
[126.071688] (-) TimerEvent: {}
[126.172667] (-) TimerEvent: {}
[126.274190] (-) TimerEvent: {}
[126.375184] (-) TimerEvent: {}
[126.408049] (pangolin) StdoutLine: {'line': b'[ 44%] Built target pango_geometry\n'}
[126.461398] (pangolin) StdoutLine: {'line': b'[ 44%] \x1b[32mBuilding CXX object CMakeFiles/pango_glgeometry.dir/components/pango_glgeometry/src/glgeometry.cpp.o\x1b[0m\n'}
[126.475496] (-) TimerEvent: {}
[126.576420] (-) TimerEvent: {}
[126.677329] (-) TimerEvent: {}
[126.778118] (-) TimerEvent: {}
[126.878980] (-) TimerEvent: {}
[126.896577] (pangolin) StdoutLine: {'line': b'[ 44%] \x1b[32m\x1b[1mLinking CXX shared library libpango_windowing.so\x1b[0m\n'}
[126.979316] (-) TimerEvent: {}
[127.080349] (-) TimerEvent: {}
[127.163671] (pangolin) StdoutLine: {'line': b'[ 44%] Built target pango_windowing\n'}
[127.180572] (-) TimerEvent: {}
[127.222104] (pangolin) StdoutLine: {'line': b'[ 45%] \x1b[32mBuilding CXX object CMakeFiles/pango_display.dir/components/pango_display/src/display.cpp.o\x1b[0m\n'}
[127.238590] (pangolin) StdoutLine: {'line': b'[ 45%] \x1b[32mBuilding CXX object CMakeFiles/pango_display.dir/components/pango_display/src/pangolin_gl.cpp.o\x1b[0m\n'}
[127.238877] (pangolin) StdoutLine: {'line': b'[ 45%] \x1b[32mBuilding CXX object CMakeFiles/pango_display.dir/components/pango_display/src/process.cpp.o\x1b[0m\n'}
[127.280815] (-) TimerEvent: {}
[127.381612] (-) TimerEvent: {}
[127.482504] (-) TimerEvent: {}
[127.583457] (-) TimerEvent: {}
[127.684539] (-) TimerEvent: {}
[127.785547] (-) TimerEvent: {}
[127.886584] (-) TimerEvent: {}
[127.987501] (-) TimerEvent: {}
[128.088484] (-) TimerEvent: {}
[128.189485] (-) TimerEvent: {}
[128.274050] (pangolin) StdoutLine: {'line': b'[ 46%] \x1b[32mBuilding CXX object CMakeFiles/pango_display.dir/components/pango_display/src/view.cpp.o\x1b[0m\n'}
[128.275215] (pangolin) StdoutLine: {'line': b'[ 46%] \x1b[32mBuilding CXX object CMakeFiles/pango_display.dir/components/pango_display/src/handler_glbuffer.cpp.o\x1b[0m\n'}
[128.289735] (-) TimerEvent: {}
[128.391297] (-) TimerEvent: {}
[128.492135] (-) TimerEvent: {}
[128.593000] (-) TimerEvent: {}
[128.693876] (-) TimerEvent: {}
[128.794738] (-) TimerEvent: {}
[128.895631] (-) TimerEvent: {}
[128.996496] (-) TimerEvent: {}
[129.097551] (-) TimerEvent: {}
[129.199136] (-) TimerEvent: {}
[129.300855] (-) TimerEvent: {}
[129.316801] (pangolin) StdoutLine: {'line': b'[ 47%] \x1b[32mBuilding CXX object CMakeFiles/pango_display.dir/components/pango_display/src/handler.cpp.o\x1b[0m\n'}
[129.318353] (pangolin) StdoutLine: {'line': b'[ 47%] \x1b[32mBuilding CXX object CMakeFiles/pango_display.dir/components/pango_display/src/handler_image.cpp.o\x1b[0m\n'}
[129.400954] (-) TimerEvent: {}
[129.501622] (-) TimerEvent: {}
[129.602329] (-) TimerEvent: {}
[129.703021] (-) TimerEvent: {}
[129.803707] (-) TimerEvent: {}
[129.904378] (-) TimerEvent: {}
[130.005064] (-) TimerEvent: {}
[130.105772] (-) TimerEvent: {}
[130.206500] (-) TimerEvent: {}
[130.307252] (-) TimerEvent: {}
[130.408030] (-) TimerEvent: {}
[130.508813] (-) TimerEvent: {}
[130.609561] (-) TimerEvent: {}
[130.710325] (-) TimerEvent: {}
[130.811077] (-) TimerEvent: {}
[130.911505] (-) TimerEvent: {}
[131.012263] (-) TimerEvent: {}
[131.113014] (-) TimerEvent: {}
[131.213853] (-) TimerEvent: {}
[131.238381] (pangolin) StdoutLine: {'line': b'[ 48%] \x1b[32m\x1b[1mLinking CXX shared library libpango_glgeometry.so\x1b[0m\n'}
[131.313995] (-) TimerEvent: {}
[131.397365] (fast_lio) StderrLine: {'line': b'In file included from \x1b[01m\x1b[K/usr/include/boost/smart_ptr/detail/sp_thread_sleep.hpp:22\x1b[m\x1b[K,\n'}
[131.397774] (fast_lio) StderrLine: {'line': b'                 from \x1b[01m\x1b[K/usr/include/boost/smart_ptr/detail/yield_k.hpp:23\x1b[m\x1b[K,\n'}
[131.397885] (fast_lio) StderrLine: {'line': b'                 from \x1b[01m\x1b[K/usr/include/boost/smart_ptr/detail/spinlock_gcc_atomic.hpp:14\x1b[m\x1b[K,\n'}
[131.397963] (fast_lio) StderrLine: {'line': b'                 from \x1b[01m\x1b[K/usr/include/boost/smart_ptr/detail/spinlock.hpp:42\x1b[m\x1b[K,\n'}
[131.398056] (fast_lio) StderrLine: {'line': b'                 from \x1b[01m\x1b[K/usr/include/boost/smart_ptr/detail/spinlock_pool.hpp:25\x1b[m\x1b[K,\n'}
[131.398128] (fast_lio) StderrLine: {'line': b'                 from \x1b[01m\x1b[K/usr/include/boost/smart_ptr/shared_ptr.hpp:29\x1b[m\x1b[K,\n'}
[131.398197] (fast_lio) StderrLine: {'line': b'                 from \x1b[01m\x1b[K/usr/include/boost/shared_ptr.hpp:17\x1b[m\x1b[K,\n'}
[131.398265] (fast_lio) StderrLine: {'line': b'                 from \x1b[01m\x1b[K/usr/include/boost/date_time/microsec_time_clock.hpp:18\x1b[m\x1b[K,\n'}
[131.398333] (fast_lio) StderrLine: {'line': b'                 from \x1b[01m\x1b[K/usr/include/boost/interprocess/detail/posix_time_types_wrk.hpp:31\x1b[m\x1b[K,\n'}
[131.398400] (fast_lio) StderrLine: {'line': b'                 from \x1b[01m\x1b[K/usr/include/boost/interprocess/detail/os_thread_functions.hpp:36\x1b[m\x1b[K,\n'}
[131.398485] (fast_lio) StderrLine: {'line': b'                 from \x1b[01m\x1b[K/usr/include/boost/interprocess/sync/file_lock.hpp:26\x1b[m\x1b[K,\n'}
[131.398553] (fast_lio) StderrLine: {'line': b'                 from \x1b[01m\x1b[K/usr/include/pcl-1.12/pcl/io/pcd_io.h:46\x1b[m\x1b[K,\n'}
[131.398630] (fast_lio) StderrLine: {'line': b'                 from \x1b[01m\x1b[K/opt/ros/humble/include/pcl_conversions/pcl_conversions/pcl_conversions.h:73\x1b[m\x1b[K,\n'}
[131.398700] (fast_lio) StderrLine: {'line': b'                 from \x1b[01m\x1b[K/home/cat/TurboSLAM/src/FAST_LIO/src/IMU_Processing.hpp:18\x1b[m\x1b[K,\n'}
[131.398768] (fast_lio) StderrLine: {'line': b'                 from \x1b[01m\x1b[K/home/cat/TurboSLAM/src/FAST_LIO/src/laserMapping.cpp:47\x1b[m\x1b[K:\n'}
[131.398835] (fast_lio) StderrLine: {'line': b'\x1b[01m\x1b[K/usr/include/boost/bind.hpp:36:1:\x1b[m\x1b[K \x1b[01;36m\x1b[Knote: \x1b[m\x1b[K\xe2\x80\x98\x1b[01m\x1b[K#pragma message: The practice of declaring the Bind placeholders (_1, _2, ...) in the global namespace is deprecated. Please use <boost/bind/bind.hpp> + using namespace boost::placeholders, or define BOOST_BIND_GLOBAL_PLACEHOLDERS to retain the current behavior.\x1b[m\x1b[K\xe2\x80\x99\n'}
[131.398910] (fast_lio) StderrLine: {'line': b'   36 | \x1b[01;36m\x1b[KBOOST_PRAGMA_MESSAGE\x1b[m\x1b[K(\n'}
[131.398977] (fast_lio) StderrLine: {'line': b'      | \x1b[01;36m\x1b[K^~~~~~~~~~~~~~~~~~~~\x1b[m\x1b[K\n'}
[131.414142] (-) TimerEvent: {}
[131.514577] (-) TimerEvent: {}
[131.527263] (pangolin) StdoutLine: {'line': b'[ 48%] Built target pango_glgeometry\n'}
[131.564054] (pangolin) StdoutLine: {'line': b'[ 49%] \x1b[32mBuilding CXX object CMakeFiles/pango_display.dir/components/pango_display/src/widgets.cpp.o\x1b[0m\n'}
[131.614717] (-) TimerEvent: {}
[131.715396] (-) TimerEvent: {}
[131.816079] (-) TimerEvent: {}
[131.916789] (-) TimerEvent: {}
[132.017625] (-) TimerEvent: {}
[132.118308] (-) TimerEvent: {}
[132.218998] (-) TimerEvent: {}
[132.238049] (pangolin) StdoutLine: {'line': b'[ 49%] \x1b[32mBuilding CXX object CMakeFiles/pango_display.dir/components/pango_display/src/image_view.cpp.o\x1b[0m\n'}
[132.319150] (-) TimerEvent: {}
[132.419857] (-) TimerEvent: {}
[132.520584] (-) TimerEvent: {}
[132.621382] (-) TimerEvent: {}
[132.722171] (-) TimerEvent: {}
[132.822858] (-) TimerEvent: {}
[132.923570] (-) TimerEvent: {}
[133.024220] (-) TimerEvent: {}
[133.124876] (-) TimerEvent: {}
[133.225589] (-) TimerEvent: {}
[133.326309] (-) TimerEvent: {}
[133.426977] (-) TimerEvent: {}
[133.527658] (-) TimerEvent: {}
[133.628354] (-) TimerEvent: {}
[133.665196] (pangolin) StdoutLine: {'line': b'[ 50%] \x1b[32mBuilding CXX object CMakeFiles/pango_display.dir/components/pango_display/src/ConsoleView.cpp.o\x1b[0m\n'}
[133.728509] (-) TimerEvent: {}
[133.829257] (-) TimerEvent: {}
[133.929930] (-) TimerEvent: {}
[134.030626] (-) TimerEvent: {}
[134.131317] (-) TimerEvent: {}
[134.231993] (-) TimerEvent: {}
[134.332699] (-) TimerEvent: {}
[134.433413] (-) TimerEvent: {}
[134.534108] (-) TimerEvent: {}
[134.634816] (-) TimerEvent: {}
[134.735514] (-) TimerEvent: {}
[134.836223] (-) TimerEvent: {}
[134.936946] (-) TimerEvent: {}
[135.037599] (-) TimerEvent: {}
[135.138278] (-) TimerEvent: {}
[135.238986] (-) TimerEvent: {}
[135.339700] (-) TimerEvent: {}
[135.440374] (-) TimerEvent: {}
[135.541050] (-) TimerEvent: {}
[135.641734] (-) TimerEvent: {}
[135.742426] (-) TimerEvent: {}
[135.776315] (pangolin) StderrLine: {'line': b'In file included from \x1b[01m\x1b[K/home/cat/TurboSLAM/3rdparty/Pangolin-0.9.5/components/pango_display/include/pangolin/handler/handler_image.h:30\x1b[m\x1b[K,\n'}
[135.776640] (pangolin) StderrLine: {'line': b'                 from \x1b[01m\x1b[K/home/cat/TurboSLAM/3rdparty/Pangolin-0.9.5/components/pango_display/include/pangolin/display/image_view.h:7\x1b[m\x1b[K,\n'}
[135.776735] (pangolin) StderrLine: {'line': b'                 from \x1b[01m\x1b[K/home/cat/TurboSLAM/3rdparty/Pangolin-0.9.5/components/pango_display/src/image_view.cpp:1\x1b[m\x1b[K:\n'}
[135.776833] (pangolin) StderrLine: {'line': b'\x1b[01m\x1b[K/home/cat/TurboSLAM/3rdparty/Pangolin-0.9.5/components/pango_image/include/pangolin/image/image_utils.h:\x1b[m\x1b[K In function \xe2\x80\x98\x1b[01m\x1b[Kstd::pair<float, float> pangolin::GetMinMax(const pangolin::Image<unsigned char>&, pangolin::XYRangei, const pangolin::GlPixFormat&)\x1b[m\x1b[K\xe2\x80\x99:\n'}
[135.776936] (pangolin) StderrLine: {'line': b'\x1b[01m\x1b[K/home/cat/TurboSLAM/3rdparty/Pangolin-0.9.5/components/pango_image/include/pangolin/image/image_utils.h:119:1:\x1b[m\x1b[K \x1b[01;36m\x1b[Knote: \x1b[m\x1b[Kparameter passing for argument of type \xe2\x80\x98\x1b[01m\x1b[Kstd::pair<float, float>\x1b[m\x1b[K\xe2\x80\x99 when C++17 is enabled changed to match C++14 in GCC 10.1\n'}
[135.777028] (pangolin) StderrLine: {'line': b'  119 | \x1b[01;36m\x1b[K)\x1b[m\x1b[K {\n'}
[135.777100] (pangolin) StderrLine: {'line': b'      | \x1b[01;36m\x1b[K^\x1b[m\x1b[K\n'}
[135.842580] (-) TimerEvent: {}
[135.943272] (-) TimerEvent: {}
[136.043721] (-) TimerEvent: {}
[136.144429] (-) TimerEvent: {}
[136.176571] (pangolin) StderrLine: {'line': b'In file included from \x1b[01m\x1b[K/home/cat/TurboSLAM/3rdparty/Pangolin-0.9.5/components/pango_display/include/pangolin/handler/handler_image.h:30\x1b[m\x1b[K,\n'}
[136.176842] (pangolin) StderrLine: {'line': b'                 from \x1b[01m\x1b[K/home/cat/TurboSLAM/3rdparty/Pangolin-0.9.5/components/pango_display/src/handler_image.cpp:1\x1b[m\x1b[K:\n'}
[136.176961] (pangolin) StderrLine: {'line': b'\x1b[01m\x1b[K/home/cat/TurboSLAM/3rdparty/Pangolin-0.9.5/components/pango_image/include/pangolin/image/image_utils.h:\x1b[m\x1b[K In function \xe2\x80\x98\x1b[01m\x1b[Kstd::pair<float, float> pangolin::GetMinMax(const pangolin::Image<unsigned char>&, pangolin::XYRangei, const pangolin::GlPixFormat&)\x1b[m\x1b[K\xe2\x80\x99:\n'}
[136.177044] (pangolin) StderrLine: {'line': b'\x1b[01m\x1b[K/home/cat/TurboSLAM/3rdparty/Pangolin-0.9.5/components/pango_image/include/pangolin/image/image_utils.h:119:1:\x1b[m\x1b[K \x1b[01;36m\x1b[Knote: \x1b[m\x1b[Kparameter passing for argument of type \xe2\x80\x98\x1b[01m\x1b[Kstd::pair<float, float>\x1b[m\x1b[K\xe2\x80\x99 when C++17 is enabled changed to match C++14 in GCC 10.1\n'}
[136.177146] (pangolin) StderrLine: {'line': b'  119 | \x1b[01;36m\x1b[K)\x1b[m\x1b[K {\n'}
[136.177221] (pangolin) StderrLine: {'line': b'      | \x1b[01;36m\x1b[K^\x1b[m\x1b[K\n'}
[136.191173] (pangolin) StdoutLine: {'line': b'[ 50%] \x1b[32mBuilding CXX object CMakeFiles/pango_display.dir/components/pango_display/src/default_font.cpp.o\x1b[0m\n'}
[136.244581] (-) TimerEvent: {}
[136.345300] (-) TimerEvent: {}
[136.446023] (-) TimerEvent: {}
[136.546723] (-) TimerEvent: {}
[136.647478] (-) TimerEvent: {}
[136.748193] (-) TimerEvent: {}
[136.848907] (-) TimerEvent: {}
[136.949696] (-) TimerEvent: {}
[137.050578] (-) TimerEvent: {}
[137.164595] (-) TimerEvent: {}
[137.266301] (-) TimerEvent: {}
[137.368034] (-) TimerEvent: {}
[137.460757] (pangolin) StdoutLine: {'line': b'[ 50%] \x1b[32mBuilding CXX object CMakeFiles/pango_display.dir/fonts.cpp.o\x1b[0m\n'}
[137.468144] (-) TimerEvent: {}
[137.568835] (-) TimerEvent: {}
[137.669528] (-) TimerEvent: {}
[137.770285] (-) TimerEvent: {}
[137.870878] (-) TimerEvent: {}
[137.972632] (-) TimerEvent: {}
[138.074423] (-) TimerEvent: {}
[138.176122] (-) TimerEvent: {}
[138.277755] (-) TimerEvent: {}
[138.379694] (-) TimerEvent: {}
[138.481678] (-) TimerEvent: {}
[138.583467] (-) TimerEvent: {}
[138.685380] (-) TimerEvent: {}
[138.787435] (-) TimerEvent: {}
[138.889229] (-) TimerEvent: {}
[138.990955] (-) TimerEvent: {}
[139.092789] (-) TimerEvent: {}
[139.194029] (-) TimerEvent: {}
[139.295367] (-) TimerEvent: {}
[139.396338] (-) TimerEvent: {}
[139.497702] (-) TimerEvent: {}
[139.598626] (-) TimerEvent: {}
[139.699597] (-) TimerEvent: {}
[139.800572] (-) TimerEvent: {}
[139.901562] (-) TimerEvent: {}
[140.002476] (-) TimerEvent: {}
[140.103420] (-) TimerEvent: {}
[140.204417] (-) TimerEvent: {}
[140.305316] (-) TimerEvent: {}
[140.406284] (-) TimerEvent: {}
[140.507159] (-) TimerEvent: {}
[140.608093] (-) TimerEvent: {}
[140.709053] (-) TimerEvent: {}
[140.810003] (-) TimerEvent: {}
[140.910947] (-) TimerEvent: {}
[141.011847] (-) TimerEvent: {}
[141.112731] (-) TimerEvent: {}
[141.213649] (-) TimerEvent: {}
[141.314530] (-) TimerEvent: {}
[141.415422] (-) TimerEvent: {}
[141.516348] (-) TimerEvent: {}
[141.617323] (-) TimerEvent: {}
[141.685773] (pangolin) StdoutLine: {'line': b'[ 51%] \x1b[32m\x1b[1mLinking CXX shared library libpango_display.so\x1b[0m\n'}
[141.717532] (-) TimerEvent: {}
[141.818436] (-) TimerEvent: {}
[141.919384] (-) TimerEvent: {}
[141.929005] (pangolin) StdoutLine: {'line': b'[ 51%] Built target pango_display\n'}
[141.977766] (pangolin) StdoutLine: {'line': b'[ 52%] \x1b[32mBuilding CXX object CMakeFiles/pango_plot.dir/components/pango_plot/src/datalog.cpp.o\x1b[0m\n'}
[141.996562] (pangolin) StdoutLine: {'line': b'[ 53%] \x1b[32mBuilding CXX object CMakeFiles/pango_tools.dir/components/pango_tools/src/video_viewer.cpp.o\x1b[0m\n'}
[141.996825] (pangolin) StdoutLine: {'line': b'[ 53%] \x1b[32mBuilding CXX object examples/BasicOpenGL/CMakeFiles/tutorial_1_gl_intro_classic_triangle.dir/1_gl_intro_classic_triangle.cpp.o\x1b[0m\n'}
[142.019535] (-) TimerEvent: {}
[142.120122] (-) TimerEvent: {}
[142.221117] (-) TimerEvent: {}
[142.322082] (-) TimerEvent: {}
[142.423080] (-) TimerEvent: {}
[142.524054] (-) TimerEvent: {}
[142.624990] (-) TimerEvent: {}
[142.725965] (-) TimerEvent: {}
[142.826973] (-) TimerEvent: {}
[142.927955] (-) TimerEvent: {}
[143.028928] (-) TimerEvent: {}
[143.039360] (pangolin) StdoutLine: {'line': b'[ 53%] \x1b[32mBuilding CXX object examples/BasicOpenGL/CMakeFiles/tutorial_3_gl_intro_pango_triangle_vbo_shader.dir/3_gl_intro_pango_triangle_vbo_shader.cpp.o\x1b[0m\n'}
[143.040403] (pangolin) StdoutLine: {'line': b'[ 53%] \x1b[32mBuilding CXX object examples/BasicOpenGL/CMakeFiles/tutorial_3_gl_intro_classic_triangle_vbo_shader.dir/3_gl_intro_classic_triangle_vbo_shader.cpp.o\x1b[0m\n'}
[143.129358] (-) TimerEvent: {}
[143.230403] (-) TimerEvent: {}
[143.331258] (-) TimerEvent: {}
[143.432212] (-) TimerEvent: {}
[143.533181] (-) TimerEvent: {}
[143.634127] (-) TimerEvent: {}
[143.735028] (-) TimerEvent: {}
[143.836025] (-) TimerEvent: {}
[143.937043] (-) TimerEvent: {}
[144.037911] (-) TimerEvent: {}
[144.084475] (pangolin) StdoutLine: {'line': b'[ 55%] \x1b[32mBuilding CXX object examples/BasicOpenGL/CMakeFiles/tutorial_2_gl_intro_pango_triangle_vbo.dir/2_gl_intro_pango_triangle_vbo.cpp.o\x1b[0m\n'}
[144.085611] (pangolin) StdoutLine: {'line': b'[ 55%] \x1b[32mBuilding CXX object examples/BasicOpenGL/CMakeFiles/tutorial_2_gl_intro_classic_triangle_vbo.dir/2_gl_intro_classic_triangle_vbo.cpp.o\x1b[0m\n'}
[144.138142] (-) TimerEvent: {}
[144.239582] (-) TimerEvent: {}
[144.340460] (-) TimerEvent: {}
[144.382007] (pangolin) StdoutLine: {'line': b'[ 55%] \x1b[32mBuilding CXX object CMakeFiles/pango_plot.dir/components/pango_plot/src/plotter.cpp.o\x1b[0m\n'}
[144.440575] (-) TimerEvent: {}
[144.541300] (-) TimerEvent: {}
[144.584345] (pangolin) StdoutLine: {'line': b'[ 55%] \x1b[32m\x1b[1mLinking CXX executable tutorial_1_gl_intro_classic_triangle\x1b[0m\n'}
[144.641455] (-) TimerEvent: {}
[144.668289] (fast_lio) StderrLine: {'line': b'In file included from \x1b[01m\x1b[K/home/cat/TurboSLAM/src/FAST_LIO/include/IKFoM_toolkit/esekfom/../mtk/types/SOn.hpp:83\x1b[m\x1b[K,\n'}
[144.668674] (fast_lio) StderrLine: {'line': b'                 from \x1b[01m\x1b[K/home/cat/TurboSLAM/src/FAST_LIO/include/IKFoM_toolkit/esekfom/esekfom.hpp:49\x1b[m\x1b[K,\n'}
[144.668772] (fast_lio) StderrLine: {'line': b'                 from \x1b[01m\x1b[K/home/cat/TurboSLAM/src/FAST_LIO/include/use-ikfom.hpp:4\x1b[m\x1b[K,\n'}
[144.668849] (fast_lio) StderrLine: {'line': b'                 from \x1b[01m\x1b[K/home/cat/TurboSLAM/src/FAST_LIO/src/IMU_Processing.hpp:22\x1b[m\x1b[K,\n'}
[144.668921] (fast_lio) StderrLine: {'line': b'                 from \x1b[01m\x1b[K/home/cat/TurboSLAM/src/FAST_LIO/src/laserMapping.cpp:47\x1b[m\x1b[K:\n'}
[144.669015] (fast_lio) StderrLine: {'line': b'/home/cat/TurboSLAM/src/FAST_LIO/include/IKFoM_toolkit/esekfom/../mtk/types/../src/mtkmath.hpp: In instantiation of \xe2\x80\x98\x1b[01m\x1b[Kstd::pair<_FIter, _FIter> MTK::cos_sinc_sqrt(const scalar&) [with scalar = double]\x1b[m\x1b[K\xe2\x80\x99:\n'}
[144.669091] (fast_lio) StderrLine: {'line': b'\x1b[01m\x1b[K/home/cat/TurboSLAM/src/FAST_LIO/include/IKFoM_toolkit/esekfom/../mtk/types/../src/mtkmath.hpp:252:52:\x1b[m\x1b[K   required from \xe2\x80\x98\x1b[01m\x1b[Kscalar MTK::exp(MTK::vectview<scalar, dim>, MTK::vectview<const scalar, dim>, const scalar&) [with scalar = double; int n = 3]\x1b[m\x1b[K\xe2\x80\x99\n'}
[144.669167] (fast_lio) StderrLine: {'line': b'\x1b[01m\x1b[K/home/cat/TurboSLAM/src/FAST_LIO/include/IKFoM_toolkit/esekfom/../mtk/types/S2.hpp:140:32:\x1b[m\x1b[K   required from \xe2\x80\x98\x1b[01m\x1b[Kvoid MTK::S2<_scalar, den, num, S2_typ>::boxplus(MTK::vectview<const _scalar, 2>, MTK::S2<_scalar, den, num, S2_typ>::scalar) [with _scalar = double; int den = 98090; int num = 10000; int S2_typ = 1; MTK::S2<_scalar, den, num, S2_typ>::scalar = double]\x1b[m\x1b[K\xe2\x80\x99\n'}
[144.669245] (fast_lio) StderrLine: {'line': b'\x1b[01m\x1b[K/home/cat/TurboSLAM/src/FAST_LIO/include/use-ikfom.hpp:12:1:\x1b[m\x1b[K   required from here\n'}
[144.669315] (fast_lio) StderrLine: {'line': b'\x1b[01m\x1b[K/home/cat/TurboSLAM/src/FAST_LIO/include/IKFoM_toolkit/esekfom/../mtk/types/../src/mtkmath.hpp:143:27:\x1b[m\x1b[K \x1b[01;36m\x1b[Knote: \x1b[m\x1b[Kparameter passing for argument of type \xe2\x80\x98\x1b[01m\x1b[Kstd::pair<double, double>\x1b[m\x1b[K\xe2\x80\x99 when C++17 is enabled changed to match C++14 in GCC 10.1\n'}
[144.669388] (fast_lio) StderrLine: {'line': b'  143 | std::pair<scalar, scalar> \x1b[01;36m\x1b[Kcos_sinc_sqrt\x1b[m\x1b[K(const scalar &x2){\n'}
[144.669456] (fast_lio) StderrLine: {'line': b'      |                           \x1b[01;36m\x1b[K^~~~~~~~~~~~~\x1b[m\x1b[K\n'}
[144.741601] (-) TimerEvent: {}
[144.779114] (pangolin) StdoutLine: {'line': b'[ 55%] Built target tutorial_1_gl_intro_classic_triangle\n'}
[144.810414] (pangolin) StdoutLine: {'line': b'[ 55%] \x1b[32mBuilding CXX object examples/BasicOpenGL/CMakeFiles/tutorial_4_gl_intro_viewport.dir/4_gl_intro_viewport.cpp.o\x1b[0m\n'}
[144.840724] (pangolin) StdoutLine: {'line': b'[ 56%] \x1b[32mBuilding CXX object examples/BasicOpenGL/CMakeFiles/tutorial_1_gl_intro_pango_triangle.dir/1_gl_intro_pango_triangle.cpp.o\x1b[0m\n'}
[144.841725] (-) TimerEvent: {}
[144.905435] (pangolin) StderrLine: {'line': b'In file included from \x1b[01m\x1b[K/home/cat/TurboSLAM/3rdparty/Pangolin-0.9.5/components/pango_display/include/pangolin/handler/handler_image.h:30\x1b[m\x1b[K,\n'}
[144.905845] (pangolin) StderrLine: {'line': b'                 from \x1b[01m\x1b[K/home/cat/TurboSLAM/3rdparty/Pangolin-0.9.5/components/pango_display/include/pangolin/display/image_view.h:7\x1b[m\x1b[K,\n'}
[144.906124] (pangolin) StderrLine: {'line': b'                 from \x1b[01m\x1b[K/home/cat/TurboSLAM/3rdparty/Pangolin-0.9.5/components/pango_tools/src/video_viewer.cpp:6\x1b[m\x1b[K:\n'}
[144.906370] (pangolin) StderrLine: {'line': b'\x1b[01m\x1b[K/home/cat/TurboSLAM/3rdparty/Pangolin-0.9.5/components/pango_image/include/pangolin/image/image_utils.h:\x1b[m\x1b[K In function \xe2\x80\x98\x1b[01m\x1b[Kstd::pair<float, float> pangolin::GetMinMax(const pangolin::Image<unsigned char>&, pangolin::XYRangei, const pangolin::GlPixFormat&)\x1b[m\x1b[K\xe2\x80\x99:\n'}
[144.906615] (pangolin) StderrLine: {'line': b'\x1b[01m\x1b[K/home/cat/TurboSLAM/3rdparty/Pangolin-0.9.5/components/pango_image/include/pangolin/image/image_utils.h:119:1:\x1b[m\x1b[K \x1b[01;36m\x1b[Knote: \x1b[m\x1b[Kparameter passing for argument of type \xe2\x80\x98\x1b[01m\x1b[Kstd::pair<float, float>\x1b[m\x1b[K\xe2\x80\x99 when C++17 is enabled changed to match C++14 in GCC 10.1\n'}
[144.906793] (pangolin) StderrLine: {'line': b'  119 | \x1b[01;36m\x1b[K)\x1b[m\x1b[K {\n'}
[144.907018] (pangolin) StderrLine: {'line': b'      | \x1b[01;36m\x1b[K^\x1b[m\x1b[K\n'}
[144.941864] (-) TimerEvent: {}
[145.042599] (-) TimerEvent: {}
[145.143339] (-) TimerEvent: {}
[145.244072] (-) TimerEvent: {}
[145.344822] (-) TimerEvent: {}
[145.445580] (-) TimerEvent: {}
[145.546298] (-) TimerEvent: {}
[145.646985] (-) TimerEvent: {}
[145.747650] (-) TimerEvent: {}
[145.848348] (-) TimerEvent: {}
[145.949046] (-) TimerEvent: {}
[146.049732] (-) TimerEvent: {}
[146.150441] (-) TimerEvent: {}
[146.250859] (-) TimerEvent: {}
[146.351535] (-) TimerEvent: {}
[146.452234] (-) TimerEvent: {}
[146.552929] (-) TimerEvent: {}
[146.653658] (-) TimerEvent: {}
[146.754355] (-) TimerEvent: {}
[146.855115] (-) TimerEvent: {}
[146.955864] (-) TimerEvent: {}
[147.056601] (-) TimerEvent: {}
[147.073055] (pangolin) StdoutLine: {'line': b'[ 57%] \x1b[32m\x1b[1mLinking CXX executable tutorial_3_gl_intro_classic_triangle_vbo_shader\x1b[0m\n'}
[147.156758] (-) TimerEvent: {}
[147.257267] (-) TimerEvent: {}
[147.366470] (-) TimerEvent: {}
[147.467621] (-) TimerEvent: {}
[147.523949] (pangolin) StdoutLine: {'line': b'[ 57%] Built target tutorial_3_gl_intro_classic_triangle_vbo_shader\n'}
[147.567730] (-) TimerEvent: {}
[147.651355] (pangolin) StdoutLine: {'line': b'[ 57%] \x1b[32mBuilding CXX object examples/BasicOpenGL/CMakeFiles/tutorial_5_gl_intro_view_transforms.dir/5_gl_intro_view_transforms.cpp.o\x1b[0m\n'}
[147.667876] (-) TimerEvent: {}
[147.768572] (-) TimerEvent: {}
[147.869298] (-) TimerEvent: {}
[147.970054] (-) TimerEvent: {}
[147.994340] (pangolin) StdoutLine: {'line': b'[ 58%] \x1b[32m\x1b[1mLinking CXX executable tutorial_4_gl_intro_viewport\x1b[0m\n'}
[148.029332] (pangolin) StdoutLine: {'line': b'[ 58%] \x1b[32m\x1b[1mLinking CXX executable tutorial_2_gl_intro_classic_triangle_vbo\x1b[0m\n'}
[148.070225] (-) TimerEvent: {}
[148.170906] (-) TimerEvent: {}
[148.226814] (pangolin) StdoutLine: {'line': b'[ 58%] Built target tutorial_4_gl_intro_viewport\n'}
[148.258367] (pangolin) StdoutLine: {'line': b'[ 58%] \x1b[32mBuilding CXX object examples/SimpleMultiDisplay/CMakeFiles/SimpleMultiDisplay.dir/main.cpp.o\x1b[0m\n'}
[148.271060] (-) TimerEvent: {}
[148.371515] (-) TimerEvent: {}
[148.391670] (pangolin) StdoutLine: {'line': b'[ 58%] Built target tutorial_2_gl_intro_classic_triangle_vbo\n'}
[148.471661] (-) TimerEvent: {}
[148.524501] (pangolin) StdoutLine: {'line': b'[ 58%] \x1b[32mBuilding CXX object examples/SimpleDisplayImage/CMakeFiles/SimpleDisplayImage.dir/main.cpp.o\x1b[0m\n'}
[148.571814] (-) TimerEvent: {}
[148.672559] (-) TimerEvent: {}
[148.773258] (-) TimerEvent: {}
[148.873954] (-) TimerEvent: {}
[148.974671] (-) TimerEvent: {}
[149.075366] (-) TimerEvent: {}
[149.170893] (pangolin) StdoutLine: {'line': b'[ 58%] \x1b[32m\x1b[1mLinking CXX executable tutorial_1_gl_intro_pango_triangle\x1b[0m\n'}
[149.175518] (-) TimerEvent: {}
[149.276256] (-) TimerEvent: {}
[149.376692] (-) TimerEvent: {}
[149.477146] (-) TimerEvent: {}
[149.577601] (-) TimerEvent: {}
[149.581492] (pangolin) StdoutLine: {'line': b'[ 58%] Built target tutorial_1_gl_intro_pango_triangle\n'}
[149.677739] (-) TimerEvent: {}
[149.727102] (pangolin) StdoutLine: {'line': b'[ 59%] \x1b[32mBuilding CXX object examples/SimpleVideo/CMakeFiles/SimpleVideo.dir/main.cpp.o\x1b[0m\n'}
[149.777879] (-) TimerEvent: {}
[149.878295] (-) TimerEvent: {}
[149.978745] (-) TimerEvent: {}
[150.079228] (-) TimerEvent: {}
[150.179671] (-) TimerEvent: {}
[150.280358] (-) TimerEvent: {}
[150.380787] (-) TimerEvent: {}
[150.481238] (-) TimerEvent: {}
[150.581684] (-) TimerEvent: {}
[150.682138] (-) TimerEvent: {}
[150.782836] (-) TimerEvent: {}
[150.883559] (-) TimerEvent: {}
[150.984228] (-) TimerEvent: {}
[151.084903] (-) TimerEvent: {}
[151.185627] (-) TimerEvent: {}
[151.286100] (-) TimerEvent: {}
[151.386832] (-) TimerEvent: {}
[151.487540] (-) TimerEvent: {}
[151.588220] (-) TimerEvent: {}
[151.688905] (-) TimerEvent: {}
[151.789606] (-) TimerEvent: {}
[151.890315] (-) TimerEvent: {}
[151.990987] (-) TimerEvent: {}
[152.091747] (-) TimerEvent: {}
[152.192448] (-) TimerEvent: {}
[152.293194] (-) TimerEvent: {}
[152.390692] (pangolin) StdoutLine: {'line': b'[ 60%] \x1b[32m\x1b[1mLinking CXX executable SimpleMultiDisplay\x1b[0m\n'}
[152.393333] (-) TimerEvent: {}
[152.402804] (pangolin) StdoutLine: {'line': b'[ 60%] \x1b[32mBuilding CXX object CMakeFiles/pango_plot.dir/components/pango_plot/src/loaders/csv_table_loader.cpp.o\x1b[0m\n'}
[152.493486] (-) TimerEvent: {}
[152.565988] (pangolin) StdoutLine: {'line': b'[ 61%] \x1b[32m\x1b[1mLinking CXX executable SimpleDisplayImage\x1b[0m\n'}
[152.593644] (-) TimerEvent: {}
[152.694293] (-) TimerEvent: {}
[152.726612] (pangolin) StdoutLine: {'line': b'[ 61%] Built target SimpleMultiDisplay\n'}
[152.794427] (-) TimerEvent: {}
[152.822804] (pangolin) StdoutLine: {'line': b'[ 61%] \x1b[32mBuilding CXX object examples/SimpleRecord/CMakeFiles/SimpleRecord.dir/main.cpp.o\x1b[0m\n'}
[152.839543] (pangolin) StdoutLine: {'line': b'[ 61%] Built target SimpleDisplayImage\n'}
[152.894558] (-) TimerEvent: {}
[152.944921] (pangolin) StdoutLine: {'line': b'[ 62%] \x1b[32mBuilding CXX object examples/HelloPangolinOffscreen/CMakeFiles/HelloPangolinOffscreen.dir/main.cpp.o\x1b[0m\n'}
[152.994693] (-) TimerEvent: {}
[153.095383] (-) TimerEvent: {}
[153.196087] (-) TimerEvent: {}
[153.217871] (pangolin) StdoutLine: {'line': b'[ 63%] \x1b[32m\x1b[1mLinking CXX shared library libpango_tools.so\x1b[0m\n'}
[153.296242] (-) TimerEvent: {}
[153.396705] (-) TimerEvent: {}
[153.497151] (-) TimerEvent: {}
[153.522166] (pangolin) StdoutLine: {'line': b'[ 64%] \x1b[32m\x1b[1mLinking CXX shared library libpango_plot.so\x1b[0m\n'}
[153.570998] (pangolin) StdoutLine: {'line': b'[ 64%] Built target pango_tools\n'}
[153.597293] (-) TimerEvent: {}
[153.603808] (pangolin) StdoutLine: {'line': b'[ 64%] \x1b[32mBuilding CXX object examples/SimpleScene/CMakeFiles/SimpleScene.dir/main.cpp.o\x1b[0m\n'}
[153.697425] (-) TimerEvent: {}
[153.731076] (pangolin) StdoutLine: {'line': b'[ 64%] \x1b[32m\x1b[1mLinking CXX executable tutorial_2_gl_intro_pango_triangle_vbo\x1b[0m\n'}
[153.785733] (pangolin) StdoutLine: {'line': b'[ 64%] Built target pango_plot\n'}
[153.797562] (-) TimerEvent: {}
[153.898284] (-) TimerEvent: {}
[153.898933] (pangolin) StdoutLine: {'line': b'[ 64%] \x1b[32mBuilding CXX object CMakeFiles/pango_python.dir/components/pango_python/src/pyinterpreter.cpp.o\x1b[0m\n'}
[153.975346] (pangolin) StdoutLine: {'line': b'[ 64%] Built target tutorial_2_gl_intro_pango_triangle_vbo\n'}
[153.998430] (-) TimerEvent: {}
[154.008722] (pangolin) StdoutLine: {'line': b'[ 65%] \x1b[32mBuilding CXX object CMakeFiles/pypangolin.dir/components/pango_python/src/pypangolin_module.cpp.o\x1b[0m\n'}
[154.098597] (-) TimerEvent: {}
[154.199304] (-) TimerEvent: {}
[154.299729] (-) TimerEvent: {}
[154.400210] (-) TimerEvent: {}
[154.500659] (-) TimerEvent: {}
[154.601104] (-) TimerEvent: {}
[154.610981] (pangolin) StdoutLine: {'line': b'[ 66%] \x1b[32m\x1b[1mLinking CXX executable tutorial_5_gl_intro_view_transforms\x1b[0m\n'}
[154.701251] (-) TimerEvent: {}
[154.801688] (-) TimerEvent: {}
[154.902127] (-) TimerEvent: {}
[155.002554] (-) TimerEvent: {}
[155.057268] (pangolin) StdoutLine: {'line': b'[ 66%] Built target tutorial_5_gl_intro_view_transforms\n'}
[155.102708] (-) TimerEvent: {}
[155.183757] (pangolin) StdoutLine: {'line': b'[ 66%] \x1b[32mBuilding CXX object examples/SimplePlot/CMakeFiles/SimplePlot.dir/main.cpp.o\x1b[0m\n'}
[155.202861] (-) TimerEvent: {}
[155.303631] (-) TimerEvent: {}
[155.404311] (-) TimerEvent: {}
[155.505015] (-) TimerEvent: {}
[155.605722] (-) TimerEvent: {}
[155.706520] (-) TimerEvent: {}
[155.807219] (-) TimerEvent: {}
[155.907928] (-) TimerEvent: {}
[156.008617] (-) TimerEvent: {}
[156.109316] (-) TimerEvent: {}
[156.210023] (-) TimerEvent: {}
[156.310722] (-) TimerEvent: {}
[156.411400] (-) TimerEvent: {}
[156.511852] (-) TimerEvent: {}
[156.612295] (-) TimerEvent: {}
[156.712989] (-) TimerEvent: {}
[156.813742] (-) TimerEvent: {}
[156.914457] (-) TimerEvent: {}
[157.015231] (-) TimerEvent: {}
[157.070946] (pangolin) StdoutLine: {'line': b'[ 66%] \x1b[32m\x1b[1mLinking CXX executable SimpleVideo\x1b[0m\n'}
[157.115376] (-) TimerEvent: {}
[157.179343] (pangolin) StdoutLine: {'line': b'[ 67%] \x1b[32m\x1b[1mLinking CXX executable SimpleRecord\x1b[0m\n'}
[157.215523] (-) TimerEvent: {}
[157.274496] (pangolin) StdoutLine: {'line': b'[ 68%] \x1b[32m\x1b[1mLinking CXX executable tutorial_3_gl_intro_pango_triangle_vbo_shader\x1b[0m\n'}
[157.315676] (-) TimerEvent: {}
[157.420396] (-) TimerEvent: {}
[157.521401] (-) TimerEvent: {}
[157.597739] (pangolin) StdoutLine: {'line': b'[ 68%] Built target tutorial_3_gl_intro_pango_triangle_vbo_shader\n'}
[157.621586] (-) TimerEvent: {}
[157.634450] (pangolin) StdoutLine: {'line': b'[ 68%] \x1b[32mBuilding CXX object CMakeFiles/pypangolin.dir/components/pango_python/src/pypangolin/attach.cpp.o\x1b[0m\n'}
[157.721726] (-) TimerEvent: {}
[157.822448] (-) TimerEvent: {}
[157.854930] (pangolin) StdoutLine: {'line': b'[ 68%] Built target SimpleVideo\n'}
[157.894049] (pangolin) StdoutLine: {'line': b'[ 68%] \x1b[32mBuilding CXX object CMakeFiles/pypangolin.dir/components/pango_python/src/pypangolin/colour.cpp.o\x1b[0m\n'}
[157.922621] (-) TimerEvent: {}
[158.023429] (-) TimerEvent: {}
[158.124149] (-) TimerEvent: {}
[158.224837] (-) TimerEvent: {}
[158.325524] (-) TimerEvent: {}
[158.426232] (-) TimerEvent: {}
[158.526940] (-) TimerEvent: {}
[158.627611] (-) TimerEvent: {}
[158.728291] (-) TimerEvent: {}
[158.829003] (-) TimerEvent: {}
[158.829669] (pangolin) StdoutLine: {'line': b'[ 68%] \x1b[32m\x1b[1mLinking CXX executable HelloPangolinOffscreen\x1b[0m\n'}
[158.929143] (-) TimerEvent: {}
[158.947208] (pangolin) StdoutLine: {'line': b'[ 68%] Built target SimpleRecord\n'}
[158.997642] (pangolin) StdoutLine: {'line': b'[ 69%] \x1b[32mBuilding CXX object CMakeFiles/pypangolin.dir/components/pango_python/src/pypangolin/datalog.cpp.o\x1b[0m\n'}
[159.029283] (-) TimerEvent: {}
[159.130043] (-) TimerEvent: {}
[159.230797] (-) TimerEvent: {}
[159.331517] (-) TimerEvent: {}
[159.432227] (-) TimerEvent: {}
[159.487318] (pangolin) StdoutLine: {'line': b'[ 69%] Built target HelloPangolinOffscreen\n'}
[159.527316] (pangolin) StdoutLine: {'line': b'[ 69%] \x1b[32mBuilding CXX object CMakeFiles/pypangolin.dir/components/pango_python/src/pypangolin/display.cpp.o\x1b[0m\n'}
[159.532382] (-) TimerEvent: {}
[159.633078] (-) TimerEvent: {}
[159.733785] (-) TimerEvent: {}
[159.834468] (-) TimerEvent: {}
[159.935161] (-) TimerEvent: {}
[160.035846] (-) TimerEvent: {}
[160.136543] (-) TimerEvent: {}
[160.237239] (-) TimerEvent: {}
[160.337672] (-) TimerEvent: {}
[160.438106] (-) TimerEvent: {}
[160.538816] (-) TimerEvent: {}
[160.639523] (-) TimerEvent: {}
[160.740256] (-) TimerEvent: {}
[160.840952] (-) TimerEvent: {}
[160.941619] (-) TimerEvent: {}
[161.042350] (-) TimerEvent: {}
[161.143115] (-) TimerEvent: {}
[161.197096] (pangolin) StdoutLine: {'line': b'[ 70%] \x1b[32m\x1b[1mLinking CXX executable SimplePlot\x1b[0m\n'}
[161.243267] (-) TimerEvent: {}
[161.343967] (-) TimerEvent: {}
[161.444403] (-) TimerEvent: {}
[161.545113] (-) TimerEvent: {}
[161.567272] (pangolin) StdoutLine: {'line': b'[ 70%] Built target SimplePlot\n'}
[161.624613] (pangolin) StdoutLine: {'line': b'[ 71%] \x1b[32mBuilding CXX object CMakeFiles/pango_python.dir/components/pango_python/src/pypangolin_embed.cpp.o\x1b[0m\n'}
[161.645266] (-) TimerEvent: {}
[161.746025] (-) TimerEvent: {}
[161.846798] (-) TimerEvent: {}
[161.947548] (-) TimerEvent: {}
[162.048289] (-) TimerEvent: {}
[162.149047] (-) TimerEvent: {}
[162.249831] (-) TimerEvent: {}
[162.350616] (-) TimerEvent: {}
[162.451428] (-) TimerEvent: {}
[162.552189] (-) TimerEvent: {}
[162.652952] (-) TimerEvent: {}
[162.753711] (-) TimerEvent: {}
[162.854483] (-) TimerEvent: {}
[162.955235] (-) TimerEvent: {}
[163.055932] (-) TimerEvent: {}
[163.156638] (-) TimerEvent: {}
[163.257334] (-) TimerEvent: {}
[163.358040] (-) TimerEvent: {}
[163.458774] (-) TimerEvent: {}
[163.557135] (pangolin) StdoutLine: {'line': b'[ 72%] \x1b[32mBuilding CXX object CMakeFiles/pypangolin.dir/components/pango_python/src/pypangolin/gl.cpp.o\x1b[0m\n'}
[163.558911] (-) TimerEvent: {}
[163.659651] (-) TimerEvent: {}
[163.760424] (-) TimerEvent: {}
[163.861158] (-) TimerEvent: {}
[163.961919] (-) TimerEvent: {}
[164.062640] (-) TimerEvent: {}
[164.163378] (-) TimerEvent: {}
[164.264130] (-) TimerEvent: {}
[164.364835] (-) TimerEvent: {}
[164.465534] (-) TimerEvent: {}
[164.566273] (-) TimerEvent: {}
[164.666984] (-) TimerEvent: {}
[164.767658] (-) TimerEvent: {}
[164.868349] (-) TimerEvent: {}
[164.969042] (-) TimerEvent: {}
[165.069735] (-) TimerEvent: {}
[165.135894] (pangolin) StdoutLine: {'line': b'[ 72%] \x1b[32mBuilding CXX object CMakeFiles/pypangolin.dir/components/pango_python/src/pypangolin/gl_draw.cpp.o\x1b[0m\n'}
[165.148686] (pangolin) StdoutLine: {'line': b'[ 72%] \x1b[32mBuilding CXX object CMakeFiles/pango_python.dir/components/pango_python/src/pypangolin/attach.cpp.o\x1b[0m\n'}
[165.169889] (-) TimerEvent: {}
[165.270597] (-) TimerEvent: {}
[165.371310] (-) TimerEvent: {}
[165.391472] (pangolin) StdoutLine: {'line': b'[ 73%] \x1b[32mBuilding CXX object CMakeFiles/pango_python.dir/components/pango_python/src/pypangolin/colour.cpp.o\x1b[0m\n'}
[165.471457] (-) TimerEvent: {}
[165.572202] (-) TimerEvent: {}
[165.672976] (-) TimerEvent: {}
[165.773697] (-) TimerEvent: {}
[165.874402] (-) TimerEvent: {}
[165.975091] (-) TimerEvent: {}
[166.075780] (-) TimerEvent: {}
[166.176554] (-) TimerEvent: {}
[166.277317] (-) TimerEvent: {}
[166.378042] (-) TimerEvent: {}
[166.478784] (-) TimerEvent: {}
[166.579531] (-) TimerEvent: {}
[166.680309] (-) TimerEvent: {}
[166.781023] (-) TimerEvent: {}
[166.881779] (-) TimerEvent: {}
[166.955317] (pangolin) StdoutLine: {'line': b'[ 74%] \x1b[32mBuilding CXX object CMakeFiles/pypangolin.dir/components/pango_python/src/pypangolin/gltext.cpp.o\x1b[0m\n'}
[166.981923] (-) TimerEvent: {}
[167.082592] (-) TimerEvent: {}
[167.183329] (-) TimerEvent: {}
[167.284027] (-) TimerEvent: {}
[167.384706] (-) TimerEvent: {}
[167.485412] (-) TimerEvent: {}
[167.586077] (-) TimerEvent: {}
[167.686743] (-) TimerEvent: {}
[167.787442] (-) TimerEvent: {}
[167.838065] (pangolin) StdoutLine: {'line': b'[ 74%] \x1b[32mBuilding CXX object CMakeFiles/pypangolin.dir/components/pango_python/src/pypangolin/glfont.cpp.o\x1b[0m\n'}
[167.887581] (-) TimerEvent: {}
[167.988295] (-) TimerEvent: {}
[168.089053] (-) TimerEvent: {}
[168.127282] (pangolin) StdoutLine: {'line': b'[ 74%] \x1b[32m\x1b[1mLinking CXX executable SimpleScene\x1b[0m\n'}
[168.189190] (-) TimerEvent: {}
[168.289850] (-) TimerEvent: {}
[168.390570] (-) TimerEvent: {}
[168.491284] (-) TimerEvent: {}
[168.517091] (pangolin) StdoutLine: {'line': b'[ 74%] Built target SimpleScene\n'}
[168.591424] (-) TimerEvent: {}
[168.692180] (-) TimerEvent: {}
[168.792872] (-) TimerEvent: {}
[168.893643] (-) TimerEvent: {}
[168.994368] (-) TimerEvent: {}
[169.095115] (-) TimerEvent: {}
[169.195871] (-) TimerEvent: {}
[169.296645] (-) TimerEvent: {}
[169.397412] (-) TimerEvent: {}
[169.498148] (-) TimerEvent: {}
[169.598920] (-) TimerEvent: {}
[169.699689] (-) TimerEvent: {}
[169.800484] (-) TimerEvent: {}
[169.901251] (-) TimerEvent: {}
[170.001990] (-) TimerEvent: {}
[170.102772] (-) TimerEvent: {}
[170.203540] (-) TimerEvent: {}
[170.304265] (-) TimerEvent: {}
[170.405025] (-) TimerEvent: {}
[170.505793] (-) TimerEvent: {}
[170.606567] (-) TimerEvent: {}
[170.707350] (-) TimerEvent: {}
[170.808122] (-) TimerEvent: {}
[170.908832] (-) TimerEvent: {}
[171.009516] (-) TimerEvent: {}
[171.110303] (-) TimerEvent: {}
[171.211061] (-) TimerEvent: {}
[171.311763] (-) TimerEvent: {}
[171.412535] (-) TimerEvent: {}
[171.513245] (-) TimerEvent: {}
[171.613958] (-) TimerEvent: {}
[171.714721] (-) TimerEvent: {}
[171.815565] (-) TimerEvent: {}
[171.916029] (-) TimerEvent: {}
[172.016793] (-) TimerEvent: {}
[172.117559] (-) TimerEvent: {}
[172.218323] (-) TimerEvent: {}
[172.319020] (-) TimerEvent: {}
[172.419742] (-) TimerEvent: {}
[172.520445] (-) TimerEvent: {}
[172.621131] (-) TimerEvent: {}
[172.721845] (-) TimerEvent: {}
[172.822586] (-) TimerEvent: {}
[172.923340] (-) TimerEvent: {}
[173.024175] (-) TimerEvent: {}
[173.124865] (-) TimerEvent: {}
[173.225577] (-) TimerEvent: {}
[173.326310] (-) TimerEvent: {}
[173.427000] (-) TimerEvent: {}
[173.527692] (-) TimerEvent: {}
[173.628616] (-) TimerEvent: {}
[173.730420] (-) TimerEvent: {}
[173.832224] (-) TimerEvent: {}
[173.934075] (-) TimerEvent: {}
[174.035845] (-) TimerEvent: {}
[174.137593] (-) TimerEvent: {}
[174.239354] (-) TimerEvent: {}
[174.341260] (-) TimerEvent: {}
[174.442968] (-) TimerEvent: {}
[174.544095] (-) TimerEvent: {}
[174.645023] (-) TimerEvent: {}
[174.746053] (-) TimerEvent: {}
[174.847071] (-) TimerEvent: {}
[174.948074] (-) TimerEvent: {}
[175.049090] (-) TimerEvent: {}
[175.150131] (-) TimerEvent: {}
[175.251170] (-) TimerEvent: {}
[175.352230] (-) TimerEvent: {}
[175.453250] (-) TimerEvent: {}
[175.554288] (-) TimerEvent: {}
[175.655211] (-) TimerEvent: {}
[175.756182] (-) TimerEvent: {}
[175.857168] (-) TimerEvent: {}
[175.958141] (-) TimerEvent: {}
[176.059083] (-) TimerEvent: {}
[176.160075] (-) TimerEvent: {}
[176.260988] (-) TimerEvent: {}
[176.361928] (-) TimerEvent: {}
[176.462960] (-) TimerEvent: {}
[176.563956] (-) TimerEvent: {}
[176.664942] (-) TimerEvent: {}
[176.765936] (-) TimerEvent: {}
[176.866950] (-) TimerEvent: {}
[176.967934] (-) TimerEvent: {}
[177.068908] (-) TimerEvent: {}
[177.169848] (-) TimerEvent: {}
[177.270726] (-) TimerEvent: {}
[177.371568] (-) TimerEvent: {}
[177.472505] (-) TimerEvent: {}
[177.573463] (-) TimerEvent: {}
[177.674369] (-) TimerEvent: {}
[177.775309] (-) TimerEvent: {}
[177.876280] (-) TimerEvent: {}
[177.977235] (-) TimerEvent: {}
[178.078183] (-) TimerEvent: {}
[178.179191] (-) TimerEvent: {}
[178.280127] (-) TimerEvent: {}
[178.316064] (pangolin) StdoutLine: {'line': b'[ 75%] \x1b[32mBuilding CXX object CMakeFiles/pango_python.dir/components/pango_python/src/pypangolin/display.cpp.o\x1b[0m\n'}
[178.316347] (pangolin) StdoutLine: {'line': b'[ 75%] \x1b[32mBuilding CXX object CMakeFiles/pango_python.dir/components/pango_python/src/pypangolin/gl.cpp.o\x1b[0m\n'}
[178.380465] (-) TimerEvent: {}
[178.481306] (-) TimerEvent: {}
[178.498443] (pangolin) StdoutLine: {'line': b'[ 75%] \x1b[32mBuilding CXX object CMakeFiles/pypangolin.dir/components/pango_python/src/pypangolin/handler.cpp.o\x1b[0m\n'}
[178.499706] (pangolin) StdoutLine: {'line': b'[ 75%] \x1b[32mBuilding CXX object CMakeFiles/pypangolin.dir/components/pango_python/src/pypangolin/glvbo.cpp.o\x1b[0m\n'}
[178.581516] (-) TimerEvent: {}
[178.683343] (-) TimerEvent: {}
[178.785183] (-) TimerEvent: {}
[178.887060] (-) TimerEvent: {}
[178.988756] (-) TimerEvent: {}
[179.090605] (-) TimerEvent: {}
[179.192700] (-) TimerEvent: {}
[179.277692] (pangolin) StdoutLine: {'line': b'[ 76%] \x1b[32mBuilding CXX object CMakeFiles/pango_python.dir/components/pango_python/src/pypangolin/gl_draw.cpp.o\x1b[0m\n'}
[179.278599] (pangolin) StdoutLine: {'line': b'[ 76%] \x1b[32mBuilding CXX object CMakeFiles/pypangolin.dir/components/pango_python/src/pypangolin/glsl.cpp.o\x1b[0m\n'}
[179.292965] (-) TimerEvent: {}
[179.394777] (-) TimerEvent: {}
[179.495715] (-) TimerEvent: {}
[179.596576] (-) TimerEvent: {}
[179.697805] (-) TimerEvent: {}
[179.798691] (-) TimerEvent: {}
[179.899633] (-) TimerEvent: {}
[180.000534] (-) TimerEvent: {}
[180.101373] (-) TimerEvent: {}
[180.144141] (pangolin) StdoutLine: {'line': b'[ 77%] \x1b[32mBuilding CXX object CMakeFiles/pypangolin.dir/components/pango_python/src/pypangolin/image.cpp.o\x1b[0m\n'}
[180.173739] (pangolin) StdoutLine: {'line': b'[ 77%] \x1b[32mBuilding CXX object CMakeFiles/pango_python.dir/components/pango_python/src/pypangolin/datalog.cpp.o\x1b[0m\n'}
[180.201487] (-) TimerEvent: {}
[180.301954] (-) TimerEvent: {}
[180.402420] (-) TimerEvent: {}
[180.502869] (-) TimerEvent: {}
[180.603677] (-) TimerEvent: {}
[180.704393] (-) TimerEvent: {}
[180.805089] (-) TimerEvent: {}
[180.905792] (-) TimerEvent: {}
[181.006493] (-) TimerEvent: {}
[181.107223] (-) TimerEvent: {}
[181.207983] (-) TimerEvent: {}
[181.308703] (-) TimerEvent: {}
[181.409400] (-) TimerEvent: {}
[181.517696] (-) TimerEvent: {}
[181.618383] (-) TimerEvent: {}
[181.719091] (-) TimerEvent: {}
[181.819894] (-) TimerEvent: {}
[181.920684] (-) TimerEvent: {}
[182.021392] (-) TimerEvent: {}
[182.122103] (-) TimerEvent: {}
[182.222782] (-) TimerEvent: {}
[182.323478] (-) TimerEvent: {}
[182.424271] (-) TimerEvent: {}
[182.524737] (-) TimerEvent: {}
[182.625440] (-) TimerEvent: {}
[182.726169] (-) TimerEvent: {}
[182.826920] (-) TimerEvent: {}
[182.927595] (-) TimerEvent: {}
[183.028284] (-) TimerEvent: {}
[183.128973] (-) TimerEvent: {}
[183.229671] (-) TimerEvent: {}
[183.330359] (-) TimerEvent: {}
[183.431064] (-) TimerEvent: {}
[183.531776] (-) TimerEvent: {}
[183.632485] (-) TimerEvent: {}
[183.733174] (-) TimerEvent: {}
[183.833882] (-) TimerEvent: {}
[183.934576] (-) TimerEvent: {}
[184.035275] (-) TimerEvent: {}
[184.135977] (-) TimerEvent: {}
[184.236678] (-) TimerEvent: {}
[184.337362] (-) TimerEvent: {}
[184.438049] (-) TimerEvent: {}
[184.538742] (-) TimerEvent: {}
[184.639441] (-) TimerEvent: {}
[184.740154] (-) TimerEvent: {}
[184.840857] (-) TimerEvent: {}
[184.941572] (-) TimerEvent: {}
[185.042264] (-) TimerEvent: {}
[185.104108] (pangolin) StdoutLine: {'line': b'[ 77%] \x1b[32mBuilding CXX object CMakeFiles/pypangolin.dir/components/pango_python/src/pypangolin/image_view.cpp.o\x1b[0m\n'}
[185.142424] (-) TimerEvent: {}
[185.243109] (-) TimerEvent: {}
[185.343808] (-) TimerEvent: {}
[185.444492] (-) TimerEvent: {}
[185.545216] (-) TimerEvent: {}
[185.645927] (-) TimerEvent: {}
[185.746634] (-) TimerEvent: {}
[185.847333] (-) TimerEvent: {}
[185.948037] (-) TimerEvent: {}
[186.048748] (-) TimerEvent: {}
[186.149506] (-) TimerEvent: {}
[186.250240] (-) TimerEvent: {}
[186.350930] (-) TimerEvent: {}
[186.451678] (-) TimerEvent: {}
[186.559499] (-) TimerEvent: {}
[186.660240] (-) TimerEvent: {}
[186.761021] (-) TimerEvent: {}
[186.861754] (-) TimerEvent: {}
[186.962524] (-) TimerEvent: {}
[187.063217] (-) TimerEvent: {}
[187.163914] (-) TimerEvent: {}
[187.264601] (-) TimerEvent: {}
[187.365333] (-) TimerEvent: {}
[187.466126] (-) TimerEvent: {}
[187.566925] (-) TimerEvent: {}
[187.667610] (-) TimerEvent: {}
[187.768361] (-) TimerEvent: {}
[187.869116] (-) TimerEvent: {}
[187.969806] (-) TimerEvent: {}
[188.070530] (-) TimerEvent: {}
[188.171195] (-) TimerEvent: {}
[188.271951] (-) TimerEvent: {}
[188.363511] (pangolin) StdoutLine: {'line': b'[ 78%] \x1b[32mBuilding CXX object CMakeFiles/pypangolin.dir/components/pango_python/src/pypangolin/opengl_render_state.cpp.o\x1b[0m\n'}
[188.372101] (-) TimerEvent: {}
[188.472802] (-) TimerEvent: {}
[188.573487] (-) TimerEvent: {}
[188.674173] (-) TimerEvent: {}
[188.774863] (-) TimerEvent: {}
[188.875605] (-) TimerEvent: {}
[188.976316] (-) TimerEvent: {}
[189.077029] (-) TimerEvent: {}
[189.177717] (-) TimerEvent: {}
[189.278423] (-) TimerEvent: {}
[189.379125] (-) TimerEvent: {}
[189.479833] (-) TimerEvent: {}
[189.580324] (-) TimerEvent: {}
[189.681019] (-) TimerEvent: {}
[189.781700] (-) TimerEvent: {}
[189.882393] (-) TimerEvent: {}
[189.983106] (-) TimerEvent: {}
[190.083838] (-) TimerEvent: {}
[190.184531] (-) TimerEvent: {}
[190.285304] (-) TimerEvent: {}
[190.386094] (-) TimerEvent: {}
[190.486872] (-) TimerEvent: {}
[190.587629] (-) TimerEvent: {}
[190.688388] (-) TimerEvent: {}
[190.789185] (-) TimerEvent: {}
[190.889988] (-) TimerEvent: {}
[190.990724] (-) TimerEvent: {}
[191.091420] (-) TimerEvent: {}
[191.192119] (-) TimerEvent: {}
[191.292826] (-) TimerEvent: {}
[191.392197] (pangolin) StdoutLine: {'line': b'[ 78%] \x1b[32mBuilding CXX object CMakeFiles/pypangolin.dir/components/pango_python/src/pypangolin/params.cpp.o\x1b[0m\n'}
[191.392960] (-) TimerEvent: {}
[191.493735] (-) TimerEvent: {}
[191.601858] (-) TimerEvent: {}
[191.702592] (-) TimerEvent: {}
[191.803361] (-) TimerEvent: {}
[191.904135] (-) TimerEvent: {}
[192.004918] (-) TimerEvent: {}
[192.105706] (-) TimerEvent: {}
[192.206473] (-) TimerEvent: {}
[192.306946] (-) TimerEvent: {}
[192.407689] (-) TimerEvent: {}
[192.508450] (-) TimerEvent: {}
[192.609246] (-) TimerEvent: {}
[192.710037] (-) TimerEvent: {}
[192.810759] (-) TimerEvent: {}
[192.911465] (-) TimerEvent: {}
[193.012229] (-) TimerEvent: {}
[193.112968] (-) TimerEvent: {}
[193.213743] (-) TimerEvent: {}
[193.314525] (-) TimerEvent: {}
[193.415324] (-) TimerEvent: {}
[193.516115] (-) TimerEvent: {}
[193.616904] (-) TimerEvent: {}
[193.717586] (-) TimerEvent: {}
[193.818370] (-) TimerEvent: {}
[193.919064] (-) TimerEvent: {}
[194.019794] (-) TimerEvent: {}
[194.120540] (-) TimerEvent: {}
[194.221295] (-) TimerEvent: {}
[194.322001] (-) TimerEvent: {}
[194.422764] (-) TimerEvent: {}
[194.523540] (-) TimerEvent: {}
[194.624274] (-) TimerEvent: {}
[194.725017] (-) TimerEvent: {}
[194.825774] (-) TimerEvent: {}
[194.926569] (-) TimerEvent: {}
[195.027406] (-) TimerEvent: {}
[195.128096] (-) TimerEvent: {}
[195.228819] (-) TimerEvent: {}
[195.329549] (-) TimerEvent: {}
[195.430274] (-) TimerEvent: {}
[195.530973] (-) TimerEvent: {}
[195.569188] (pangolin) StderrLine: {'line': b'In file included from \x1b[01m\x1b[K/home/cat/TurboSLAM/3rdparty/Pangolin-0.9.5/components/pango_display/include/pangolin/handler/handler_image.h:30\x1b[m\x1b[K,\n'}
[195.569888] (pangolin) StderrLine: {'line': b'                 from \x1b[01m\x1b[K/home/cat/TurboSLAM/3rdparty/Pangolin-0.9.5/components/pango_display/include/pangolin/display/image_view.h:7\x1b[m\x1b[K,\n'}
[195.570080] (pangolin) StderrLine: {'line': b'                 from \x1b[01m\x1b[K/home/cat/TurboSLAM/3rdparty/Pangolin-0.9.5/components/pango_python/src/pypangolin/image_view.cpp:29\x1b[m\x1b[K:\n'}
[195.570178] (pangolin) StderrLine: {'line': b'\x1b[01m\x1b[K/home/cat/TurboSLAM/3rdparty/Pangolin-0.9.5/components/pango_image/include/pangolin/image/image_utils.h:\x1b[m\x1b[K In function \xe2\x80\x98\x1b[01m\x1b[Kstd::pair<float, float> pangolin::GetMinMax(const pangolin::Image<unsigned char>&, pangolin::XYRangei, const pangolin::GlPixFormat&)\x1b[m\x1b[K\xe2\x80\x99:\n'}
[195.570299] (pangolin) StderrLine: {'line': b'\x1b[01m\x1b[K/home/cat/TurboSLAM/3rdparty/Pangolin-0.9.5/components/pango_image/include/pangolin/image/image_utils.h:119:1:\x1b[m\x1b[K \x1b[01;36m\x1b[Knote: \x1b[m\x1b[Kparameter passing for argument of type \xe2\x80\x98\x1b[01m\x1b[Kstd::pair<float, float>\x1b[m\x1b[K\xe2\x80\x99 when C++17 is enabled changed to match C++14 in GCC 10.1\n'}
[195.570384] (pangolin) StderrLine: {'line': b'  119 | \x1b[01;36m\x1b[K)\x1b[m\x1b[K {\n'}
[195.570457] (pangolin) StderrLine: {'line': b'      | \x1b[01;36m\x1b[K^\x1b[m\x1b[K\n'}
[195.631114] (-) TimerEvent: {}
[195.731870] (-) TimerEvent: {}
[195.832586] (-) TimerEvent: {}
[195.933296] (-) TimerEvent: {}
[196.034026] (-) TimerEvent: {}
[196.134780] (-) TimerEvent: {}
[196.235519] (-) TimerEvent: {}
[196.336260] (-) TimerEvent: {}
[196.436968] (-) TimerEvent: {}
[196.537658] (-) TimerEvent: {}
[196.638152] (-) TimerEvent: {}
[196.738601] (-) TimerEvent: {}
[196.839296] (-) TimerEvent: {}
[196.899275] (pangolin) StdoutLine: {'line': b'[ 79%] \x1b[32mBuilding CXX object CMakeFiles/pypangolin.dir/components/pango_python/src/pypangolin/pixel_format.cpp.o\x1b[0m\n'}
[196.939451] (-) TimerEvent: {}
[196.975751] (pangolin) StdoutLine: {'line': b'[ 80%] \x1b[32mBuilding CXX object CMakeFiles/pango_python.dir/components/pango_python/src/pypangolin/gltext.cpp.o\x1b[0m\n'}
[197.039596] (-) TimerEvent: {}
[197.117526] (pangolin) StdoutLine: {'line': b'[ 80%] \x1b[32mBuilding CXX object CMakeFiles/pango_python.dir/components/pango_python/src/pypangolin/glfont.cpp.o\x1b[0m\n'}
[197.139742] (-) TimerEvent: {}
[197.240483] (-) TimerEvent: {}
[197.341174] (-) TimerEvent: {}
[197.441604] (-) TimerEvent: {}
[197.542061] (-) TimerEvent: {}
[197.642811] (-) TimerEvent: {}
[197.743542] (-) TimerEvent: {}
[197.844226] (-) TimerEvent: {}
[197.944900] (-) TimerEvent: {}
[198.045573] (-) TimerEvent: {}
[198.146277] (-) TimerEvent: {}
[198.246981] (-) TimerEvent: {}
[198.347674] (-) TimerEvent: {}
[198.448400] (-) TimerEvent: {}
[198.549102] (-) TimerEvent: {}
[198.649585] (-) TimerEvent: {}
[198.750316] (-) TimerEvent: {}
[198.851063] (-) TimerEvent: {}
[198.951807] (-) TimerEvent: {}
[199.052562] (-) TimerEvent: {}
[199.153309] (-) TimerEvent: {}
[199.254060] (-) TimerEvent: {}
[199.354809] (-) TimerEvent: {}
[199.455573] (-) TimerEvent: {}
[199.556337] (-) TimerEvent: {}
[199.657131] (-) TimerEvent: {}
[199.757862] (-) TimerEvent: {}
[199.858602] (-) TimerEvent: {}
[199.959298] (-) TimerEvent: {}
[200.060000] (-) TimerEvent: {}
[200.160786] (-) TimerEvent: {}
[200.261492] (-) TimerEvent: {}
[200.362194] (-) TimerEvent: {}
[200.462904] (-) TimerEvent: {}
[200.563630] (-) TimerEvent: {}
[200.664082] (-) TimerEvent: {}
[200.764546] (-) TimerEvent: {}
[200.865019] (-) TimerEvent: {}
[200.965504] (-) TimerEvent: {}
[201.066019] (-) TimerEvent: {}
[201.166503] (-) TimerEvent: {}
[201.266968] (-) TimerEvent: {}
[201.367403] (-) TimerEvent: {}
[201.467876] (-) TimerEvent: {}
[201.568831] (-) TimerEvent: {}
[201.672799] (-) TimerEvent: {}
[201.774576] (-) TimerEvent: {}
[201.876462] (-) TimerEvent: {}
[201.978178] (-) TimerEvent: {}
[202.079950] (-) TimerEvent: {}
[202.181841] (-) TimerEvent: {}
[202.283674] (-) TimerEvent: {}
[202.385199] (-) TimerEvent: {}
[202.486978] (-) TimerEvent: {}
[202.588671] (-) TimerEvent: {}
[202.689706] (-) TimerEvent: {}
[202.790719] (-) TimerEvent: {}
[202.891729] (-) TimerEvent: {}
[202.992754] (-) TimerEvent: {}
[203.093693] (-) TimerEvent: {}
[203.194642] (-) TimerEvent: {}
[203.295618] (-) TimerEvent: {}
[203.396623] (-) TimerEvent: {}
[203.497680] (-) TimerEvent: {}
[203.530267] (pangolin) StdoutLine: {'line': b'[ 81%] \x1b[32mBuilding CXX object CMakeFiles/pypangolin.dir/components/pango_python/src/pypangolin/pypangoio.cpp.o\x1b[0m\n'}
[203.597902] (-) TimerEvent: {}
[203.698892] (-) TimerEvent: {}
[203.799899] (-) TimerEvent: {}
[203.900845] (-) TimerEvent: {}
[204.001831] (-) TimerEvent: {}
[204.102815] (-) TimerEvent: {}
[204.123974] (pangolin) StdoutLine: {'line': b'[ 81%] \x1b[32mBuilding CXX object CMakeFiles/pango_python.dir/components/pango_python/src/pypangolin/glvbo.cpp.o\x1b[0m\n'}
[204.203144] (-) TimerEvent: {}
[204.304871] (-) TimerEvent: {}
[204.406577] (-) TimerEvent: {}
[204.508317] (-) TimerEvent: {}
[204.568688] (pangolin) StdoutLine: {'line': b'[ 81%] \x1b[32mBuilding CXX object CMakeFiles/pypangolin.dir/components/pango_python/src/pypangolin/plotter.cpp.o\x1b[0m\n'}
[204.608540] (-) TimerEvent: {}
[204.709439] (-) TimerEvent: {}
[204.810394] (-) TimerEvent: {}
[204.911279] (-) TimerEvent: {}
[205.012288] (-) TimerEvent: {}
[205.113219] (-) TimerEvent: {}
[205.173906] (pangolin) StdoutLine: {'line': b'[ 82%] \x1b[32mBuilding CXX object CMakeFiles/pango_python.dir/components/pango_python/src/pypangolin/glsl.cpp.o\x1b[0m\n'}
[205.213331] (-) TimerEvent: {}
[205.260423] (pangolin) StdoutLine: {'line': b'[ 82%] \x1b[32mBuilding CXX object CMakeFiles/pypangolin.dir/components/pango_python/src/pypangolin/var.cpp.o\x1b[0m\n'}
[205.313493] (-) TimerEvent: {}
[205.413990] (-) TimerEvent: {}
[205.514470] (-) TimerEvent: {}
[205.614957] (-) TimerEvent: {}
[205.715418] (-) TimerEvent: {}
[205.816136] (-) TimerEvent: {}
[205.916880] (-) TimerEvent: {}
[206.017579] (-) TimerEvent: {}
[206.118288] (-) TimerEvent: {}
[206.218981] (-) TimerEvent: {}
[206.319698] (-) TimerEvent: {}
[206.420406] (-) TimerEvent: {}
[206.521090] (-) TimerEvent: {}
[206.621782] (-) TimerEvent: {}
[206.722586] (-) TimerEvent: {}
[206.823289] (-) TimerEvent: {}
[206.923970] (-) TimerEvent: {}
[207.024614] (-) TimerEvent: {}
[207.125290] (-) TimerEvent: {}
[207.222209] (pangolin) StdoutLine: {'line': b'[ 82%] \x1b[32mBuilding CXX object CMakeFiles/pypangolin.dir/components/pango_python/src/pypangolin/video.cpp.o\x1b[0m\n'}
[207.225450] (-) TimerEvent: {}
[207.326208] (-) TimerEvent: {}
[207.426971] (-) TimerEvent: {}
[207.527676] (-) TimerEvent: {}
[207.628421] (-) TimerEvent: {}
[207.728866] (-) TimerEvent: {}
[207.829577] (-) TimerEvent: {}
[207.930300] (-) TimerEvent: {}
[208.030987] (-) TimerEvent: {}
[208.131675] (-) TimerEvent: {}
[208.232391] (-) TimerEvent: {}
[208.333095] (-) TimerEvent: {}
[208.433787] (-) TimerEvent: {}
[208.534466] (-) TimerEvent: {}
[208.635158] (-) TimerEvent: {}
[208.735807] (-) TimerEvent: {}
[208.836474] (-) TimerEvent: {}
[208.904231] (pangolin) StdoutLine: {'line': b'[ 83%] \x1b[32mBuilding CXX object CMakeFiles/pango_python.dir/components/pango_python/src/pypangolin/handler.cpp.o\x1b[0m\n'}
[208.936620] (-) TimerEvent: {}
[209.037323] (-) TimerEvent: {}
[209.138028] (-) TimerEvent: {}
[209.238745] (-) TimerEvent: {}
[209.339437] (-) TimerEvent: {}
[209.440125] (-) TimerEvent: {}
[209.540827] (-) TimerEvent: {}
[209.642061] (-) TimerEvent: {}
[209.742529] (-) TimerEvent: {}
[209.843246] (-) TimerEvent: {}
[209.943982] (-) TimerEvent: {}
[210.044635] (-) TimerEvent: {}
[210.145402] (-) TimerEvent: {}
[210.246132] (-) TimerEvent: {}
[210.346850] (-) TimerEvent: {}
[210.447577] (-) TimerEvent: {}
[210.548306] (-) TimerEvent: {}
[210.648982] (-) TimerEvent: {}
[210.750210] (-) TimerEvent: {}
[210.850938] (-) TimerEvent: {}
[210.951686] (-) TimerEvent: {}
[211.052414] (-) TimerEvent: {}
[211.153121] (-) TimerEvent: {}
[211.253835] (-) TimerEvent: {}
[211.354528] (-) TimerEvent: {}
[211.455233] (-) TimerEvent: {}
[211.555954] (-) TimerEvent: {}
[211.660633] (-) TimerEvent: {}
[211.761091] (-) TimerEvent: {}
[211.861557] (-) TimerEvent: {}
[211.962259] (-) TimerEvent: {}
[212.062945] (-) TimerEvent: {}
[212.163645] (-) TimerEvent: {}
[212.264112] (-) TimerEvent: {}
[212.364826] (-) TimerEvent: {}
[212.465526] (-) TimerEvent: {}
[212.566241] (-) TimerEvent: {}
[212.666937] (-) TimerEvent: {}
[212.767599] (-) TimerEvent: {}
[212.868055] (-) TimerEvent: {}
[212.968791] (-) TimerEvent: {}
[213.069494] (-) TimerEvent: {}
[213.169942] (-) TimerEvent: {}
[213.270666] (-) TimerEvent: {}
[213.371400] (-) TimerEvent: {}
[213.472100] (-) TimerEvent: {}
[213.572970] (-) TimerEvent: {}
[213.673708] (-) TimerEvent: {}
[213.774413] (-) TimerEvent: {}
[213.874919] (-) TimerEvent: {}
[213.975428] (-) TimerEvent: {}
[214.075921] (-) TimerEvent: {}
[214.176429] (-) TimerEvent: {}
[214.276937] (-) TimerEvent: {}
[214.377439] (-) TimerEvent: {}
[214.478079] (-) TimerEvent: {}
[214.579845] (-) TimerEvent: {}
[214.681511] (-) TimerEvent: {}
[214.791188] (-) TimerEvent: {}
[214.892883] (-) TimerEvent: {}
[214.994587] (-) TimerEvent: {}
[215.096309] (-) TimerEvent: {}
[215.198068] (-) TimerEvent: {}
[215.299978] (-) TimerEvent: {}
[215.401667] (-) TimerEvent: {}
[215.503354] (-) TimerEvent: {}
[215.605137] (-) TimerEvent: {}
[215.720926] (-) TimerEvent: {}
[215.833201] (-) TimerEvent: {}
[215.935177] (-) TimerEvent: {}
[216.037138] (-) TimerEvent: {}
[216.138884] (-) TimerEvent: {}
[216.240505] (-) TimerEvent: {}
[216.342206] (-) TimerEvent: {}
[216.443997] (-) TimerEvent: {}
[216.545750] (-) TimerEvent: {}
[216.647417] (-) TimerEvent: {}
[216.748363] (-) TimerEvent: {}
[216.850388] (-) TimerEvent: {}
[216.951387] (-) TimerEvent: {}
[217.052379] (-) TimerEvent: {}
[217.153373] (-) TimerEvent: {}
[217.254333] (-) TimerEvent: {}
[217.355312] (-) TimerEvent: {}
[217.456283] (-) TimerEvent: {}
[217.557253] (-) TimerEvent: {}
[217.658282] (-) TimerEvent: {}
[217.759260] (-) TimerEvent: {}
[217.860284] (-) TimerEvent: {}
[217.961267] (-) TimerEvent: {}
[218.062279] (-) TimerEvent: {}
[218.163299] (-) TimerEvent: {}
[218.264325] (-) TimerEvent: {}
[218.365282] (-) TimerEvent: {}
[218.466293] (-) TimerEvent: {}
[218.567316] (-) TimerEvent: {}
[218.668288] (-) TimerEvent: {}
[218.769296] (-) TimerEvent: {}
[218.870165] (-) TimerEvent: {}
[218.971075] (-) TimerEvent: {}
[219.072069] (-) TimerEvent: {}
[219.169479] (pangolin) StdoutLine: {'line': b'[ 84%] \x1b[32mBuilding CXX object CMakeFiles/pango_python.dir/components/pango_python/src/pypangolin/opengl_render_state.cpp.o\x1b[0m\n'}
[219.170323] (pangolin) StdoutLine: {'line': b'[ 84%] \x1b[32mBuilding CXX object CMakeFiles/pypangolin.dir/components/pango_python/src/pypangolin/view.cpp.o\x1b[0m\n'}
[219.172252] (-) TimerEvent: {}
[219.273757] (-) TimerEvent: {}
[219.375618] (-) TimerEvent: {}
[219.477493] (-) TimerEvent: {}
[219.579244] (-) TimerEvent: {}
[219.680889] (-) TimerEvent: {}
[219.782641] (-) TimerEvent: {}
[219.884559] (-) TimerEvent: {}
[219.986284] (-) TimerEvent: {}
[220.088017] (-) TimerEvent: {}
[220.189715] (-) TimerEvent: {}
[220.210957] (pangolin) StdoutLine: {'line': b'[ 85%] \x1b[32mBuilding CXX object CMakeFiles/pango_python.dir/components/pango_python/src/pypangolin/image_view.cpp.o\x1b[0m\n'}
[220.289835] (-) TimerEvent: {}
[220.390608] (-) TimerEvent: {}
[220.491335] (-) TimerEvent: {}
[220.592055] (-) TimerEvent: {}
[220.692836] (-) TimerEvent: {}
[220.793647] (-) TimerEvent: {}
[220.894381] (-) TimerEvent: {}
[220.994901] (-) TimerEvent: {}
[221.095393] (-) TimerEvent: {}
[221.195884] (-) TimerEvent: {}
[221.248248] (pangolin) StdoutLine: {'line': b'[ 85%] \x1b[32mBuilding CXX object CMakeFiles/pango_python.dir/components/pango_python/src/pypangolin/image.cpp.o\x1b[0m\n'}
[221.296056] (-) TimerEvent: {}
[221.396900] (-) TimerEvent: {}
[221.497648] (-) TimerEvent: {}
[221.598390] (-) TimerEvent: {}
[221.706665] (-) TimerEvent: {}
[221.807531] (-) TimerEvent: {}
[221.908243] (-) TimerEvent: {}
[222.008993] (-) TimerEvent: {}
[222.109737] (-) TimerEvent: {}
[222.210420] (-) TimerEvent: {}
[222.311130] (-) TimerEvent: {}
[222.411795] (-) TimerEvent: {}
[222.512531] (-) TimerEvent: {}
[222.613225] (-) TimerEvent: {}
[222.713906] (-) TimerEvent: {}
[222.771774] (pangolin) StdoutLine: {'line': b'[ 85%] \x1b[32mBuilding CXX object CMakeFiles/pango_python.dir/components/pango_python/src/pypangolin/params.cpp.o\x1b[0m\n'}
[222.814049] (-) TimerEvent: {}
[222.914746] (-) TimerEvent: {}
[223.015450] (-) TimerEvent: {}
[223.116152] (-) TimerEvent: {}
[223.216832] (-) TimerEvent: {}
[223.317591] (-) TimerEvent: {}
[223.389270] (pangolin) StdoutLine: {'line': b'[ 85%] \x1b[32mBuilding CXX object CMakeFiles/pypangolin.dir/components/pango_python/src/pypangolin/viewport.cpp.o\x1b[0m\n'}
[223.417738] (-) TimerEvent: {}
[223.518471] (-) TimerEvent: {}
[223.619211] (-) TimerEvent: {}
[223.719963] (-) TimerEvent: {}
[223.820683] (-) TimerEvent: {}
[223.921410] (-) TimerEvent: {}
[224.022157] (-) TimerEvent: {}
[224.122855] (-) TimerEvent: {}
[224.223630] (-) TimerEvent: {}
[224.324355] (-) TimerEvent: {}
[224.425075] (-) TimerEvent: {}
[224.488023] (pangolin) StdoutLine: {'line': b'[ 86%] \x1b[32mBuilding CXX object CMakeFiles/pango_python.dir/components/pango_python/src/pypangolin/pixel_format.cpp.o\x1b[0m\n'}
[224.525221] (-) TimerEvent: {}
[224.625963] (-) TimerEvent: {}
[224.726770] (-) TimerEvent: {}
[224.827509] (-) TimerEvent: {}
[224.928250] (-) TimerEvent: {}
[225.028737] (-) TimerEvent: {}
[225.129235] (-) TimerEvent: {}
[225.229731] (-) TimerEvent: {}
[225.330225] (-) TimerEvent: {}
[225.430690] (-) TimerEvent: {}
[225.531179] (-) TimerEvent: {}
[225.548938] (pangolin) StdoutLine: {'line': b'[ 86%] \x1b[32mBuilding CXX object CMakeFiles/pango_python.dir/components/pango_python/src/pypangolin/plotter.cpp.o\x1b[0m\n'}
[225.631323] (-) TimerEvent: {}
[225.731797] (-) TimerEvent: {}
[225.832260] (-) TimerEvent: {}
[225.932730] (-) TimerEvent: {}
[225.997186] (pangolin) StdoutLine: {'line': b'[ 87%] \x1b[32mBuilding CXX object CMakeFiles/pango_python.dir/components/pango_python/src/pypangolin/pypangoio.cpp.o\x1b[0m\n'}
[226.032882] (-) TimerEvent: {}
[226.133368] (-) TimerEvent: {}
[226.233858] (-) TimerEvent: {}
[226.334335] (-) TimerEvent: {}
[226.435079] (-) TimerEvent: {}
[226.535822] (-) TimerEvent: {}
[226.636576] (-) TimerEvent: {}
[226.737343] (-) TimerEvent: {}
[226.838097] (-) TimerEvent: {}
[226.938862] (-) TimerEvent: {}
[227.039612] (-) TimerEvent: {}
[227.140305] (-) TimerEvent: {}
[227.241036] (-) TimerEvent: {}
[227.341751] (-) TimerEvent: {}
[227.442478] (-) TimerEvent: {}
[227.543251] (-) TimerEvent: {}
[227.643994] (-) TimerEvent: {}
[227.744756] (-) TimerEvent: {}
[227.845503] (-) TimerEvent: {}
[227.946290] (-) TimerEvent: {}
[228.047080] (-) TimerEvent: {}
[228.147500] (-) TimerEvent: {}
[228.247919] (-) TimerEvent: {}
[228.348642] (-) TimerEvent: {}
[228.449402] (-) TimerEvent: {}
[228.550166] (-) TimerEvent: {}
[228.650850] (-) TimerEvent: {}
[228.751581] (-) TimerEvent: {}
[228.852333] (-) TimerEvent: {}
[228.953124] (-) TimerEvent: {}
[229.053647] (-) TimerEvent: {}
[229.154396] (-) TimerEvent: {}
[229.255116] (-) TimerEvent: {}
[229.355888] (-) TimerEvent: {}
[229.456652] (-) TimerEvent: {}
[229.557439] (-) TimerEvent: {}
[229.658114] (-) TimerEvent: {}
[229.758890] (-) TimerEvent: {}
[229.859721] (-) TimerEvent: {}
[229.960516] (-) TimerEvent: {}
[230.061256] (-) TimerEvent: {}
[230.162050] (-) TimerEvent: {}
[230.262732] (-) TimerEvent: {}
[230.363490] (-) TimerEvent: {}
[230.464179] (-) TimerEvent: {}
[230.564884] (-) TimerEvent: {}
[230.665662] (-) TimerEvent: {}
[230.766466] (-) TimerEvent: {}
[230.867251] (-) TimerEvent: {}
[230.968033] (-) TimerEvent: {}
[231.068787] (-) TimerEvent: {}
[231.169571] (-) TimerEvent: {}
[231.270287] (-) TimerEvent: {}
[231.371017] (-) TimerEvent: {}
[231.471702] (-) TimerEvent: {}
[231.572510] (-) TimerEvent: {}
[231.673270] (-) TimerEvent: {}
[231.773976] (-) TimerEvent: {}
[231.874677] (-) TimerEvent: {}
[231.923286] (pangolin) StderrLine: {'line': b'In file included from \x1b[01m\x1b[K/home/cat/TurboSLAM/3rdparty/Pangolin-0.9.5/components/pango_display/include/pangolin/handler/handler_image.h:30\x1b[m\x1b[K,\n'}
[231.923589] (pangolin) StderrLine: {'line': b'                 from \x1b[01m\x1b[K/home/cat/TurboSLAM/3rdparty/Pangolin-0.9.5/components/pango_display/include/pangolin/display/image_view.h:7\x1b[m\x1b[K,\n'}
[231.923688] (pangolin) StderrLine: {'line': b'                 from \x1b[01m\x1b[K/home/cat/TurboSLAM/3rdparty/Pangolin-0.9.5/components/pango_python/src/pypangolin/image_view.cpp:29\x1b[m\x1b[K:\n'}
[231.923764] (pangolin) StderrLine: {'line': b'\x1b[01m\x1b[K/home/cat/TurboSLAM/3rdparty/Pangolin-0.9.5/components/pango_image/include/pangolin/image/image_utils.h:\x1b[m\x1b[K In function \xe2\x80\x98\x1b[01m\x1b[Kstd::pair<float, float> pangolin::GetMinMax(const pangolin::Image<unsigned char>&, pangolin::XYRangei, const pangolin::GlPixFormat&)\x1b[m\x1b[K\xe2\x80\x99:\n'}
[231.923843] (pangolin) StderrLine: {'line': b'\x1b[01m\x1b[K/home/cat/TurboSLAM/3rdparty/Pangolin-0.9.5/components/pango_image/include/pangolin/image/image_utils.h:119:1:\x1b[m\x1b[K \x1b[01;36m\x1b[Knote: \x1b[m\x1b[Kparameter passing for argument of type \xe2\x80\x98\x1b[01m\x1b[Kstd::pair<float, float>\x1b[m\x1b[K\xe2\x80\x99 when C++17 is enabled changed to match C++14 in GCC 10.1\n'}
[231.923917] (pangolin) StderrLine: {'line': b'  119 | \x1b[01;36m\x1b[K)\x1b[m\x1b[K {\n'}
[231.923987] (pangolin) StderrLine: {'line': b'      | \x1b[01;36m\x1b[K^\x1b[m\x1b[K\n'}
[231.974851] (-) TimerEvent: {}
[232.075621] (-) TimerEvent: {}
[232.176376] (-) TimerEvent: {}
[232.277122] (-) TimerEvent: {}
[232.377855] (-) TimerEvent: {}
[232.478604] (-) TimerEvent: {}
[232.579345] (-) TimerEvent: {}
[232.680077] (-) TimerEvent: {}
[232.780837] (-) TimerEvent: {}
[232.881548] (-) TimerEvent: {}
[232.982252] (-) TimerEvent: {}
[233.082747] (-) TimerEvent: {}
[233.183236] (-) TimerEvent: {}
[233.283711] (-) TimerEvent: {}
[233.384154] (-) TimerEvent: {}
[233.484626] (-) TimerEvent: {}
[233.585110] (-) TimerEvent: {}
[233.685618] (-) TimerEvent: {}
[233.786403] (-) TimerEvent: {}
[233.887179] (-) TimerEvent: {}
[233.987909] (-) TimerEvent: {}
[234.088411] (-) TimerEvent: {}
[234.188945] (-) TimerEvent: {}
[234.289477] (-) TimerEvent: {}
[234.390026] (-) TimerEvent: {}
[234.490561] (-) TimerEvent: {}
[234.591031] (-) TimerEvent: {}
[234.691491] (-) TimerEvent: {}
[234.791954] (-) TimerEvent: {}
[234.892430] (-) TimerEvent: {}
[234.992891] (-) TimerEvent: {}
[235.093774] (-) TimerEvent: {}
[235.194728] (-) TimerEvent: {}
[235.296257] (-) TimerEvent: {}
[235.397839] (-) TimerEvent: {}
[235.498807] (-) TimerEvent: {}
[235.599921] (-) TimerEvent: {}
[235.701051] (-) TimerEvent: {}
[235.802135] (-) TimerEvent: {}
[235.903149] (-) TimerEvent: {}
[236.004080] (-) TimerEvent: {}
[236.105083] (-) TimerEvent: {}
[236.206095] (-) TimerEvent: {}
[236.307090] (-) TimerEvent: {}
[236.408094] (-) TimerEvent: {}
[236.509108] (-) TimerEvent: {}
[236.610097] (-) TimerEvent: {}
[236.711023] (-) TimerEvent: {}
[236.812065] (-) TimerEvent: {}
[236.913108] (-) TimerEvent: {}
[237.014147] (-) TimerEvent: {}
[237.115181] (-) TimerEvent: {}
[237.216268] (-) TimerEvent: {}
[237.317345] (-) TimerEvent: {}
[237.418368] (-) TimerEvent: {}
[237.519350] (-) TimerEvent: {}
[237.620334] (-) TimerEvent: {}
[237.721343] (-) TimerEvent: {}
[237.822350] (-) TimerEvent: {}
[237.923329] (-) TimerEvent: {}
[238.024197] (-) TimerEvent: {}
[238.125075] (-) TimerEvent: {}
[238.226060] (-) TimerEvent: {}
[238.324436] (pangolin) StdoutLine: {'line': b'[ 88%] \x1b[32mBuilding CXX object CMakeFiles/pypangolin.dir/components/pango_python/src/pypangolin/widget.cpp.o\x1b[0m\n'}
[238.325150] (pangolin) StdoutLine: {'line': b'[ 88%] \x1b[32mBuilding CXX object CMakeFiles/pypangolin.dir/components/pango_python/src/pypangolin/window.cpp.o\x1b[0m\n'}
[238.325695] (pangolin) StdoutLine: {'line': b'[ 88%] \x1b[32mBuilding CXX object CMakeFiles/pango_python.dir/components/pango_python/src/pypangolin/view.cpp.o\x1b[0m\n'}
[238.326184] (-) TimerEvent: {}
[238.427123] (-) TimerEvent: {}
[238.528859] (-) TimerEvent: {}
[238.553949] (pangolin) StdoutLine: {'line': b'[ 89%] \x1b[32mBuilding CXX object CMakeFiles/pango_python.dir/components/pango_python/src/pypangolin/video.cpp.o\x1b[0m\n'}
[238.629060] (-) TimerEvent: {}
[238.730738] (-) TimerEvent: {}
[238.832296] (-) TimerEvent: {}
[238.933813] (-) TimerEvent: {}
[239.035677] (-) TimerEvent: {}
[239.137283] (-) TimerEvent: {}
[239.238967] (-) TimerEvent: {}
[239.340812] (-) TimerEvent: {}
[239.442753] (-) TimerEvent: {}
[239.544466] (-) TimerEvent: {}
[239.591801] (pangolin) StdoutLine: {'line': b'[ 90%] \x1b[32mBuilding CXX object CMakeFiles/pango_python.dir/components/pango_python/src/pypangolin/viewport.cpp.o\x1b[0m\n'}
[239.644575] (-) TimerEvent: {}
[239.745261] (-) TimerEvent: {}
[239.845939] (-) TimerEvent: {}
[239.946647] (-) TimerEvent: {}
[240.047258] (-) TimerEvent: {}
[240.147951] (-) TimerEvent: {}
[240.248400] (-) TimerEvent: {}
[240.348873] (-) TimerEvent: {}
[240.449372] (-) TimerEvent: {}
[240.549853] (-) TimerEvent: {}
[240.640811] (pangolin) StdoutLine: {'line': b'[ 90%] \x1b[32mBuilding CXX object CMakeFiles/pango_python.dir/components/pango_python/src/pypangolin/var.cpp.o\x1b[0m\n'}
[240.650005] (-) TimerEvent: {}
[240.750701] (-) TimerEvent: {}
[240.851394] (-) TimerEvent: {}
[240.952107] (-) TimerEvent: {}
[241.052795] (-) TimerEvent: {}
[241.153502] (-) TimerEvent: {}
[241.253993] (-) TimerEvent: {}
[241.354739] (-) TimerEvent: {}
[241.455484] (-) TimerEvent: {}
[241.556270] (-) TimerEvent: {}
[241.657046] (-) TimerEvent: {}
[241.757776] (-) TimerEvent: {}
[241.858460] (-) TimerEvent: {}
[241.959193] (-) TimerEvent: {}
[242.067385] (-) TimerEvent: {}
[242.168072] (-) TimerEvent: {}
[242.268766] (-) TimerEvent: {}
[242.369473] (-) TimerEvent: {}
[242.470178] (-) TimerEvent: {}
[242.570909] (-) TimerEvent: {}
[242.671639] (-) TimerEvent: {}
[242.772388] (-) TimerEvent: {}
[242.865680] (pangolin) StdoutLine: {'line': b'[ 90%] \x1b[32mBuilding CXX object CMakeFiles/pango_python.dir/components/pango_python/src/pypangolin/widget.cpp.o\x1b[0m\n'}
[242.872549] (-) TimerEvent: {}
[242.973244] (-) TimerEvent: {}
[243.073972] (-) TimerEvent: {}
[243.174657] (-) TimerEvent: {}
[243.275157] (-) TimerEvent: {}
[243.375643] (-) TimerEvent: {}
[243.476138] (-) TimerEvent: {}
[243.576612] (-) TimerEvent: {}
[243.677090] (-) TimerEvent: {}
[243.777837] (-) TimerEvent: {}
[243.878533] (-) TimerEvent: {}
[243.979235] (-) TimerEvent: {}
[244.079946] (-) TimerEvent: {}
[244.180656] (-) TimerEvent: {}
[244.281323] (-) TimerEvent: {}
[244.382010] (-) TimerEvent: {}
[244.482695] (-) TimerEvent: {}
[244.583370] (-) TimerEvent: {}
[244.684050] (-) TimerEvent: {}
[244.784746] (-) TimerEvent: {}
[244.885454] (-) TimerEvent: {}
[244.986138] (-) TimerEvent: {}
[245.086835] (-) TimerEvent: {}
[245.187515] (-) TimerEvent: {}
[245.287965] (-) TimerEvent: {}
[245.388507] (-) TimerEvent: {}
[245.489209] (-) TimerEvent: {}
[245.589910] (-) TimerEvent: {}
[245.690621] (-) TimerEvent: {}
[245.791297] (-) TimerEvent: {}
[245.892018] (-) TimerEvent: {}
[245.992708] (-) TimerEvent: {}
[246.016393] (pangolin) StdoutLine: {'line': b'[ 90%] \x1b[32mBuilding CXX object CMakeFiles/pango_python.dir/components/pango_python/src/pypangolin/window.cpp.o\x1b[0m\n'}
[246.092861] (-) TimerEvent: {}
[246.193575] (-) TimerEvent: {}
[246.294251] (-) TimerEvent: {}
[246.394935] (-) TimerEvent: {}
[246.495630] (-) TimerEvent: {}
[246.596345] (-) TimerEvent: {}
[246.697050] (-) TimerEvent: {}
[246.797733] (-) TimerEvent: {}
[246.898489] (-) TimerEvent: {}
[246.999297] (-) TimerEvent: {}
[247.107501] (-) TimerEvent: {}
[247.208215] (-) TimerEvent: {}
[247.308944] (-) TimerEvent: {}
[247.409697] (-) TimerEvent: {}
[247.510384] (-) TimerEvent: {}
[247.611077] (-) TimerEvent: {}
[247.711830] (-) TimerEvent: {}
[247.812558] (-) TimerEvent: {}
[247.913280] (-) TimerEvent: {}
[248.013983] (-) TimerEvent: {}
[248.114696] (-) TimerEvent: {}
[248.215433] (-) TimerEvent: {}
[248.316181] (-) TimerEvent: {}
[248.416947] (-) TimerEvent: {}
[248.521854] (-) TimerEvent: {}
[248.622516] (-) TimerEvent: {}
[248.722958] (-) TimerEvent: {}
[248.823649] (-) TimerEvent: {}
[248.924337] (-) TimerEvent: {}
[249.025045] (-) TimerEvent: {}
[249.125776] (-) TimerEvent: {}
[249.226501] (-) TimerEvent: {}
[249.327218] (-) TimerEvent: {}
[249.427960] (-) TimerEvent: {}
[249.528657] (-) TimerEvent: {}
[249.629363] (-) TimerEvent: {}
[249.730070] (-) TimerEvent: {}
[249.830859] (-) TimerEvent: {}
[249.931608] (-) TimerEvent: {}
[250.032357] (-) TimerEvent: {}
[250.133101] (-) TimerEvent: {}
[250.233796] (-) TimerEvent: {}
[250.334247] (-) TimerEvent: {}
[250.434921] (-) TimerEvent: {}
[250.535626] (-) TimerEvent: {}
[250.636320] (-) TimerEvent: {}
[250.736972] (-) TimerEvent: {}
[250.837680] (-) TimerEvent: {}
[250.938416] (-) TimerEvent: {}
[251.039166] (-) TimerEvent: {}
[251.139919] (-) TimerEvent: {}
[251.240637] (-) TimerEvent: {}
[251.341333] (-) TimerEvent: {}
[251.442051] (-) TimerEvent: {}
[251.542795] (-) TimerEvent: {}
[251.643510] (-) TimerEvent: {}
[251.744294] (-) TimerEvent: {}
[251.845127] (-) TimerEvent: {}
[251.945832] (-) TimerEvent: {}
[252.046560] (-) TimerEvent: {}
[252.147273] (-) TimerEvent: {}
[252.247952] (-) TimerEvent: {}
[252.348690] (-) TimerEvent: {}
[252.449446] (-) TimerEvent: {}
[252.550199] (-) TimerEvent: {}
[252.650958] (-) TimerEvent: {}
[252.751722] (-) TimerEvent: {}
[252.852468] (-) TimerEvent: {}
[252.953173] (-) TimerEvent: {}
[253.053870] (-) TimerEvent: {}
[253.154560] (-) TimerEvent: {}
[253.255298] (-) TimerEvent: {}
[253.355994] (-) TimerEvent: {}
[253.456674] (-) TimerEvent: {}
[253.557421] (-) TimerEvent: {}
[253.658223] (-) TimerEvent: {}
[253.758717] (-) TimerEvent: {}
[253.859164] (-) TimerEvent: {}
[253.959866] (-) TimerEvent: {}
[254.060631] (-) TimerEvent: {}
[254.161420] (-) TimerEvent: {}
[254.262181] (-) TimerEvent: {}
[254.362696] (-) TimerEvent: {}
[254.463220] (-) TimerEvent: {}
[254.563880] (-) TimerEvent: {}
[254.664539] (-) TimerEvent: {}
[254.766302] (-) TimerEvent: {}
[254.867988] (-) TimerEvent: {}
[254.969721] (-) TimerEvent: {}
[255.071384] (-) TimerEvent: {}
[255.173078] (-) TimerEvent: {}
[255.274741] (-) TimerEvent: {}
[255.376418] (-) TimerEvent: {}
[255.477986] (-) TimerEvent: {}
[255.579789] (-) TimerEvent: {}
[255.680853] (-) TimerEvent: {}
[255.781880] (-) TimerEvent: {}
[255.882909] (-) TimerEvent: {}
[255.983894] (-) TimerEvent: {}
[256.084968] (-) TimerEvent: {}
[256.186080] (-) TimerEvent: {}
[256.287104] (-) TimerEvent: {}
[256.388117] (-) TimerEvent: {}
[256.489173] (-) TimerEvent: {}
[256.590269] (-) TimerEvent: {}
[256.691262] (-) TimerEvent: {}
[256.792278] (-) TimerEvent: {}
[256.893303] (-) TimerEvent: {}
[256.994370] (-) TimerEvent: {}
[257.095372] (-) TimerEvent: {}
[257.196359] (-) TimerEvent: {}
[257.297736] (-) TimerEvent: {}
[257.398680] (-) TimerEvent: {}
[257.499540] (-) TimerEvent: {}
[257.504422] (pangolin) StdoutLine: {'line': b'[ 91%] \x1b[32m\x1b[1mLinking CXX shared module pypangolin-0.9.5.data/purelib/pypangolin.cpython-310-aarch64-linux-gnu.so\x1b[0m\n'}
[257.599916] (-) TimerEvent: {}
[257.700898] (-) TimerEvent: {}
[257.801745] (-) TimerEvent: {}
[257.902648] (-) TimerEvent: {}
[258.003607] (-) TimerEvent: {}
[258.104434] (-) TimerEvent: {}
[258.205465] (-) TimerEvent: {}
[258.306337] (-) TimerEvent: {}
[258.407257] (-) TimerEvent: {}
[258.508114] (-) TimerEvent: {}
[258.609086] (-) TimerEvent: {}
[258.710167] (-) TimerEvent: {}
[258.811123] (-) TimerEvent: {}
[258.912152] (-) TimerEvent: {}
[259.013128] (-) TimerEvent: {}
[259.114075] (-) TimerEvent: {}
[259.215052] (-) TimerEvent: {}
[259.316070] (-) TimerEvent: {}
[259.417107] (-) TimerEvent: {}
[259.517963] (-) TimerEvent: {}
[259.618973] (-) TimerEvent: {}
[259.719999] (-) TimerEvent: {}
[259.821016] (-) TimerEvent: {}
[259.922030] (-) TimerEvent: {}
[260.023029] (-) TimerEvent: {}
[260.123988] (-) TimerEvent: {}
[260.224965] (-) TimerEvent: {}
[260.325917] (-) TimerEvent: {}
[260.426990] (-) TimerEvent: {}
[260.527875] (-) TimerEvent: {}
[260.628851] (-) TimerEvent: {}
[260.647694] (pangolin) StderrLine: {'line': b'lto-wrapper: warning: using serial compilation of 21 LTRANS jobs\n'}
[260.729170] (-) TimerEvent: {}
[260.830238] (-) TimerEvent: {}
[260.931159] (-) TimerEvent: {}
[261.032166] (-) TimerEvent: {}
[261.133169] (-) TimerEvent: {}
[261.234081] (-) TimerEvent: {}
[261.334967] (-) TimerEvent: {}
[261.435866] (-) TimerEvent: {}
[261.536925] (-) TimerEvent: {}
[261.637927] (-) TimerEvent: {}
[261.738969] (-) TimerEvent: {}
[261.840059] (-) TimerEvent: {}
[261.941052] (-) TimerEvent: {}
[262.041982] (-) TimerEvent: {}
[262.143161] (-) TimerEvent: {}
[262.244128] (-) TimerEvent: {}
[262.345032] (-) TimerEvent: {}
[262.446044] (-) TimerEvent: {}
[262.546987] (-) TimerEvent: {}
[262.647944] (-) TimerEvent: {}
[262.748924] (-) TimerEvent: {}
[262.849943] (-) TimerEvent: {}
[262.950903] (-) TimerEvent: {}
[263.051866] (-) TimerEvent: {}
[263.152842] (-) TimerEvent: {}
[263.253782] (-) TimerEvent: {}
[263.354583] (-) TimerEvent: {}
[263.455497] (-) TimerEvent: {}
[263.556470] (-) TimerEvent: {}
[263.657413] (-) TimerEvent: {}
[263.758409] (-) TimerEvent: {}
[263.859429] (-) TimerEvent: {}
[263.960479] (-) TimerEvent: {}
[264.061341] (-) TimerEvent: {}
[264.162353] (-) TimerEvent: {}
[264.263357] (-) TimerEvent: {}
[264.364302] (-) TimerEvent: {}
[264.465181] (-) TimerEvent: {}
[264.566434] (-) TimerEvent: {}
[264.667345] (-) TimerEvent: {}
[264.768199] (-) TimerEvent: {}
[264.869195] (-) TimerEvent: {}
[264.970284] (-) TimerEvent: {}
[265.071331] (-) TimerEvent: {}
[265.172357] (-) TimerEvent: {}
[265.273376] (-) TimerEvent: {}
[265.374403] (-) TimerEvent: {}
[265.475257] (-) TimerEvent: {}
[265.576212] (-) TimerEvent: {}
[265.677177] (-) TimerEvent: {}
[265.778092] (-) TimerEvent: {}
[265.879073] (-) TimerEvent: {}
[265.980036] (-) TimerEvent: {}
[266.080986] (-) TimerEvent: {}
[266.181949] (-) TimerEvent: {}
[266.282978] (-) TimerEvent: {}
[266.384050] (-) TimerEvent: {}
[266.485000] (-) TimerEvent: {}
[266.585926] (-) TimerEvent: {}
[266.686841] (-) TimerEvent: {}
[266.787703] (-) TimerEvent: {}
[266.888607] (-) TimerEvent: {}
[266.989526] (-) TimerEvent: {}
[267.090451] (-) TimerEvent: {}
[267.191338] (-) TimerEvent: {}
[267.292247] (-) TimerEvent: {}
[267.393145] (-) TimerEvent: {}
[267.494085] (-) TimerEvent: {}
[267.594985] (-) TimerEvent: {}
[267.695904] (-) TimerEvent: {}
[267.796901] (-) TimerEvent: {}
[267.897923] (-) TimerEvent: {}
[267.998998] (-) TimerEvent: {}
[268.100017] (-) TimerEvent: {}
[268.201007] (-) TimerEvent: {}
[268.301892] (-) TimerEvent: {}
[268.402778] (-) TimerEvent: {}
[268.503707] (-) TimerEvent: {}
[268.604490] (-) TimerEvent: {}
[268.705411] (-) TimerEvent: {}
[268.806318] (-) TimerEvent: {}
[268.907275] (-) TimerEvent: {}
[269.008163] (-) TimerEvent: {}
[269.109060] (-) TimerEvent: {}
[269.209985] (-) TimerEvent: {}
[269.310933] (-) TimerEvent: {}
[269.411882] (-) TimerEvent: {}
[269.512874] (-) TimerEvent: {}
[269.613873] (-) TimerEvent: {}
[269.714785] (-) TimerEvent: {}
[269.815709] (-) TimerEvent: {}
[269.916675] (-) TimerEvent: {}
[270.017614] (-) TimerEvent: {}
[270.118534] (-) TimerEvent: {}
[270.219476] (-) TimerEvent: {}
[270.320414] (-) TimerEvent: {}
[270.421382] (-) TimerEvent: {}
[270.522323] (-) TimerEvent: {}
[270.623297] (-) TimerEvent: {}
[270.724337] (-) TimerEvent: {}
[270.825363] (-) TimerEvent: {}
[270.926340] (-) TimerEvent: {}
[271.027358] (-) TimerEvent: {}
[271.128357] (-) TimerEvent: {}
[271.229199] (-) TimerEvent: {}
[271.330162] (-) TimerEvent: {}
[271.431364] (-) TimerEvent: {}
[271.483741] (pangolin) StdoutLine: {'line': b'[ 92%] \x1b[32m\x1b[1mLinking CXX shared library libpango_python.so\x1b[0m\n'}
[271.531615] (-) TimerEvent: {}
[271.632730] (-) TimerEvent: {}
[271.733818] (-) TimerEvent: {}
[271.834610] (-) TimerEvent: {}
[271.935535] (-) TimerEvent: {}
[272.036471] (-) TimerEvent: {}
[272.114608] (pangolin) StdoutLine: {'line': b'[ 92%] Built target pango_python\n'}
[272.136669] (-) TimerEvent: {}
[272.148160] (pangolin) StdoutLine: {'line': b'[ 93%] \x1b[32mBuilding CXX object tools/VideoJson/CMakeFiles/VideoJsonPrint.dir/main-print.cpp.o\x1b[0m\n'}
[272.182023] (pangolin) StdoutLine: {'line': b'[ 95%] \x1b[32mBuilding CXX object examples/SimpleDisplay/CMakeFiles/SimpleDisplay.dir/main.cpp.o\x1b[0m\n'}
[272.182289] (pangolin) StdoutLine: {'line': b'[ 95%] \x1b[32mBuilding CXX object tools/VideoConvert/CMakeFiles/VideoConvert.dir/main.cpp.o\x1b[0m\n'}
[272.182377] (pangolin) StdoutLine: {'line': b'[ 95%] \x1b[32mBuilding CXX object examples/HelloPangolin/CMakeFiles/HelloPangolin.dir/main.cpp.o\x1b[0m\n'}
[272.236931] (-) TimerEvent: {}
[272.337759] (-) TimerEvent: {}
[272.438785] (-) TimerEvent: {}
[272.539943] (-) TimerEvent: {}
[272.640961] (-) TimerEvent: {}
[272.742031] (-) TimerEvent: {}
[272.843040] (-) TimerEvent: {}
[272.943942] (-) TimerEvent: {}
[273.044832] (-) TimerEvent: {}
[273.145837] (-) TimerEvent: {}
[273.234984] (pangolin) StdoutLine: {'line': b'[ 96%] \x1b[32mBuilding CXX object tools/VideoJson/CMakeFiles/VideoJsonTransform.dir/main-transform.cpp.o\x1b[0m\n'}
[273.236065] (pangolin) StdoutLine: {'line': b'[ 96%] \x1b[32mBuilding CXX object tools/VideoViewer/CMakeFiles/VideoViewer.dir/main.cpp.o\x1b[0m\n'}
[273.244722] (pangolin) StdoutLine: {'line': b'[ 97%] \x1b[32mBuilding CXX object tools/Plotter/CMakeFiles/Plotter.dir/main.cpp.o\x1b[0m\n'}
[273.245924] (-) TimerEvent: {}
[273.346625] (-) TimerEvent: {}
[273.447358] (-) TimerEvent: {}
[273.548027] (-) TimerEvent: {}
[273.648704] (-) TimerEvent: {}
[273.749382] (-) TimerEvent: {}
[273.850139] (-) TimerEvent: {}
[273.950816] (-) TimerEvent: {}
[274.051477] (-) TimerEvent: {}
[274.152158] (-) TimerEvent: {}
[274.252843] (-) TimerEvent: {}
[274.353541] (-) TimerEvent: {}
[274.454210] (-) TimerEvent: {}
[274.554880] (-) TimerEvent: {}
[274.655570] (-) TimerEvent: {}
[274.756262] (-) TimerEvent: {}
[274.856950] (-) TimerEvent: {}
[274.957600] (-) TimerEvent: {}
[275.058289] (-) TimerEvent: {}
[275.158978] (-) TimerEvent: {}
[275.259697] (-) TimerEvent: {}
[275.360457] (-) TimerEvent: {}
[275.461196] (-) TimerEvent: {}
[275.561934] (-) TimerEvent: {}
[275.662679] (-) TimerEvent: {}
[275.763421] (-) TimerEvent: {}
[275.864194] (-) TimerEvent: {}
[275.964901] (-) TimerEvent: {}
[276.065605] (-) TimerEvent: {}
[276.166302] (-) TimerEvent: {}
[276.266967] (-) TimerEvent: {}
[276.367638] (-) TimerEvent: {}
[276.468352] (-) TimerEvent: {}
[276.569102] (-) TimerEvent: {}
[276.669793] (-) TimerEvent: {}
[276.770571] (-) TimerEvent: {}
[276.871248] (-) TimerEvent: {}
[276.971964] (-) TimerEvent: {}
[277.072677] (-) TimerEvent: {}
[277.173388] (-) TimerEvent: {}
[277.251163] (pangolin) StdoutLine: {'line': b'[ 97%] \x1b[32m\x1b[1mLinking CXX executable HelloPangolin\x1b[0m\n'}
[277.273553] (-) TimerEvent: {}
[277.374212] (-) TimerEvent: {}
[277.474903] (-) TimerEvent: {}
[277.575606] (-) TimerEvent: {}
[277.611495] (pangolin) StdoutLine: {'line': b'[ 97%] Built target HelloPangolin\n'}
[277.675747] (-) TimerEvent: {}
[277.733757] (pangolin) StdoutLine: {'line': b'[ 98%] \x1b[32mBuilding CXX object tools/ModelViewer/CMakeFiles/ModelViewer.dir/main.cpp.o\x1b[0m\n'}
[277.775907] (-) TimerEvent: {}
[277.876603] (-) TimerEvent: {}
[277.977305] (-) TimerEvent: {}
[278.078011] (-) TimerEvent: {}
[278.178715] (-) TimerEvent: {}
[278.279438] (-) TimerEvent: {}
[278.380178] (-) TimerEvent: {}
[278.480910] (-) TimerEvent: {}
[278.581336] (-) TimerEvent: {}
[278.682047] (-) TimerEvent: {}
[278.782784] (-) TimerEvent: {}
[278.883504] (-) TimerEvent: {}
[278.961347] (pangolin) StdoutLine: {'line': b'[ 98%] \x1b[32m\x1b[1mLinking CXX executable VideoJsonPrint\x1b[0m\n'}
[278.983636] (-) TimerEvent: {}
[279.084386] (-) TimerEvent: {}
[279.185124] (-) TimerEvent: {}
[279.285872] (-) TimerEvent: {}
[279.386628] (-) TimerEvent: {}
[279.435415] (pangolin) StdoutLine: {'line': b'[ 98%] Built target VideoJsonPrint\n'}
[279.486794] (-) TimerEvent: {}
[279.587534] (-) TimerEvent: {}
[279.688301] (-) TimerEvent: {}
[279.788963] (-) TimerEvent: {}
[279.889664] (-) TimerEvent: {}
[279.986686] (pangolin) StdoutLine: {'line': b'[100%] \x1b[32m\x1b[1mLinking CXX executable VideoViewer\x1b[0m\n'}
[279.989801] (-) TimerEvent: {}
[280.012326] (pangolin) StdoutLine: {'line': b'[100%] \x1b[32m\x1b[1mLinking CXX executable Plotter\x1b[0m\n'}
[280.089962] (-) TimerEvent: {}
[280.190662] (-) TimerEvent: {}
[280.291359] (-) TimerEvent: {}
[280.392075] (-) TimerEvent: {}
[280.434936] (pangolin) StdoutLine: {'line': b'[100%] Built target Plotter\n'}
[280.492427] (-) TimerEvent: {}
[280.558241] (pangolin) StdoutLine: {'line': b'[100%] Built target VideoViewer\n'}
[280.592760] (-) TimerEvent: {}
[280.693732] (-) TimerEvent: {}
[280.795516] (-) TimerEvent: {}
[280.896541] (-) TimerEvent: {}
[280.997521] (-) TimerEvent: {}
[281.098433] (-) TimerEvent: {}
[281.199494] (-) TimerEvent: {}
[281.300541] (-) TimerEvent: {}
[281.401874] (-) TimerEvent: {}
[281.502903] (-) TimerEvent: {}
[281.603856] (-) TimerEvent: {}
[281.704748] (-) TimerEvent: {}
[281.805766] (-) TimerEvent: {}
[281.906749] (-) TimerEvent: {}
[282.007797] (-) TimerEvent: {}
[282.108829] (-) TimerEvent: {}
[282.209894] (-) TimerEvent: {}
[282.310949] (-) TimerEvent: {}
[282.411967] (-) TimerEvent: {}
[282.512990] (-) TimerEvent: {}
[282.613997] (-) TimerEvent: {}
[282.714980] (-) TimerEvent: {}
[282.815964] (-) TimerEvent: {}
[282.917024] (-) TimerEvent: {}
[283.017970] (-) TimerEvent: {}
[283.119024] (-) TimerEvent: {}
[283.220094] (-) TimerEvent: {}
[283.321072] (-) TimerEvent: {}
[283.422100] (-) TimerEvent: {}
[283.523146] (-) TimerEvent: {}
[283.624108] (-) TimerEvent: {}
[283.725072] (-) TimerEvent: {}
[283.826079] (-) TimerEvent: {}
[283.927084] (-) TimerEvent: {}
[284.028104] (-) TimerEvent: {}
[284.129144] (-) TimerEvent: {}
[284.230164] (-) TimerEvent: {}
[284.331209] (-) TimerEvent: {}
[284.432236] (-) TimerEvent: {}
[284.533253] (-) TimerEvent: {}
[284.634283] (-) TimerEvent: {}
[284.735253] (-) TimerEvent: {}
[284.836195] (-) TimerEvent: {}
[284.893178] (pangolin) StdoutLine: {'line': b'[100%] \x1b[32m\x1b[1mLinking CXX executable VideoJsonTransform\x1b[0m\n'}
[284.936507] (-) TimerEvent: {}
[285.037481] (-) TimerEvent: {}
[285.138523] (-) TimerEvent: {}
[285.239531] (-) TimerEvent: {}
[285.340409] (-) TimerEvent: {}
[285.441438] (-) TimerEvent: {}
[285.516042] (pangolin) StdoutLine: {'line': b'[100%] Built target VideoJsonTransform\n'}
[285.541819] (-) TimerEvent: {}
[285.642882] (-) TimerEvent: {}
[285.743820] (-) TimerEvent: {}
[285.844675] (-) TimerEvent: {}
[285.945653] (-) TimerEvent: {}
[286.046698] (-) TimerEvent: {}
[286.147615] (-) TimerEvent: {}
[286.248613] (-) TimerEvent: {}
[286.349623] (-) TimerEvent: {}
[286.450647] (-) TimerEvent: {}
[286.551636] (-) TimerEvent: {}
[286.652632] (-) TimerEvent: {}
[286.753707] (-) TimerEvent: {}
[286.854594] (-) TimerEvent: {}
[286.955575] (-) TimerEvent: {}
[287.020894] (pangolin) StdoutLine: {'line': b'[100%] \x1b[32m\x1b[1mLinking CXX executable SimpleDisplay\x1b[0m\n'}
[287.055771] (-) TimerEvent: {}
[287.096411] (pangolin) StdoutLine: {'line': b'[100%] \x1b[32m\x1b[1mLinking CXX executable VideoConvert\x1b[0m\n'}
[287.156020] (-) TimerEvent: {}
[287.256915] (-) TimerEvent: {}
[287.330468] (pangolin) StdoutLine: {'line': b'[100%] Built target SimpleDisplay\n'}
[287.357094] (-) TimerEvent: {}
[287.457886] (-) TimerEvent: {}
[287.558718] (-) TimerEvent: {}
[287.659766] (-) TimerEvent: {}
[287.760798] (-) TimerEvent: {}
[287.775730] (pangolin) StdoutLine: {'line': b'[100%] Built target VideoConvert\n'}
[287.861008] (-) TimerEvent: {}
[287.961904] (-) TimerEvent: {}
[288.062858] (-) TimerEvent: {}
[288.163791] (-) TimerEvent: {}
[288.264697] (-) TimerEvent: {}
[288.365644] (-) TimerEvent: {}
[288.466586] (-) TimerEvent: {}
[288.567545] (-) TimerEvent: {}
[288.668469] (-) TimerEvent: {}
[288.769412] (-) TimerEvent: {}
[288.870291] (-) TimerEvent: {}
[288.971132] (-) TimerEvent: {}
[289.072063] (-) TimerEvent: {}
[289.172993] (-) TimerEvent: {}
[289.273898] (-) TimerEvent: {}
[289.374870] (-) TimerEvent: {}
[289.475840] (-) TimerEvent: {}
[289.576812] (-) TimerEvent: {}
[289.677786] (-) TimerEvent: {}
[289.778753] (-) TimerEvent: {}
[289.879712] (-) TimerEvent: {}
[289.980622] (-) TimerEvent: {}
[290.081619] (-) TimerEvent: {}
[290.182616] (-) TimerEvent: {}
[290.283584] (-) TimerEvent: {}
[290.384536] (-) TimerEvent: {}
[290.485580] (-) TimerEvent: {}
[290.586545] (-) TimerEvent: {}
[290.655041] (pangolin) StdoutLine: {'line': b'[100%] \x1b[32m\x1b[1mLinking CXX executable ModelViewer\x1b[0m\n'}
[290.686837] (-) TimerEvent: {}
[290.787711] (-) TimerEvent: {}
[290.872258] (pangolin) StdoutLine: {'line': b'[100%] Built target ModelViewer\n'}
[290.887961] (-) TimerEvent: {}
[290.988813] (-) TimerEvent: {}
[291.089771] (-) TimerEvent: {}
[291.190846] (-) TimerEvent: {}
[291.291966] (-) TimerEvent: {}
[291.393107] (-) TimerEvent: {}
[291.494193] (-) TimerEvent: {}
[291.595326] (-) TimerEvent: {}
[291.696418] (-) TimerEvent: {}
[291.797539] (-) TimerEvent: {}
[291.898547] (-) TimerEvent: {}
[291.999558] (-) TimerEvent: {}
[292.100635] (-) TimerEvent: {}
[292.201719] (-) TimerEvent: {}
[292.302851] (-) TimerEvent: {}
[292.403970] (-) TimerEvent: {}
[292.505069] (-) TimerEvent: {}
[292.606150] (-) TimerEvent: {}
[292.707253] (-) TimerEvent: {}
[292.808310] (-) TimerEvent: {}
[292.909415] (-) TimerEvent: {}
[293.010568] (-) TimerEvent: {}
[293.111650] (-) TimerEvent: {}
[293.212779] (-) TimerEvent: {}
[293.313976] (-) TimerEvent: {}
[293.415094] (-) TimerEvent: {}
[293.516184] (-) TimerEvent: {}
[293.617226] (-) TimerEvent: {}
[293.718251] (-) TimerEvent: {}
[293.819236] (-) TimerEvent: {}
[293.920433] (-) TimerEvent: {}
[294.021705] (-) TimerEvent: {}
[294.123171] (-) TimerEvent: {}
[294.224600] (-) TimerEvent: {}
[294.325970] (-) TimerEvent: {}
[294.427389] (-) TimerEvent: {}
[294.528737] (-) TimerEvent: {}
[294.630062] (-) TimerEvent: {}
[294.731598] (-) TimerEvent: {}
[294.833052] (-) TimerEvent: {}
[294.934547] (-) TimerEvent: {}
[295.036056] (-) TimerEvent: {}
[295.137558] (-) TimerEvent: {}
[295.239132] (-) TimerEvent: {}
[295.340718] (-) TimerEvent: {}
[295.442195] (-) TimerEvent: {}
[295.543894] (-) TimerEvent: {}
[295.645394] (-) TimerEvent: {}
[295.746959] (-) TimerEvent: {}
[295.848527] (-) TimerEvent: {}
[295.949922] (-) TimerEvent: {}
[296.051289] (-) TimerEvent: {}
[296.152544] (-) TimerEvent: {}
[296.253483] (-) TimerEvent: {}
[296.354422] (-) TimerEvent: {}
[296.455379] (-) TimerEvent: {}
[296.556291] (-) TimerEvent: {}
[296.657287] (-) TimerEvent: {}
[296.758430] (-) TimerEvent: {}
[296.859585] (-) TimerEvent: {}
[296.960935] (-) TimerEvent: {}
[297.062190] (-) TimerEvent: {}
[297.163455] (-) TimerEvent: {}
[297.264537] (-) TimerEvent: {}
[297.365606] (-) TimerEvent: {}
[297.466692] (-) TimerEvent: {}
[297.567853] (-) TimerEvent: {}
[297.668994] (-) TimerEvent: {}
[297.770122] (-) TimerEvent: {}
[297.871206] (-) TimerEvent: {}
[297.972285] (-) TimerEvent: {}
[298.073339] (-) TimerEvent: {}
[298.174530] (-) TimerEvent: {}
[298.275606] (-) TimerEvent: {}
[298.376679] (-) TimerEvent: {}
[298.477881] (-) TimerEvent: {}
[298.579085] (-) TimerEvent: {}
[298.680266] (-) TimerEvent: {}
[298.781386] (-) TimerEvent: {}
[298.882506] (-) TimerEvent: {}
[298.983714] (-) TimerEvent: {}
[299.084740] (-) TimerEvent: {}
[299.185828] (-) TimerEvent: {}
[299.286929] (-) TimerEvent: {}
[299.387878] (-) TimerEvent: {}
[299.488969] (-) TimerEvent: {}
[299.589989] (-) TimerEvent: {}
[299.691038] (-) TimerEvent: {}
[299.792058] (-) TimerEvent: {}
[299.893105] (-) TimerEvent: {}
[299.994172] (-) TimerEvent: {}
[300.095179] (-) TimerEvent: {}
[300.196261] (-) TimerEvent: {}
[300.297668] (-) TimerEvent: {}
[300.399450] (-) TimerEvent: {}
[300.501189] (-) TimerEvent: {}
[300.533561] (fast_lio) StdoutLine: {'line': b'[100%] \x1b[32m\x1b[1mLinking CXX executable fastlio_mapping\x1b[0m\n'}
[300.601417] (-) TimerEvent: {}
[300.702373] (-) TimerEvent: {}
[300.803314] (-) TimerEvent: {}
[300.904246] (-) TimerEvent: {}
[301.005266] (-) TimerEvent: {}
[301.106398] (-) TimerEvent: {}
[301.207489] (-) TimerEvent: {}
[301.308750] (-) TimerEvent: {}
[301.409960] (-) TimerEvent: {}
[301.510956] (-) TimerEvent: {}
[301.612112] (-) TimerEvent: {}
[301.713159] (-) TimerEvent: {}
[301.814104] (-) TimerEvent: {}
[301.915205] (-) TimerEvent: {}
[302.016310] (-) TimerEvent: {}
[302.117500] (-) TimerEvent: {}
[302.218559] (-) TimerEvent: {}
[302.319608] (-) TimerEvent: {}
[302.420776] (-) TimerEvent: {}
[302.521888] (-) TimerEvent: {}
[302.623042] (-) TimerEvent: {}
[302.724013] (-) TimerEvent: {}
[302.824930] (-) TimerEvent: {}
[302.925832] (-) TimerEvent: {}
[303.026748] (-) TimerEvent: {}
[303.127697] (-) TimerEvent: {}
[303.228608] (-) TimerEvent: {}
[303.299584] (fast_lio) StdoutLine: {'line': b'[100%] Built target fastlio_mapping\n'}
[303.319443] (fast_lio) CommandEnded: {'returncode': 0}
[303.322133] (fast_lio) JobProgress: {'identifier': 'fast_lio', 'progress': 'install'}
[303.325886] (fast_lio) Command: {'cmd': ['/usr/bin/cmake', '--install', '/home/cat/TurboSLAM/build/fast_lio'], 'cwd': '/home/cat/TurboSLAM/build/fast_lio', 'env': OrderedDict([('LESSOPEN', '| /usr/bin/lesspipe %s'), ('USER', 'cat'), ('SSH_CLIENT', '192.168.9.24 20287 22'), ('XDG_SESSION_TYPE', 'tty'), ('SHLVL', '3'), ('LD_LIBRARY_PATH', '/home/cat/TurboSLAM/install/livox_ros_driver2/lib:/opt/ros/humble/opt/rviz_ogre_vendor/lib:/opt/ros/humble/lib/aarch64-linux-gnu:/opt/ros/humble/lib'), ('MOTD_SHOWN', 'pam'), ('HOME', '/home/cat'), ('MUTTER_DEBUG_ENABLE_ATOMIC_KMS', '0'), ('OLDPWD', '/home/cat/TurboSLAM/src/livox_ros_driver2'), ('SSH_TTY', '/dev/pts/0'), ('ROS_PYTHON_VERSION', '3'), ('DBUS_SESSION_BUS_ADDRESS', 'unix:path=/run/user/1000/bus'), ('ROS_DISTRO', 'humble'), ('LOGNAME', 'cat'), ('_', '/usr/bin/colcon'), ('ROS_VERSION', 'ROS2'), ('XDG_SESSION_CLASS', 'user'), ('TERM', 'xterm'), ('XDG_SESSION_ID', '6'), ('ROS_LOCALHOST_ONLY', '0'), ('PATH', '/opt/ros/humble/bin:/usr/local/sbin:/usr/local/bin:/usr/sbin:/usr/bin:/sbin:/bin:/usr/games:/usr/local/games:/snap/bin'), ('XDG_RUNTIME_DIR', '/run/user/1000'), ('DISPLAY', 'localhost:10.0'), ('LANG', 'zh_CN.UTF-8'), ('LS_COLORS', 'rs=0:di=01;34:ln=01;36:mh=00:pi=40;33:so=01;35:do=01;35:bd=40;33;01:cd=40;33;01:or=40;31;01:mi=00:su=37;41:sg=30;43:ca=30;41:tw=30;42:ow=34;42:st=37;44:ex=01;32:*.tar=01;31:*.tgz=01;31:*.arc=01;31:*.arj=01;31:*.taz=01;31:*.lha=01;31:*.lz4=01;31:*.lzh=01;31:*.lzma=01;31:*.tlz=01;31:*.txz=01;31:*.tzo=01;31:*.t7z=01;31:*.zip=01;31:*.z=01;31:*.dz=01;31:*.gz=01;31:*.lrz=01;31:*.lz=01;31:*.lzo=01;31:*.xz=01;31:*.zst=01;31:*.tzst=01;31:*.bz2=01;31:*.bz=01;31:*.tbz=01;31:*.tbz2=01;31:*.tz=01;31:*.deb=01;31:*.rpm=01;31:*.jar=01;31:*.war=01;31:*.ear=01;31:*.sar=01;31:*.rar=01;31:*.alz=01;31:*.ace=01;31:*.zoo=01;31:*.cpio=01;31:*.7z=01;31:*.rz=01;31:*.cab=01;31:*.wim=01;31:*.swm=01;31:*.dwm=01;31:*.esd=01;31:*.jpg=01;35:*.jpeg=01;35:*.mjpg=01;35:*.mjpeg=01;35:*.gif=01;35:*.bmp=01;35:*.pbm=01;35:*.pgm=01;35:*.ppm=01;35:*.tga=01;35:*.xbm=01;35:*.xpm=01;35:*.tif=01;35:*.tiff=01;35:*.png=01;35:*.svg=01;35:*.svgz=01;35:*.mng=01;35:*.pcx=01;35:*.mov=01;35:*.mpg=01;35:*.mpeg=01;35:*.m2v=01;35:*.mkv=01;35:*.webm=01;35:*.webp=01;35:*.ogm=01;35:*.mp4=01;35:*.m4v=01;35:*.mp4v=01;35:*.vob=01;35:*.qt=01;35:*.nuv=01;35:*.wmv=01;35:*.asf=01;35:*.rm=01;35:*.rmvb=01;35:*.flc=01;35:*.avi=01;35:*.fli=01;35:*.flv=01;35:*.gl=01;35:*.dl=01;35:*.xcf=01;35:*.xwd=01;35:*.yuv=01;35:*.cgm=01;35:*.emf=01;35:*.ogv=01;35:*.ogx=01;35:*.aac=00;36:*.au=00;36:*.flac=00;36:*.m4a=00;36:*.mid=00;36:*.midi=00;36:*.mka=00;36:*.mp3=00;36:*.mpc=00;36:*.ogg=00;36:*.ra=00;36:*.wav=00;36:*.oga=00;36:*.opus=00;36:*.spx=00;36:*.xspf=00;36:'), ('AMENT_PREFIX_PATH', '/home/cat/TurboSLAM/install/livox_ros_driver2:/opt/ros/humble'), ('SHELL', '/bin/bash'), ('CLUTTER_PAINT', 'disable-dynamic-max-render-time'), ('LESSCLOSE', '/usr/bin/lesspipe %s %s'), ('MUTTER_DEBUG_FORCE_KMS_MODE', 'simple'), ('PWD', '/home/cat/TurboSLAM/build/fast_lio'), ('SSH_CONNECTION', '192.168.9.24 20287 192.168.9.29 22'), ('XDG_DATA_DIRS', '/usr/share/gnome:/usr/local/share:/usr/share:/var/lib/snapd/desktop'), ('PYTHONPATH', '/home/cat/TurboSLAM/install/livox_ros_driver2/local/lib/python3.10/dist-packages:/opt/ros/humble/lib/python3.10/site-packages:/opt/ros/humble/local/lib/python3.10/dist-packages'), ('COLCON', '1'), ('CMAKE_PREFIX_PATH', '/home/cat/TurboSLAM/install/livox_ros_driver2:/opt/ros/humble')]), 'shell': False}
[303.328976] (-) TimerEvent: {}
[303.337504] (fast_lio) StdoutLine: {'line': b'-- Install configuration: "Release"\n'}
[303.338462] (fast_lio) StdoutLine: {'line': b'-- Installing: /home/cat/TurboSLAM/install/fast_lio/share/ament_index/resource_index/rosidl_interfaces/fast_lio\n'}
[303.339089] (fast_lio) StdoutLine: {'line': b'-- Installing: /home/cat/TurboSLAM/install/fast_lio/include/fast_lio/fast_lio\n'}
[303.339661] (fast_lio) StdoutLine: {'line': b'-- Installing: /home/cat/TurboSLAM/install/fast_lio/include/fast_lio/fast_lio/msg\n'}
[303.340312] (fast_lio) StdoutLine: {'line': b'-- Installing: /home/cat/TurboSLAM/install/fast_lio/include/fast_lio/fast_lio/msg/pose6_d.h\n'}
[303.340774] (fast_lio) StdoutLine: {'line': b'-- Installing: /home/cat/TurboSLAM/install/fast_lio/include/fast_lio/fast_lio/msg/rosidl_generator_c__visibility_control.h\n'}
[303.341446] (fast_lio) StdoutLine: {'line': b'-- Installing: /home/cat/TurboSLAM/install/fast_lio/include/fast_lio/fast_lio/msg/detail\n'}
[303.342119] (fast_lio) StdoutLine: {'line': b'-- Installing: /home/cat/TurboSLAM/install/fast_lio/include/fast_lio/fast_lio/msg/detail/pose6_d__struct.h\n'}
[303.342583] (fast_lio) StdoutLine: {'line': b'-- Installing: /home/cat/TurboSLAM/install/fast_lio/include/fast_lio/fast_lio/msg/detail/pose6_d__functions.c\n'}
[303.343222] (fast_lio) StdoutLine: {'line': b'-- Installing: /home/cat/TurboSLAM/install/fast_lio/include/fast_lio/fast_lio/msg/detail/pose6_d__functions.h\n'}
[303.343645] (fast_lio) StdoutLine: {'line': b'-- Installing: /home/cat/TurboSLAM/install/fast_lio/include/fast_lio/fast_lio/msg/detail/pose6_d__type_support.h\n'}
[303.344151] (fast_lio) StdoutLine: {'line': b'-- Installing: /home/cat/TurboSLAM/install/fast_lio/share/fast_lio/environment/library_path.sh\n'}
[303.344719] (fast_lio) StdoutLine: {'line': b'-- Installing: /home/cat/TurboSLAM/install/fast_lio/share/fast_lio/environment/library_path.dsv\n'}
[303.345174] (fast_lio) StdoutLine: {'line': b'-- Installing: /home/cat/TurboSLAM/install/fast_lio/lib/libfast_lio__rosidl_generator_c.so\n'}
[303.345608] (fast_lio) StdoutLine: {'line': b'-- Set runtime path of "/home/cat/TurboSLAM/install/fast_lio/lib/libfast_lio__rosidl_generator_c.so" to ""\n'}
[303.346132] (fast_lio) StdoutLine: {'line': b'-- Up-to-date: /home/cat/TurboSLAM/install/fast_lio/include/fast_lio/fast_lio\n'}
[303.346684] (fast_lio) StdoutLine: {'line': b'-- Up-to-date: /home/cat/TurboSLAM/install/fast_lio/include/fast_lio/fast_lio/msg\n'}
[303.347295] (fast_lio) StdoutLine: {'line': b'-- Up-to-date: /home/cat/TurboSLAM/install/fast_lio/include/fast_lio/fast_lio/msg/detail\n'}
[303.347834] (fast_lio) StdoutLine: {'line': b'-- Installing: /home/cat/TurboSLAM/install/fast_lio/include/fast_lio/fast_lio/msg/detail/pose6_d__rosidl_typesupport_fastrtps_c.h\n'}
[303.348418] (fast_lio) StdoutLine: {'line': b'-- Installing: /home/cat/TurboSLAM/install/fast_lio/include/fast_lio/fast_lio/msg/rosidl_typesupport_fastrtps_c__visibility_control.h\n'}
[303.348755] (fast_lio) StdoutLine: {'line': b'-- Installing: /home/cat/TurboSLAM/install/fast_lio/lib/libfast_lio__rosidl_typesupport_fastrtps_c.so\n'}
[303.349089] (fast_lio) StdoutLine: {'line': b'-- Set runtime path of "/home/cat/TurboSLAM/install/fast_lio/lib/libfast_lio__rosidl_typesupport_fastrtps_c.so" to ""\n'}
[303.349451] (fast_lio) StdoutLine: {'line': b'-- Up-to-date: /home/cat/TurboSLAM/install/fast_lio/include/fast_lio/fast_lio\n'}
[303.349785] (fast_lio) StdoutLine: {'line': b'-- Up-to-date: /home/cat/TurboSLAM/install/fast_lio/include/fast_lio/fast_lio/msg\n'}
[303.350117] (fast_lio) StdoutLine: {'line': b'-- Installing: /home/cat/TurboSLAM/install/fast_lio/include/fast_lio/fast_lio/msg/rosidl_generator_cpp__visibility_control.hpp\n'}
[303.350490] (fast_lio) StdoutLine: {'line': b'-- Installing: /home/cat/TurboSLAM/install/fast_lio/include/fast_lio/fast_lio/msg/pose6_d.hpp\n'}
[303.350831] (fast_lio) StdoutLine: {'line': b'-- Up-to-date: /home/cat/TurboSLAM/install/fast_lio/include/fast_lio/fast_lio/msg/detail\n'}
[303.351164] (fast_lio) StdoutLine: {'line': b'-- Installing: /home/cat/TurboSLAM/install/fast_lio/include/fast_lio/fast_lio/msg/detail/pose6_d__struct.hpp\n'}
[303.351498] (fast_lio) StdoutLine: {'line': b'-- Installing: /home/cat/TurboSLAM/install/fast_lio/include/fast_lio/fast_lio/msg/detail/pose6_d__traits.hpp\n'}
[303.351830] (fast_lio) StdoutLine: {'line': b'-- Installing: /home/cat/TurboSLAM/install/fast_lio/include/fast_lio/fast_lio/msg/detail/pose6_d__type_support.hpp\n'}
[303.352162] (fast_lio) StdoutLine: {'line': b'-- Installing: /home/cat/TurboSLAM/install/fast_lio/include/fast_lio/fast_lio/msg/detail/pose6_d__builder.hpp\n'}
[303.352496] (fast_lio) StdoutLine: {'line': b'-- Up-to-date: /home/cat/TurboSLAM/install/fast_lio/include/fast_lio/fast_lio\n'}
[303.352830] (fast_lio) StdoutLine: {'line': b'-- Up-to-date: /home/cat/TurboSLAM/install/fast_lio/include/fast_lio/fast_lio/msg\n'}
[303.353163] (fast_lio) StdoutLine: {'line': b'-- Installing: /home/cat/TurboSLAM/install/fast_lio/include/fast_lio/fast_lio/msg/rosidl_typesupport_fastrtps_cpp__visibility_control.h\n'}
[303.353499] (fast_lio) StdoutLine: {'line': b'-- Up-to-date: /home/cat/TurboSLAM/install/fast_lio/include/fast_lio/fast_lio/msg/detail\n'}
[303.353875] (fast_lio) StdoutLine: {'line': b'-- Installing: /home/cat/TurboSLAM/install/fast_lio/include/fast_lio/fast_lio/msg/detail/pose6_d__rosidl_typesupport_fastrtps_cpp.hpp\n'}
[303.354212] (fast_lio) StdoutLine: {'line': b'-- Installing: /home/cat/TurboSLAM/install/fast_lio/include/fast_lio/fast_lio/msg/detail/dds_fastrtps\n'}
[303.354549] (fast_lio) StdoutLine: {'line': b'-- Installing: /home/cat/TurboSLAM/install/fast_lio/lib/libfast_lio__rosidl_typesupport_fastrtps_cpp.so\n'}
[303.354916] (fast_lio) StdoutLine: {'line': b'-- Set runtime path of "/home/cat/TurboSLAM/install/fast_lio/lib/libfast_lio__rosidl_typesupport_fastrtps_cpp.so" to ""\n'}
[303.355252] (fast_lio) StdoutLine: {'line': b'-- Up-to-date: /home/cat/TurboSLAM/install/fast_lio/include/fast_lio/fast_lio\n'}
[303.355587] (fast_lio) StdoutLine: {'line': b'-- Up-to-date: /home/cat/TurboSLAM/install/fast_lio/include/fast_lio/fast_lio/msg\n'}
[303.355922] (fast_lio) StdoutLine: {'line': b'-- Installing: /home/cat/TurboSLAM/install/fast_lio/include/fast_lio/fast_lio/msg/rosidl_typesupport_introspection_c__visibility_control.h\n'}
[303.356258] (fast_lio) StdoutLine: {'line': b'-- Up-to-date: /home/cat/TurboSLAM/install/fast_lio/include/fast_lio/fast_lio/msg/detail\n'}
[303.356593] (fast_lio) StdoutLine: {'line': b'-- Installing: /home/cat/TurboSLAM/install/fast_lio/include/fast_lio/fast_lio/msg/detail/pose6_d__type_support.c\n'}
[303.356960] (fast_lio) StdoutLine: {'line': b'-- Installing: /home/cat/TurboSLAM/install/fast_lio/include/fast_lio/fast_lio/msg/detail/pose6_d__rosidl_typesupport_introspection_c.h\n'}
[303.357344] (fast_lio) StdoutLine: {'line': b'-- Installing: /home/cat/TurboSLAM/install/fast_lio/lib/libfast_lio__rosidl_typesupport_introspection_c.so\n'}
[303.357706] (fast_lio) StdoutLine: {'line': b'-- Set runtime path of "/home/cat/TurboSLAM/install/fast_lio/lib/libfast_lio__rosidl_typesupport_introspection_c.so" to ""\n'}
[303.358047] (fast_lio) StdoutLine: {'line': b'-- Installing: /home/cat/TurboSLAM/install/fast_lio/lib/libfast_lio__rosidl_typesupport_c.so\n'}
[303.358406] (fast_lio) StdoutLine: {'line': b'-- Set runtime path of "/home/cat/TurboSLAM/install/fast_lio/lib/libfast_lio__rosidl_typesupport_c.so" to ""\n'}
[303.358747] (fast_lio) StdoutLine: {'line': b'-- Up-to-date: /home/cat/TurboSLAM/install/fast_lio/include/fast_lio/fast_lio\n'}
[303.359084] (fast_lio) StdoutLine: {'line': b'-- Up-to-date: /home/cat/TurboSLAM/install/fast_lio/include/fast_lio/fast_lio/msg\n'}
[303.359420] (fast_lio) StdoutLine: {'line': b'-- Up-to-date: /home/cat/TurboSLAM/install/fast_lio/include/fast_lio/fast_lio/msg/detail\n'}
[303.359755] (fast_lio) StdoutLine: {'line': b'-- Installing: /home/cat/TurboSLAM/install/fast_lio/include/fast_lio/fast_lio/msg/detail/pose6_d__type_support.cpp\n'}
[303.360090] (fast_lio) StdoutLine: {'line': b'-- Installing: /home/cat/TurboSLAM/install/fast_lio/include/fast_lio/fast_lio/msg/detail/pose6_d__rosidl_typesupport_introspection_cpp.hpp\n'}
[303.360474] (fast_lio) StdoutLine: {'line': b'-- Installing: /home/cat/TurboSLAM/install/fast_lio/lib/libfast_lio__rosidl_typesupport_introspection_cpp.so\n'}
[303.360815] (fast_lio) StdoutLine: {'line': b'-- Set runtime path of "/home/cat/TurboSLAM/install/fast_lio/lib/libfast_lio__rosidl_typesupport_introspection_cpp.so" to ""\n'}
[303.361153] (fast_lio) StdoutLine: {'line': b'-- Installing: /home/cat/TurboSLAM/install/fast_lio/lib/libfast_lio__rosidl_typesupport_cpp.so\n'}
[303.361489] (fast_lio) StdoutLine: {'line': b'-- Set runtime path of "/home/cat/TurboSLAM/install/fast_lio/lib/libfast_lio__rosidl_typesupport_cpp.so" to ""\n'}
[303.361825] (fast_lio) StdoutLine: {'line': b'-- Installing: /home/cat/TurboSLAM/install/fast_lio/share/fast_lio/environment/pythonpath.sh\n'}
[303.362162] (fast_lio) StdoutLine: {'line': b'-- Installing: /home/cat/TurboSLAM/install/fast_lio/share/fast_lio/environment/pythonpath.dsv\n'}
[303.362498] (fast_lio) StdoutLine: {'line': b'-- Installing: /home/cat/TurboSLAM/install/fast_lio/local/lib/python3.10/dist-packages/fast_lio-0.0.0-py3.10.egg-info\n'}
[303.362837] (fast_lio) StdoutLine: {'line': b'-- Installing: /home/cat/TurboSLAM/install/fast_lio/local/lib/python3.10/dist-packages/fast_lio-0.0.0-py3.10.egg-info/top_level.txt\n'}
[303.363177] (fast_lio) StdoutLine: {'line': b'-- Installing: /home/cat/TurboSLAM/install/fast_lio/local/lib/python3.10/dist-packages/fast_lio-0.0.0-py3.10.egg-info/SOURCES.txt\n'}
[303.363535] (fast_lio) StdoutLine: {'line': b'-- Installing: /home/cat/TurboSLAM/install/fast_lio/local/lib/python3.10/dist-packages/fast_lio-0.0.0-py3.10.egg-info/PKG-INFO\n'}
[303.363897] (fast_lio) StdoutLine: {'line': b'-- Installing: /home/cat/TurboSLAM/install/fast_lio/local/lib/python3.10/dist-packages/fast_lio-0.0.0-py3.10.egg-info/dependency_links.txt\n'}
[303.364234] (fast_lio) StdoutLine: {'line': b'-- Installing: /home/cat/TurboSLAM/install/fast_lio/local/lib/python3.10/dist-packages/fast_lio\n'}
[303.364572] (fast_lio) StdoutLine: {'line': b'-- Installing: /home/cat/TurboSLAM/install/fast_lio/local/lib/python3.10/dist-packages/fast_lio/_fast_lio_s.ep.rosidl_typesupport_fastrtps_c.c\n'}
[303.364909] (fast_lio) StdoutLine: {'line': b'-- Installing: /home/cat/TurboSLAM/install/fast_lio/local/lib/python3.10/dist-packages/fast_lio/_fast_lio_s.ep.rosidl_typesupport_introspection_c.c\n'}
[303.365249] (fast_lio) StdoutLine: {'line': b'-- Installing: /home/cat/TurboSLAM/install/fast_lio/local/lib/python3.10/dist-packages/fast_lio/libfast_lio__rosidl_generator_py.so\n'}
[303.365587] (fast_lio) StdoutLine: {'line': b'-- Installing: /home/cat/TurboSLAM/install/fast_lio/local/lib/python3.10/dist-packages/fast_lio/fast_lio_s__rosidl_typesupport_introspection_c.cpython-310-aarch64-linux-gnu.so\n'}
[303.365974] (fast_lio) StdoutLine: {'line': b'-- Installing: /home/cat/TurboSLAM/install/fast_lio/local/lib/python3.10/dist-packages/fast_lio/fast_lio_s__rosidl_typesupport_c.cpython-310-aarch64-linux-gnu.so\n'}
[303.366321] (fast_lio) StdoutLine: {'line': b'-- Installing: /home/cat/TurboSLAM/install/fast_lio/local/lib/python3.10/dist-packages/fast_lio/__init__.py\n'}
[303.366660] (fast_lio) StdoutLine: {'line': b'-- Installing: /home/cat/TurboSLAM/install/fast_lio/local/lib/python3.10/dist-packages/fast_lio/_fast_lio_s.ep.rosidl_typesupport_c.c\n'}
[303.367073] (fast_lio) StdoutLine: {'line': b'-- Installing: /home/cat/TurboSLAM/install/fast_lio/local/lib/python3.10/dist-packages/fast_lio/msg\n'}
[303.367420] (fast_lio) StdoutLine: {'line': b'-- Installing: /home/cat/TurboSLAM/install/fast_lio/local/lib/python3.10/dist-packages/fast_lio/msg/_pose6_d_s.c\n'}
[303.367757] (fast_lio) StdoutLine: {'line': b'-- Installing: /home/cat/TurboSLAM/install/fast_lio/local/lib/python3.10/dist-packages/fast_lio/msg/__init__.py\n'}
[303.368094] (fast_lio) StdoutLine: {'line': b'-- Installing: /home/cat/TurboSLAM/install/fast_lio/local/lib/python3.10/dist-packages/fast_lio/msg/_pose6_d.py\n'}
[303.368428] (fast_lio) StdoutLine: {'line': b'-- Installing: /home/cat/TurboSLAM/install/fast_lio/local/lib/python3.10/dist-packages/fast_lio/fast_lio_s__rosidl_typesupport_fastrtps_c.cpython-310-aarch64-linux-gnu.so\n'}
[303.395816] (fast_lio) StdoutLine: {'line': b"Listing '/home/cat/TurboSLAM/install/fast_lio/local/lib/python3.10/dist-packages/fast_lio'...\n"}
[303.396421] (fast_lio) StdoutLine: {'line': b"Compiling '/home/cat/TurboSLAM/install/fast_lio/local/lib/python3.10/dist-packages/fast_lio/__init__.py'...\n"}
[303.396879] (fast_lio) StdoutLine: {'line': b"Listing '/home/cat/TurboSLAM/install/fast_lio/local/lib/python3.10/dist-packages/fast_lio/msg'...\n"}
[303.397282] (fast_lio) StdoutLine: {'line': b"Compiling '/home/cat/TurboSLAM/install/fast_lio/local/lib/python3.10/dist-packages/fast_lio/msg/__init__.py'...\n"}
[303.397627] (fast_lio) StdoutLine: {'line': b"Compiling '/home/cat/TurboSLAM/install/fast_lio/local/lib/python3.10/dist-packages/fast_lio/msg/_pose6_d.py'...\n"}
[303.406827] (fast_lio) StdoutLine: {'line': b'-- Installing: /home/cat/TurboSLAM/install/fast_lio/local/lib/python3.10/dist-packages/fast_lio/fast_lio_s__rosidl_typesupport_fastrtps_c.cpython-310-aarch64-linux-gnu.so\n'}
[303.407607] (fast_lio) StdoutLine: {'line': b'-- Set runtime path of "/home/cat/TurboSLAM/install/fast_lio/local/lib/python3.10/dist-packages/fast_lio/fast_lio_s__rosidl_typesupport_fastrtps_c.cpython-310-aarch64-linux-gnu.so" to ""\n'}
[303.408131] (fast_lio) StdoutLine: {'line': b'-- Installing: /home/cat/TurboSLAM/install/fast_lio/local/lib/python3.10/dist-packages/fast_lio/fast_lio_s__rosidl_typesupport_introspection_c.cpython-310-aarch64-linux-gnu.so\n'}
[303.408577] (fast_lio) StdoutLine: {'line': b'-- Set runtime path of "/home/cat/TurboSLAM/install/fast_lio/local/lib/python3.10/dist-packages/fast_lio/fast_lio_s__rosidl_typesupport_introspection_c.cpython-310-aarch64-linux-gnu.so" to ""\n'}
[303.409040] (fast_lio) StdoutLine: {'line': b'-- Installing: /home/cat/TurboSLAM/install/fast_lio/local/lib/python3.10/dist-packages/fast_lio/fast_lio_s__rosidl_typesupport_c.cpython-310-aarch64-linux-gnu.so\n'}
[303.409674] (fast_lio) StdoutLine: {'line': b'-- Set runtime path of "/home/cat/TurboSLAM/install/fast_lio/local/lib/python3.10/dist-packages/fast_lio/fast_lio_s__rosidl_typesupport_c.cpython-310-aarch64-linux-gnu.so" to ""\n'}
[303.410174] (fast_lio) StdoutLine: {'line': b'-- Installing: /home/cat/TurboSLAM/install/fast_lio/lib/libfast_lio__rosidl_generator_py.so\n'}
[303.410652] (fast_lio) StdoutLine: {'line': b'-- Set runtime path of "/home/cat/TurboSLAM/install/fast_lio/lib/libfast_lio__rosidl_generator_py.so" to ""\n'}
[303.410990] (fast_lio) StdoutLine: {'line': b'-- Installing: /home/cat/TurboSLAM/install/fast_lio/share/ament_index/resource_index/rust_packages/fast_lio\n'}
[303.411326] (fast_lio) StdoutLine: {'line': b'-- Installing: /home/cat/TurboSLAM/install/fast_lio/share/fast_lio/rust\n'}
[303.411658] (fast_lio) StdoutLine: {'line': b'-- Installing: /home/cat/TurboSLAM/install/fast_lio/share/fast_lio/rust/src\n'}
[303.411992] (fast_lio) StdoutLine: {'line': b'-- Installing: /home/cat/TurboSLAM/install/fast_lio/share/fast_lio/rust/src/lib.rs\n'}
[303.412323] (fast_lio) StdoutLine: {'line': b'-- Installing: /home/cat/TurboSLAM/install/fast_lio/share/fast_lio/rust/src/msg.rs\n'}
[303.412684] (fast_lio) StdoutLine: {'line': b'-- Installing: /home/cat/TurboSLAM/install/fast_lio/share/fast_lio/rust/src/msg\n'}
[303.413017] (fast_lio) StdoutLine: {'line': b'-- Installing: /home/cat/TurboSLAM/install/fast_lio/share/fast_lio/rust/src/msg/rmw.rs\n'}
[303.413350] (fast_lio) StdoutLine: {'line': b'-- Installing: /home/cat/TurboSLAM/install/fast_lio/share/fast_lio/rust/Cargo.toml\n'}
[303.413716] (fast_lio) StdoutLine: {'line': b'-- Installing: /home/cat/TurboSLAM/install/fast_lio/share/fast_lio/rust/build.rs\n'}
[303.414059] (fast_lio) StdoutLine: {'line': b'-- Installing: /home/cat/TurboSLAM/install/fast_lio/share/fast_lio/msg/Pose6D.idl\n'}
[303.414393] (fast_lio) StdoutLine: {'line': b'-- Installing: /home/cat/TurboSLAM/install/fast_lio/share/fast_lio/msg/Pose6D.msg\n'}
[303.414873] (fast_lio) StdoutLine: {'line': b'-- Installing: /home/cat/TurboSLAM/install/fast_lio/lib/fast_lio/fastlio_mapping\n'}
[303.415513] (fast_lio) StdoutLine: {'line': b'-- Set runtime path of "/home/cat/TurboSLAM/install/fast_lio/lib/fast_lio/fastlio_mapping" to ""\n'}
[303.416028] (fast_lio) StdoutLine: {'line': b'-- Installing: /home/cat/TurboSLAM/install/fast_lio/share/fast_lio/config\n'}
[303.416496] (fast_lio) StdoutLine: {'line': b'-- Installing: /home/cat/TurboSLAM/install/fast_lio/share/fast_lio/config/avia.yaml\n'}
[303.417074] (fast_lio) StdoutLine: {'line': b'-- Installing: /home/cat/TurboSLAM/install/fast_lio/share/fast_lio/config/velodyne.yaml\n'}
[303.417520] (fast_lio) StdoutLine: {'line': b'-- Installing: /home/cat/TurboSLAM/install/fast_lio/share/fast_lio/config/mid360.yaml\n'}
[303.418059] (fast_lio) StdoutLine: {'line': b'-- Installing: /home/cat/TurboSLAM/install/fast_lio/share/fast_lio/config/horizon.yaml\n'}
[303.418519] (fast_lio) StdoutLine: {'line': b'-- Installing: /home/cat/TurboSLAM/install/fast_lio/share/fast_lio/config/ouster64.yaml\n'}
[303.418968] (fast_lio) StdoutLine: {'line': b'-- Installing: /home/cat/TurboSLAM/install/fast_lio/share/fast_lio/config/mid360s.yaml\n'}
[303.419463] (fast_lio) StdoutLine: {'line': b'-- Installing: /home/cat/TurboSLAM/install/fast_lio/share/fast_lio/launch\n'}
[303.419991] (fast_lio) StdoutLine: {'line': b'-- Installing: /home/cat/TurboSLAM/install/fast_lio/share/fast_lio/launch/gdb_debug_example.launch\n'}
[303.420522] (fast_lio) StdoutLine: {'line': b'-- Installing: /home/cat/TurboSLAM/install/fast_lio/share/fast_lio/launch/mapping.launch.py\n'}
[303.421029] (fast_lio) StdoutLine: {'line': b'-- Installing: /home/cat/TurboSLAM/install/fast_lio/share/fast_lio/rviz\n'}
[303.421537] (fast_lio) StdoutLine: {'line': b'-- Installing: /home/cat/TurboSLAM/install/fast_lio/share/fast_lio/rviz/fastlio.rviz\n'}
[303.422096] (fast_lio) StdoutLine: {'line': b'-- Installing: /home/cat/TurboSLAM/install/fast_lio/share/ament_index/resource_index/package_run_dependencies/fast_lio\n'}
[303.422527] (fast_lio) StdoutLine: {'line': b'-- Installing: /home/cat/TurboSLAM/install/fast_lio/share/ament_index/resource_index/parent_prefix_path/fast_lio\n'}
[303.423033] (fast_lio) StdoutLine: {'line': b'-- Installing: /home/cat/TurboSLAM/install/fast_lio/share/fast_lio/environment/ament_prefix_path.sh\n'}
[303.423369] (fast_lio) StdoutLine: {'line': b'-- Installing: /home/cat/TurboSLAM/install/fast_lio/share/fast_lio/environment/ament_prefix_path.dsv\n'}
[303.423762] (fast_lio) StdoutLine: {'line': b'-- Installing: /home/cat/TurboSLAM/install/fast_lio/share/fast_lio/environment/path.sh\n'}
[303.424129] (fast_lio) StdoutLine: {'line': b'-- Installing: /home/cat/TurboSLAM/install/fast_lio/share/fast_lio/environment/path.dsv\n'}
[303.424461] (fast_lio) StdoutLine: {'line': b'-- Installing: /home/cat/TurboSLAM/install/fast_lio/share/fast_lio/local_setup.bash\n'}
[303.424793] (fast_lio) StdoutLine: {'line': b'-- Installing: /home/cat/TurboSLAM/install/fast_lio/share/fast_lio/local_setup.sh\n'}
[303.425135] (fast_lio) StdoutLine: {'line': b'-- Installing: /home/cat/TurboSLAM/install/fast_lio/share/fast_lio/local_setup.zsh\n'}
[303.425682] (fast_lio) StdoutLine: {'line': b'-- Installing: /home/cat/TurboSLAM/install/fast_lio/share/fast_lio/local_setup.dsv\n'}
[303.426884] (fast_lio) StdoutLine: {'line': b'-- Installing: /home/cat/TurboSLAM/install/fast_lio/share/fast_lio/package.dsv\n'}
[303.429491] (-) TimerEvent: {}
[303.430798] (fast_lio) StdoutLine: {'line': b'-- Installing: /home/cat/TurboSLAM/install/fast_lio/share/ament_index/resource_index/packages/fast_lio\n'}
[303.431487] (fast_lio) StdoutLine: {'line': b'-- Installing: /home/cat/TurboSLAM/install/fast_lio/share/fast_lio/cmake/export_fast_lio__rosidl_generator_cExport.cmake\n'}
[303.431913] (fast_lio) StdoutLine: {'line': b'-- Installing: /home/cat/TurboSLAM/install/fast_lio/share/fast_lio/cmake/export_fast_lio__rosidl_generator_cExport-release.cmake\n'}
[303.432431] (fast_lio) StdoutLine: {'line': b'-- Installing: /home/cat/TurboSLAM/install/fast_lio/share/fast_lio/cmake/export_fast_lio__rosidl_typesupport_fastrtps_cExport.cmake\n'}
[303.432995] (fast_lio) StdoutLine: {'line': b'-- Installing: /home/cat/TurboSLAM/install/fast_lio/share/fast_lio/cmake/export_fast_lio__rosidl_typesupport_fastrtps_cExport-release.cmake\n'}
[303.433952] (fast_lio) StdoutLine: {'line': b'-- Installing: /home/cat/TurboSLAM/install/fast_lio/share/fast_lio/cmake/export_fast_lio__rosidl_generator_cppExport.cmake\n'}
[303.434553] (fast_lio) StdoutLine: {'line': b'-- Installing: /home/cat/TurboSLAM/install/fast_lio/share/fast_lio/cmake/export_fast_lio__rosidl_typesupport_fastrtps_cppExport.cmake\n'}
[303.435051] (fast_lio) StdoutLine: {'line': b'-- Installing: /home/cat/TurboSLAM/install/fast_lio/share/fast_lio/cmake/export_fast_lio__rosidl_typesupport_fastrtps_cppExport-release.cmake\n'}
[303.435810] (fast_lio) StdoutLine: {'line': b'-- Installing: /home/cat/TurboSLAM/install/fast_lio/share/fast_lio/cmake/fast_lio__rosidl_typesupport_introspection_cExport.cmake\n'}
[303.436558] (fast_lio) StdoutLine: {'line': b'-- Installing: /home/cat/TurboSLAM/install/fast_lio/share/fast_lio/cmake/fast_lio__rosidl_typesupport_introspection_cExport-release.cmake\n'}
[303.437439] (fast_lio) StdoutLine: {'line': b'-- Installing: /home/cat/TurboSLAM/install/fast_lio/share/fast_lio/cmake/fast_lio__rosidl_typesupport_cExport.cmake\n'}
[303.438390] (fast_lio) StdoutLine: {'line': b'-- Installing: /home/cat/TurboSLAM/install/fast_lio/share/fast_lio/cmake/fast_lio__rosidl_typesupport_cExport-release.cmake\n'}
[303.438945] (fast_lio) StdoutLine: {'line': b'-- Installing: /home/cat/TurboSLAM/install/fast_lio/share/fast_lio/cmake/fast_lio__rosidl_typesupport_introspection_cppExport.cmake\n'}
[303.439556] (fast_lio) StdoutLine: {'line': b'-- Installing: /home/cat/TurboSLAM/install/fast_lio/share/fast_lio/cmake/fast_lio__rosidl_typesupport_introspection_cppExport-release.cmake\n'}
[303.440063] (fast_lio) StdoutLine: {'line': b'-- Installing: /home/cat/TurboSLAM/install/fast_lio/share/fast_lio/cmake/fast_lio__rosidl_typesupport_cppExport.cmake\n'}
[303.440499] (fast_lio) StdoutLine: {'line': b'-- Installing: /home/cat/TurboSLAM/install/fast_lio/share/fast_lio/cmake/fast_lio__rosidl_typesupport_cppExport-release.cmake\n'}
[303.440982] (fast_lio) StdoutLine: {'line': b'-- Installing: /home/cat/TurboSLAM/install/fast_lio/share/fast_lio/cmake/export_fast_lio__rosidl_generator_pyExport.cmake\n'}
[303.441470] (fast_lio) StdoutLine: {'line': b'-- Installing: /home/cat/TurboSLAM/install/fast_lio/share/fast_lio/cmake/export_fast_lio__rosidl_generator_pyExport-release.cmake\n'}
[303.441975] (fast_lio) StdoutLine: {'line': b'-- Installing: /home/cat/TurboSLAM/install/fast_lio/share/fast_lio/cmake/rosidl_cmake-extras.cmake\n'}
[303.442465] (fast_lio) StdoutLine: {'line': b'-- Installing: /home/cat/TurboSLAM/install/fast_lio/share/fast_lio/cmake/ament_cmake_export_include_directories-extras.cmake\n'}
[303.442929] (fast_lio) StdoutLine: {'line': b'-- Installing: /home/cat/TurboSLAM/install/fast_lio/share/fast_lio/cmake/ament_cmake_export_libraries-extras.cmake\n'}
[303.443429] (fast_lio) StdoutLine: {'line': b'-- Installing: /home/cat/TurboSLAM/install/fast_lio/share/fast_lio/cmake/ament_cmake_export_targets-extras.cmake\n'}
[303.443937] (fast_lio) StdoutLine: {'line': b'-- Installing: /home/cat/TurboSLAM/install/fast_lio/share/fast_lio/cmake/rosidl_cmake_export_typesupport_targets-extras.cmake\n'}
[303.444479] (fast_lio) StdoutLine: {'line': b'-- Installing: /home/cat/TurboSLAM/install/fast_lio/share/fast_lio/cmake/ament_cmake_export_dependencies-extras.cmake\n'}
[303.444960] (fast_lio) StdoutLine: {'line': b'-- Installing: /home/cat/TurboSLAM/install/fast_lio/share/fast_lio/cmake/rosidl_cmake_export_typesupport_libraries-extras.cmake\n'}
[303.445502] (fast_lio) StdoutLine: {'line': b'-- Installing: /home/cat/TurboSLAM/install/fast_lio/share/fast_lio/cmake/rosidl_cmake_aggregate_target-extras.cmake\n'}
[303.445960] (fast_lio) StdoutLine: {'line': b'-- Installing: /home/cat/TurboSLAM/install/fast_lio/share/fast_lio/cmake/fast_lioConfig.cmake\n'}
[303.446490] (fast_lio) StdoutLine: {'line': b'-- Installing: /home/cat/TurboSLAM/install/fast_lio/share/fast_lio/cmake/fast_lioConfig-version.cmake\n'}
[303.446972] (fast_lio) StdoutLine: {'line': b'-- Installing: /home/cat/TurboSLAM/install/fast_lio/share/fast_lio/package.xml\n'}
[303.447510] (fast_lio) CommandEnded: {'returncode': 0}
[303.497441] (fast_lio) JobEnded: {'identifier': 'fast_lio', 'rc': 0}
[303.529849] (-) TimerEvent: {}
[303.630781] (-) TimerEvent: {}
[303.731717] (-) TimerEvent: {}
[303.832653] (-) TimerEvent: {}
[303.933636] (-) TimerEvent: {}
[304.034567] (-) TimerEvent: {}
[304.135532] (-) TimerEvent: {}
[304.236537] (-) TimerEvent: {}
[304.337737] (-) TimerEvent: {}
[304.438897] (-) TimerEvent: {}
[304.540142] (-) TimerEvent: {}
[304.641435] (-) TimerEvent: {}
[304.742693] (-) TimerEvent: {}
[304.844090] (-) TimerEvent: {}
[304.945530] (-) TimerEvent: {}
[305.046802] (-) TimerEvent: {}
[305.148089] (-) TimerEvent: {}
[305.249374] (-) TimerEvent: {}
[305.350630] (-) TimerEvent: {}
[305.451854] (-) TimerEvent: {}
[305.553142] (-) TimerEvent: {}
[305.654461] (-) TimerEvent: {}
[305.755781] (-) TimerEvent: {}
[305.857131] (-) TimerEvent: {}
[305.958367] (-) TimerEvent: {}
[306.059667] (-) TimerEvent: {}
[306.161356] (-) TimerEvent: {}
[306.262804] (-) TimerEvent: {}
[306.364042] (-) TimerEvent: {}
[306.465384] (-) TimerEvent: {}
[306.566711] (-) TimerEvent: {}
[306.659771] (pangolin) StdoutLine: {'line': b'[100%] Built target pypangolin\n'}
[306.666922] (-) TimerEvent: {}
[306.698335] (pangolin) CommandEnded: {'returncode': 0}
[306.701162] (pangolin) JobProgress: {'identifier': 'pangolin', 'progress': 'install'}
[306.702274] (pangolin) Command: {'cmd': ['/usr/bin/cmake', '--install', '/home/cat/TurboSLAM/build/pangolin'], 'cwd': '/home/cat/TurboSLAM/build/pangolin', 'env': OrderedDict([('LESSOPEN', '| /usr/bin/lesspipe %s'), ('USER', 'cat'), ('SSH_CLIENT', '192.168.9.24 20287 22'), ('XDG_SESSION_TYPE', 'tty'), ('SHLVL', '3'), ('LD_LIBRARY_PATH', '/opt/ros/humble/opt/rviz_ogre_vendor/lib:/opt/ros/humble/lib/aarch64-linux-gnu:/opt/ros/humble/lib'), ('MOTD_SHOWN', 'pam'), ('HOME', '/home/cat'), ('MUTTER_DEBUG_ENABLE_ATOMIC_KMS', '0'), ('OLDPWD', '/home/cat/TurboSLAM/src/livox_ros_driver2'), ('SSH_TTY', '/dev/pts/0'), ('ROS_PYTHON_VERSION', '3'), ('DBUS_SESSION_BUS_ADDRESS', 'unix:path=/run/user/1000/bus'), ('ROS_DISTRO', 'humble'), ('LOGNAME', 'cat'), ('_', '/usr/bin/colcon'), ('ROS_VERSION', 'ROS2'), ('XDG_SESSION_CLASS', 'user'), ('TERM', 'xterm'), ('XDG_SESSION_ID', '6'), ('ROS_LOCALHOST_ONLY', '0'), ('PATH', '/opt/ros/humble/bin:/usr/local/sbin:/usr/local/bin:/usr/sbin:/usr/bin:/sbin:/bin:/usr/games:/usr/local/games:/snap/bin'), ('XDG_RUNTIME_DIR', '/run/user/1000'), ('DISPLAY', 'localhost:10.0'), ('LANG', 'zh_CN.UTF-8'), ('LS_COLORS', 'rs=0:di=01;34:ln=01;36:mh=00:pi=40;33:so=01;35:do=01;35:bd=40;33;01:cd=40;33;01:or=40;31;01:mi=00:su=37;41:sg=30;43:ca=30;41:tw=30;42:ow=34;42:st=37;44:ex=01;32:*.tar=01;31:*.tgz=01;31:*.arc=01;31:*.arj=01;31:*.taz=01;31:*.lha=01;31:*.lz4=01;31:*.lzh=01;31:*.lzma=01;31:*.tlz=01;31:*.txz=01;31:*.tzo=01;31:*.t7z=01;31:*.zip=01;31:*.z=01;31:*.dz=01;31:*.gz=01;31:*.lrz=01;31:*.lz=01;31:*.lzo=01;31:*.xz=01;31:*.zst=01;31:*.tzst=01;31:*.bz2=01;31:*.bz=01;31:*.tbz=01;31:*.tbz2=01;31:*.tz=01;31:*.deb=01;31:*.rpm=01;31:*.jar=01;31:*.war=01;31:*.ear=01;31:*.sar=01;31:*.rar=01;31:*.alz=01;31:*.ace=01;31:*.zoo=01;31:*.cpio=01;31:*.7z=01;31:*.rz=01;31:*.cab=01;31:*.wim=01;31:*.swm=01;31:*.dwm=01;31:*.esd=01;31:*.jpg=01;35:*.jpeg=01;35:*.mjpg=01;35:*.mjpeg=01;35:*.gif=01;35:*.bmp=01;35:*.pbm=01;35:*.pgm=01;35:*.ppm=01;35:*.tga=01;35:*.xbm=01;35:*.xpm=01;35:*.tif=01;35:*.tiff=01;35:*.png=01;35:*.svg=01;35:*.svgz=01;35:*.mng=01;35:*.pcx=01;35:*.mov=01;35:*.mpg=01;35:*.mpeg=01;35:*.m2v=01;35:*.mkv=01;35:*.webm=01;35:*.webp=01;35:*.ogm=01;35:*.mp4=01;35:*.m4v=01;35:*.mp4v=01;35:*.vob=01;35:*.qt=01;35:*.nuv=01;35:*.wmv=01;35:*.asf=01;35:*.rm=01;35:*.rmvb=01;35:*.flc=01;35:*.avi=01;35:*.fli=01;35:*.flv=01;35:*.gl=01;35:*.dl=01;35:*.xcf=01;35:*.xwd=01;35:*.yuv=01;35:*.cgm=01;35:*.emf=01;35:*.ogv=01;35:*.ogx=01;35:*.aac=00;36:*.au=00;36:*.flac=00;36:*.m4a=00;36:*.mid=00;36:*.midi=00;36:*.mka=00;36:*.mp3=00;36:*.mpc=00;36:*.ogg=00;36:*.ra=00;36:*.wav=00;36:*.oga=00;36:*.opus=00;36:*.spx=00;36:*.xspf=00;36:'), ('AMENT_PREFIX_PATH', '/opt/ros/humble'), ('SHELL', '/bin/bash'), ('CLUTTER_PAINT', 'disable-dynamic-max-render-time'), ('LESSCLOSE', '/usr/bin/lesspipe %s %s'), ('MUTTER_DEBUG_FORCE_KMS_MODE', 'simple'), ('PWD', '/home/cat/TurboSLAM/build/pangolin'), ('SSH_CONNECTION', '192.168.9.24 20287 192.168.9.29 22'), ('XDG_DATA_DIRS', '/usr/share/gnome:/usr/local/share:/usr/share:/var/lib/snapd/desktop'), ('PYTHONPATH', '/opt/ros/humble/lib/python3.10/site-packages:/opt/ros/humble/local/lib/python3.10/dist-packages'), ('COLCON', '1'), ('CMAKE_PREFIX_PATH', '/opt/ros/humble')]), 'shell': False}
[306.718196] (pangolin) StdoutLine: {'line': b'-- Install configuration: "Release"\n'}
[306.718952] (pangolin) StdoutLine: {'line': b'-- Installing: /home/cat/TurboSLAM/install/pangolin/include\n'}
[306.719397] (pangolin) StdoutLine: {'line': b'-- Installing: /home/cat/TurboSLAM/install/pangolin/include/pangolin\n'}
[306.719793] (pangolin) StdoutLine: {'line': b'-- Installing: /home/cat/TurboSLAM/install/pangolin/include/pangolin/platform.h\n'}
[306.720169] (pangolin) StdoutLine: {'line': b'-- Installing: /home/cat/TurboSLAM/install/pangolin/include/pangolin/factory\n'}
[306.720667] (pangolin) StdoutLine: {'line': b'-- Installing: /home/cat/TurboSLAM/install/pangolin/include/pangolin/factory/factory.h\n'}
[306.721032] (pangolin) StdoutLine: {'line': b'-- Installing: /home/cat/TurboSLAM/install/pangolin/include/pangolin/factory/factory_registry.h\n'}
[306.721393] (pangolin) StdoutLine: {'line': b'-- Installing: /home/cat/TurboSLAM/install/pangolin/include/pangolin/factory/factory_help.h\n'}
[306.721737] (pangolin) StdoutLine: {'line': b'-- Installing: /home/cat/TurboSLAM/install/pangolin/include/pangolin/pangolin.h\n'}
[306.722086] (pangolin) StdoutLine: {'line': b'-- Installing: /home/cat/TurboSLAM/install/pangolin/include/pangolin/compat\n'}
[306.722444] (pangolin) StdoutLine: {'line': b'-- Installing: /home/cat/TurboSLAM/install/pangolin/include/pangolin/compat/type_traits.h\n'}
[306.722802] (pangolin) StdoutLine: {'line': b'-- Installing: /home/cat/TurboSLAM/install/pangolin/include/pangolin/compat/glutbitmap.h\n'}
[306.723152] (pangolin) StdoutLine: {'line': b'-- Installing: /home/cat/TurboSLAM/install/pangolin/include/pangolin/utils\n'}
[306.723492] (pangolin) StdoutLine: {'line': b'-- Installing: /home/cat/TurboSLAM/install/pangolin/include/pangolin/utils/file_extension.h\n'}
[306.723882] (pangolin) StdoutLine: {'line': b'-- Installing: /home/cat/TurboSLAM/install/pangolin/include/pangolin/utils/memstreambuf.h\n'}
[306.724240] (pangolin) StdoutLine: {'line': b'-- Installing: /home/cat/TurboSLAM/install/pangolin/include/pangolin/utils/assert.h\n'}
[306.724596] (pangolin) StdoutLine: {'line': b'-- Installing: /home/cat/TurboSLAM/install/pangolin/include/pangolin/utils/timer.h\n'}
[306.724969] (pangolin) StdoutLine: {'line': b'-- Installing: /home/cat/TurboSLAM/install/pangolin/include/pangolin/utils/params.h\n'}
[306.725319] (pangolin) StdoutLine: {'line': b'-- Installing: /home/cat/TurboSLAM/install/pangolin/include/pangolin/utils/xml\n'}
[306.725701] (pangolin) StdoutLine: {'line': b'-- Installing: /home/cat/TurboSLAM/install/pangolin/include/pangolin/utils/xml/rapidxml_iterators.hpp\n'}
[306.726065] (pangolin) StdoutLine: {'line': b'-- Installing: /home/cat/TurboSLAM/install/pangolin/include/pangolin/utils/xml/license.txt\n'}
[306.726420] (pangolin) StdoutLine: {'line': b'-- Installing: /home/cat/TurboSLAM/install/pangolin/include/pangolin/utils/xml/rapidxml_print.hpp\n'}
[306.726774] (pangolin) StdoutLine: {'line': b'-- Installing: /home/cat/TurboSLAM/install/pangolin/include/pangolin/utils/xml/rapidxml_utils.hpp\n'}
[306.727156] (pangolin) StdoutLine: {'line': b'-- Installing: /home/cat/TurboSLAM/install/pangolin/include/pangolin/utils/xml/rapidxml.hpp\n'}
[306.727515] (pangolin) StdoutLine: {'line': b'-- Installing: /home/cat/TurboSLAM/install/pangolin/include/pangolin/utils/range.h\n'}
[306.727865] (pangolin) StdoutLine: {'line': b'-- Installing: /home/cat/TurboSLAM/install/pangolin/include/pangolin/utils/posix\n'}
[306.728217] (pangolin) StdoutLine: {'line': b'-- Installing: /home/cat/TurboSLAM/install/pangolin/include/pangolin/utils/posix/shared_memory_buffer.h\n'}
[306.728574] (pangolin) StdoutLine: {'line': b'-- Installing: /home/cat/TurboSLAM/install/pangolin/include/pangolin/utils/posix/semaphore.h\n'}
[306.728971] (pangolin) StdoutLine: {'line': b'-- Installing: /home/cat/TurboSLAM/install/pangolin/include/pangolin/utils/posix/condition_variable.h\n'}
[306.729354] (pangolin) StdoutLine: {'line': b'-- Installing: /home/cat/TurboSLAM/install/pangolin/include/pangolin/utils/parse.h\n'}
[306.729737] (pangolin) StdoutLine: {'line': b'-- Installing: /home/cat/TurboSLAM/install/pangolin/include/pangolin/utils/avx_math.h\n'}
[306.730097] (pangolin) StdoutLine: {'line': b'-- Installing: /home/cat/TurboSLAM/install/pangolin/include/pangolin/utils/log.h\n'}
[306.730477] (pangolin) StdoutLine: {'line': b'-- Installing: /home/cat/TurboSLAM/install/pangolin/include/pangolin/utils/argagg.hpp\n'}
[306.730870] (pangolin) StdoutLine: {'line': b'-- Installing: /home/cat/TurboSLAM/install/pangolin/include/pangolin/utils/simple_math.h\n'}
[306.731276] (pangolin) StdoutLine: {'line': b'-- Installing: /home/cat/TurboSLAM/install/pangolin/include/pangolin/utils/transform.h\n'}
[306.731633] (pangolin) StdoutLine: {'line': b'-- Installing: /home/cat/TurboSLAM/install/pangolin/include/pangolin/utils/compontent_cast.h\n'}
[306.731968] (pangolin) StdoutLine: {'line': b'-- Installing: /home/cat/TurboSLAM/install/pangolin/include/pangolin/utils/signal_slot.h\n'}
[306.732324] (pangolin) StdoutLine: {'line': b'-- Installing: /home/cat/TurboSLAM/install/pangolin/include/pangolin/utils/threadedfilebuf.h\n'}
[306.732676] (pangolin) StdoutLine: {'line': b'-- Installing: /home/cat/TurboSLAM/install/pangolin/include/pangolin/utils/sigstate.h\n'}
[306.733023] (pangolin) StdoutLine: {'line': b'-- Installing: /home/cat/TurboSLAM/install/pangolin/include/pangolin/utils/bitmask.h\n'}
[306.733370] (pangolin) StdoutLine: {'line': b'-- Installing: /home/cat/TurboSLAM/install/pangolin/include/pangolin/utils/file_utils.h\n'}
[306.733748] (pangolin) StdoutLine: {'line': b'-- Installing: /home/cat/TurboSLAM/install/pangolin/include/pangolin/utils/fix_size_buffer_queue.h\n'}
[306.734113] (pangolin) StdoutLine: {'line': b'-- Installing: /home/cat/TurboSLAM/install/pangolin/include/pangolin/utils/uri.h\n'}
[306.734456] (pangolin) StdoutLine: {'line': b'-- Installing: /home/cat/TurboSLAM/install/pangolin/include/pangolin/utils/variadic_all.h\n'}
[306.734831] (pangolin) StdoutLine: {'line': b'-- Installing: /home/cat/TurboSLAM/install/pangolin/include/pangolin/utils/format_string.h\n'}
[306.735185] (pangolin) StdoutLine: {'line': b'-- Installing: /home/cat/TurboSLAM/install/pangolin/include/pangolin/utils/param_set.h\n'}
[306.735567] (pangolin) StdoutLine: {'line': b'-- Installing: /home/cat/TurboSLAM/install/pangolin/include/pangolin/utils/type_convert.h\n'}
[306.735923] (pangolin) StdoutLine: {'line': b'-- Installing: /home/cat/TurboSLAM/install/pangolin/include/pangolin/utils/true_false_toggle.h\n'}
[306.736324] (pangolin) StdoutLine: {'line': b'-- Installing: /home/cat/TurboSLAM/install/pangolin/include/pangolin/utils/picojson.h\n'}
[306.736680] (pangolin) StdoutLine: {'line': b'-- Installing: /home/cat/TurboSLAM/install/pangolin/include/pangolin/utils/is_streamable.h\n'}
[306.737058] (pangolin) StdoutLine: {'line': b'-- Installing: /home/cat/TurboSLAM/install/pangolin/include/dynalo\n'}
[306.737433] (pangolin) StdoutLine: {'line': b'-- Installing: /home/cat/TurboSLAM/install/pangolin/include/dynalo/symbol_helper.hpp\n'}
[306.737787] (pangolin) StdoutLine: {'line': b'-- Installing: /home/cat/TurboSLAM/install/pangolin/include/dynalo/dynalo.hpp\n'}
[306.738135] (pangolin) StdoutLine: {'line': b'-- Installing: /home/cat/TurboSLAM/install/pangolin/include/dynalo/detail\n'}
[306.738498] (pangolin) StdoutLine: {'line': b'-- Installing: /home/cat/TurboSLAM/install/pangolin/include/dynalo/detail/linux\n'}
[306.738857] (pangolin) StdoutLine: {'line': b'-- Installing: /home/cat/TurboSLAM/install/pangolin/include/dynalo/detail/linux/dynalo.hpp\n'}
[306.739212] (pangolin) StdoutLine: {'line': b'-- Installing: /home/cat/TurboSLAM/install/pangolin/include/dynalo/detail/macos\n'}
[306.739566] (pangolin) StdoutLine: {'line': b'-- Installing: /home/cat/TurboSLAM/install/pangolin/include/dynalo/detail/macos/dynalo.hpp\n'}
[306.739928] (pangolin) StdoutLine: {'line': b'-- Installing: /home/cat/TurboSLAM/install/pangolin/include/dynalo/detail/windows\n'}
[306.740293] (pangolin) StdoutLine: {'line': b'-- Installing: /home/cat/TurboSLAM/install/pangolin/include/dynalo/detail/windows/dynalo.hpp\n'}
[306.740663] (pangolin) StdoutLine: {'line': b'-- Installing: /home/cat/TurboSLAM/install/pangolin/include/dynalo/detail/config.hpp\n'}
[306.741019] (pangolin) StdoutLine: {'line': b'-- Installing: /home/cat/TurboSLAM/install/pangolin/include/NaturalSort\n'}
[306.741380] (pangolin) StdoutLine: {'line': b'-- Installing: /home/cat/TurboSLAM/install/pangolin/include/NaturalSort/LICENSE.md\n'}
[306.741734] (pangolin) StdoutLine: {'line': b'-- Installing: /home/cat/TurboSLAM/install/pangolin/include/NaturalSort/README.md\n'}
[306.742083] (pangolin) StdoutLine: {'line': b'-- Installing: /home/cat/TurboSLAM/install/pangolin/include/NaturalSort/natural_sort.hpp\n'}
[306.742428] (pangolin) StdoutLine: {'line': b'-- Installing: /home/cat/TurboSLAM/install/pangolin/include/sigslot\n'}
[306.742777] (pangolin) StdoutLine: {'line': b'-- Installing: /home/cat/TurboSLAM/install/pangolin/include/sigslot/LICENCE\n'}
[306.743130] (pangolin) StdoutLine: {'line': b'-- Installing: /home/cat/TurboSLAM/install/pangolin/include/sigslot/README.md\n'}
[306.743483] (pangolin) StdoutLine: {'line': b'-- Installing: /home/cat/TurboSLAM/install/pangolin/include/sigslot/signal.hpp\n'}
[306.743858] (pangolin) StdoutLine: {'line': b'-- Up-to-date: /home/cat/TurboSLAM/install/pangolin/include\n'}
[306.744216] (pangolin) StdoutLine: {'line': b'-- Up-to-date: /home/cat/TurboSLAM/install/pangolin/include/pangolin\n'}
[306.744595] (pangolin) StdoutLine: {'line': b'-- Installing: /home/cat/TurboSLAM/install/pangolin/include/pangolin/display\n'}
[306.744951] (pangolin) StdoutLine: {'line': b'-- Installing: /home/cat/TurboSLAM/install/pangolin/include/pangolin/display/display.hpp\n'}
[306.745305] (pangolin) StdoutLine: {'line': b'-- Installing: /home/cat/TurboSLAM/install/pangolin/include/pangolin/display/image_view.h\n'}
[306.745644] (pangolin) StdoutLine: {'line': b'-- Installing: /home/cat/TurboSLAM/install/pangolin/include/pangolin/display/default_font.h\n'}
[306.745998] (pangolin) StdoutLine: {'line': b'-- Installing: /home/cat/TurboSLAM/install/pangolin/include/pangolin/display/view.h\n'}
[306.746377] (pangolin) StdoutLine: {'line': b'-- Installing: /home/cat/TurboSLAM/install/pangolin/include/pangolin/display/attach.h\n'}
[306.746762] (pangolin) StdoutLine: {'line': b'-- Installing: /home/cat/TurboSLAM/install/pangolin/include/pangolin/display/widgets.h\n'}
[306.747152] (pangolin) StdoutLine: {'line': b'-- Installing: /home/cat/TurboSLAM/install/pangolin/include/pangolin/display/user_app.h\n'}
[306.747521] (pangolin) StdoutLine: {'line': b'-- Installing: /home/cat/TurboSLAM/install/pangolin/include/pangolin/display/display.h\n'}
[306.747906] (pangolin) StdoutLine: {'line': b'-- Installing: /home/cat/TurboSLAM/install/pangolin/include/pangolin/display/process.h\n'}
[306.748289] (pangolin) StdoutLine: {'line': b'-- Installing: /home/cat/TurboSLAM/install/pangolin/include/pangolin/handler\n'}
[306.748639] (pangolin) StdoutLine: {'line': b'-- Installing: /home/cat/TurboSLAM/install/pangolin/include/pangolin/handler/handler_image.h\n'}
[306.748993] (pangolin) StdoutLine: {'line': b'-- Installing: /home/cat/TurboSLAM/install/pangolin/include/pangolin/handler/handler.h\n'}
[306.749348] (pangolin) StdoutLine: {'line': b'-- Installing: /home/cat/TurboSLAM/install/pangolin/include/pangolin/handler/handler_glbuffer.h\n'}
[306.749700] (pangolin) StdoutLine: {'line': b'-- Installing: /home/cat/TurboSLAM/install/pangolin/include/pangolin/console\n'}
[306.751014] (pangolin) StdoutLine: {'line': b'-- Installing: /home/cat/TurboSLAM/install/pangolin/include/pangolin/console/InterpreterInterface.h\n'}
[306.751365] (pangolin) StdoutLine: {'line': b'-- Installing: /home/cat/TurboSLAM/install/pangolin/include/pangolin/console/ConsoleView.h\n'}
[306.751717] (pangolin) StdoutLine: {'line': b'-- Up-to-date: /home/cat/TurboSLAM/install/pangolin/include\n'}
[306.752050] (pangolin) StdoutLine: {'line': b'-- Up-to-date: /home/cat/TurboSLAM/install/pangolin/include/pangolin\n'}
[306.752383] (pangolin) StdoutLine: {'line': b'-- Installing: /home/cat/TurboSLAM/install/pangolin/include/pangolin/geometry\n'}
[306.752716] (pangolin) StdoutLine: {'line': b'-- Installing: /home/cat/TurboSLAM/install/pangolin/include/pangolin/geometry/geometry_obj.h\n'}
[306.753049] (pangolin) StdoutLine: {'line': b'-- Installing: /home/cat/TurboSLAM/install/pangolin/include/pangolin/geometry/geometry_ply.h\n'}
[306.753382] (pangolin) StdoutLine: {'line': b'-- Installing: /home/cat/TurboSLAM/install/pangolin/include/pangolin/geometry/geometry.h\n'}
[306.753772] (pangolin) StdoutLine: {'line': b'-- Up-to-date: /home/cat/TurboSLAM/install/pangolin/include\n'}
[306.754120] (pangolin) StdoutLine: {'line': b'-- Up-to-date: /home/cat/TurboSLAM/install/pangolin/include/pangolin\n'}
[306.754454] (pangolin) StdoutLine: {'line': b'-- Up-to-date: /home/cat/TurboSLAM/install/pangolin/include/pangolin/geometry\n'}
[306.754806] (pangolin) StdoutLine: {'line': b'-- Installing: /home/cat/TurboSLAM/install/pangolin/include/pangolin/geometry/glgeometry.h\n'}
[306.755181] (pangolin) StdoutLine: {'line': b'-- Up-to-date: /home/cat/TurboSLAM/install/pangolin/include\n'}
[306.755558] (pangolin) StdoutLine: {'line': b'-- Up-to-date: /home/cat/TurboSLAM/install/pangolin/include/pangolin\n'}
[306.755908] (pangolin) StdoutLine: {'line': b'-- Installing: /home/cat/TurboSLAM/install/pangolin/include/pangolin/image\n'}
[306.756245] (pangolin) StdoutLine: {'line': b'-- Installing: /home/cat/TurboSLAM/install/pangolin/include/pangolin/image/managed_image.h\n'}
[306.756595] (pangolin) StdoutLine: {'line': b'-- Installing: /home/cat/TurboSLAM/install/pangolin/include/pangolin/image/memcpy.h\n'}
[306.756956] (pangolin) StdoutLine: {'line': b'-- Installing: /home/cat/TurboSLAM/install/pangolin/include/pangolin/image/pixel_format.h\n'}
[306.757323] (pangolin) StdoutLine: {'line': b'-- Installing: /home/cat/TurboSLAM/install/pangolin/include/pangolin/image/copy.h\n'}
[306.757666] (pangolin) StdoutLine: {'line': b'-- Installing: /home/cat/TurboSLAM/install/pangolin/include/pangolin/image/shared_image.h\n'}
[306.757999] (pangolin) StdoutLine: {'line': b'-- Installing: /home/cat/TurboSLAM/install/pangolin/include/pangolin/image/image_io.h\n'}
[306.758343] (pangolin) StdoutLine: {'line': b'-- Installing: /home/cat/TurboSLAM/install/pangolin/include/pangolin/image/image.h\n'}
[306.758693] (pangolin) StdoutLine: {'line': b'-- Installing: /home/cat/TurboSLAM/install/pangolin/include/pangolin/image/image_convert.h\n'}
[306.759059] (pangolin) StdoutLine: {'line': b'-- Installing: /home/cat/TurboSLAM/install/pangolin/include/pangolin/image/typed_image.h\n'}
[306.759393] (pangolin) StdoutLine: {'line': b'-- Installing: /home/cat/TurboSLAM/install/pangolin/include/pangolin/image/image_utils.h\n'}
[306.759735] (pangolin) StdoutLine: {'line': b'-- Up-to-date: /home/cat/TurboSLAM/install/pangolin/include\n'}
[306.760088] (pangolin) StdoutLine: {'line': b'-- Up-to-date: /home/cat/TurboSLAM/install/pangolin/include/pangolin\n'}
[306.760453] (pangolin) StdoutLine: {'line': b'-- Installing: /home/cat/TurboSLAM/install/pangolin/include/pangolin/gl\n'}
[306.760798] (pangolin) StdoutLine: {'line': b'-- Installing: /home/cat/TurboSLAM/install/pangolin/include/pangolin/gl/gltext.h\n'}
[306.761180] (pangolin) StdoutLine: {'line': b'-- Installing: /home/cat/TurboSLAM/install/pangolin/include/pangolin/gl/glplatform.h\n'}
[306.761516] (pangolin) StdoutLine: {'line': b'-- Installing: /home/cat/TurboSLAM/install/pangolin/include/pangolin/gl/glformattraits.h\n'}
[306.761849] (pangolin) StdoutLine: {'line': b'-- Installing: /home/cat/TurboSLAM/install/pangolin/include/pangolin/gl/glvbo.h\n'}
[306.762182] (pangolin) StdoutLine: {'line': b'-- Installing: /home/cat/TurboSLAM/install/pangolin/include/pangolin/gl/gldraw.h\n'}
[306.762515] (pangolin) StdoutLine: {'line': b'-- Installing: /home/cat/TurboSLAM/install/pangolin/include/pangolin/gl/glsl.hpp\n'}
[306.762849] (pangolin) StdoutLine: {'line': b'-- Installing: /home/cat/TurboSLAM/install/pangolin/include/pangolin/gl/glchar.h\n'}
[306.763183] (pangolin) StdoutLine: {'line': b'-- Installing: /home/cat/TurboSLAM/install/pangolin/include/pangolin/gl/gl.hpp\n'}
[306.763537] (pangolin) StdoutLine: {'line': b'-- Installing: /home/cat/TurboSLAM/install/pangolin/include/pangolin/gl/viewport.h\n'}
[306.763886] (pangolin) StdoutLine: {'line': b'-- Installing: /home/cat/TurboSLAM/install/pangolin/include/pangolin/gl/opengl_render_state.h\n'}
[306.764223] (pangolin) StdoutLine: {'line': b'-- Installing: /home/cat/TurboSLAM/install/pangolin/include/pangolin/gl/glstate.h\n'}
[306.764557] (pangolin) StdoutLine: {'line': b'-- Installing: /home/cat/TurboSLAM/install/pangolin/include/pangolin/gl/colour.h\n'}
[306.764916] (pangolin) StdoutLine: {'line': b'-- Installing: /home/cat/TurboSLAM/install/pangolin/include/pangolin/gl/cg.h\n'}
[306.765249] (pangolin) StdoutLine: {'line': b'-- Installing: /home/cat/TurboSLAM/install/pangolin/include/pangolin/gl/glpangoglu.h\n'}
[306.765582] (pangolin) StdoutLine: {'line': b'-- Installing: /home/cat/TurboSLAM/install/pangolin/include/pangolin/gl/glcuda.h\n'}
[306.765915] (pangolin) StdoutLine: {'line': b'-- Installing: /home/cat/TurboSLAM/install/pangolin/include/pangolin/gl/gltexturecache.h\n'}
[306.766249] (pangolin) StdoutLine: {'line': b'-- Installing: /home/cat/TurboSLAM/install/pangolin/include/pangolin/gl/glsl.h\n'}
[306.766581] (pangolin) StdoutLine: {'line': b'-- Installing: /home/cat/TurboSLAM/install/pangolin/include/pangolin/gl/glinclude.h\n'}
[306.766924] (-) TimerEvent: {}
[306.767357] (pangolin) StdoutLine: {'line': b'-- Installing: /home/cat/TurboSLAM/install/pangolin/include/pangolin/gl/glsl_utilities.h\n'}
[306.767714] (pangolin) StdoutLine: {'line': b'-- Installing: /home/cat/TurboSLAM/install/pangolin/include/pangolin/gl/compat\n'}
[306.768136] (pangolin) StdoutLine: {'line': b'-- Installing: /home/cat/TurboSLAM/install/pangolin/include/pangolin/gl/compat/gl_es_compat.h\n'}
[306.768538] (pangolin) StdoutLine: {'line': b'-- Installing: /home/cat/TurboSLAM/install/pangolin/include/pangolin/gl/compat/gl2engine.h\n'}
[306.768884] (pangolin) StdoutLine: {'line': b'-- Installing: /home/cat/TurboSLAM/install/pangolin/include/pangolin/gl/gl.h\n'}
[306.769218] (pangolin) StdoutLine: {'line': b'-- Installing: /home/cat/TurboSLAM/install/pangolin/include/pangolin/gl/glfont.h\n'}
[306.769555] (pangolin) StdoutLine: {'line': b'-- Installing: /home/cat/TurboSLAM/install/pangolin/include/pangolin/gl/glpixformat.h\n'}
[306.769942] (pangolin) StdoutLine: {'line': b'-- Up-to-date: /home/cat/TurboSLAM/install/pangolin/include\n'}
[306.770329] (pangolin) StdoutLine: {'line': b'-- Up-to-date: /home/cat/TurboSLAM/install/pangolin/include/pangolin\n'}
[306.770776] (pangolin) StdoutLine: {'line': b'-- Installing: /home/cat/TurboSLAM/install/pangolin/include/pangolin/log\n'}
[306.771152] (pangolin) StdoutLine: {'line': b'-- Installing: /home/cat/TurboSLAM/install/pangolin/include/pangolin/log/packet.h\n'}
[306.771487] (pangolin) StdoutLine: {'line': b'-- Installing: /home/cat/TurboSLAM/install/pangolin/include/pangolin/log/playback_session.h\n'}
[306.771858] (pangolin) StdoutLine: {'line': b'-- Installing: /home/cat/TurboSLAM/install/pangolin/include/pangolin/log/packetstream.h\n'}
[306.772193] (pangolin) StdoutLine: {'line': b'-- Installing: /home/cat/TurboSLAM/install/pangolin/include/pangolin/log/packetstream_reader.h\n'}
[306.772528] (pangolin) StdoutLine: {'line': b'-- Installing: /home/cat/TurboSLAM/install/pangolin/include/pangolin/log/packetstream_tags.h\n'}
[306.772861] (pangolin) StdoutLine: {'line': b'-- Installing: /home/cat/TurboSLAM/install/pangolin/include/pangolin/log/packetstream_writer.h\n'}
[306.773196] (pangolin) StdoutLine: {'line': b'-- Installing: /home/cat/TurboSLAM/install/pangolin/include/pangolin/log/sync_time.h\n'}
[306.773546] (pangolin) StdoutLine: {'line': b'-- Installing: /home/cat/TurboSLAM/install/pangolin/include/pangolin/log/packetstream_source.h\n'}
[306.773897] (pangolin) StdoutLine: {'line': b'-- Up-to-date: /home/cat/TurboSLAM/install/pangolin/include\n'}
[306.774281] (pangolin) StdoutLine: {'line': b'-- Up-to-date: /home/cat/TurboSLAM/install/pangolin/include/pangolin\n'}
[306.774676] (pangolin) StdoutLine: {'line': b'-- Installing: /home/cat/TurboSLAM/install/pangolin/include/pangolin/plot\n'}
[306.775055] (pangolin) StdoutLine: {'line': b'-- Installing: /home/cat/TurboSLAM/install/pangolin/include/pangolin/plot/plotter.h\n'}
[306.775390] (pangolin) StdoutLine: {'line': b'-- Installing: /home/cat/TurboSLAM/install/pangolin/include/pangolin/plot/loaders\n'}
[306.775768] (pangolin) StdoutLine: {'line': b'-- Installing: /home/cat/TurboSLAM/install/pangolin/include/pangolin/plot/loaders/table_loader.h\n'}
[306.776150] (pangolin) StdoutLine: {'line': b'-- Installing: /home/cat/TurboSLAM/install/pangolin/include/pangolin/plot/loaders/csv_table_loader.h\n'}
[306.776520] (pangolin) StdoutLine: {'line': b'-- Installing: /home/cat/TurboSLAM/install/pangolin/include/pangolin/plot/datalog.h\n'}
[306.776959] (pangolin) StdoutLine: {'line': b'-- Up-to-date: /home/cat/TurboSLAM/install/pangolin/include\n'}
[306.777339] (pangolin) StdoutLine: {'line': b'-- Up-to-date: /home/cat/TurboSLAM/install/pangolin/include/pangolin\n'}
[306.777717] (pangolin) StdoutLine: {'line': b'-- Installing: /home/cat/TurboSLAM/install/pangolin/include/pangolin/python\n'}
[306.778051] (pangolin) StdoutLine: {'line': b'-- Installing: /home/cat/TurboSLAM/install/pangolin/include/pangolin/python/pyinterpreter.h\n'}
[306.778385] (pangolin) StdoutLine: {'line': b'-- Up-to-date: /home/cat/TurboSLAM/install/pangolin/include\n'}
[306.778719] (pangolin) StdoutLine: {'line': b'-- Up-to-date: /home/cat/TurboSLAM/install/pangolin/include/pangolin\n'}
[306.779051] (pangolin) StdoutLine: {'line': b'-- Installing: /home/cat/TurboSLAM/install/pangolin/include/pangolin/scene\n'}
[306.779387] (pangolin) StdoutLine: {'line': b'-- Installing: /home/cat/TurboSLAM/install/pangolin/include/pangolin/scene/axis.h\n'}
[306.779776] (pangolin) StdoutLine: {'line': b'-- Installing: /home/cat/TurboSLAM/install/pangolin/include/pangolin/scene/interactive_index.h\n'}
[306.780113] (pangolin) StdoutLine: {'line': b'-- Installing: /home/cat/TurboSLAM/install/pangolin/include/pangolin/scene/scenehandler.h\n'}
[306.780481] (pangolin) StdoutLine: {'line': b'-- Installing: /home/cat/TurboSLAM/install/pangolin/include/pangolin/scene/interactive.h\n'}
[306.780898] (pangolin) StdoutLine: {'line': b'-- Installing: /home/cat/TurboSLAM/install/pangolin/include/pangolin/scene/renderable.h\n'}
[306.781235] (pangolin) StdoutLine: {'line': b'-- Installing: /home/cat/TurboSLAM/install/pangolin/include/pangolin/scene/tree.h\n'}
[306.781636] (pangolin) StdoutLine: {'line': b'-- Up-to-date: /home/cat/TurboSLAM/install/pangolin/include\n'}
[306.781970] (pangolin) StdoutLine: {'line': b'-- Up-to-date: /home/cat/TurboSLAM/install/pangolin/include/pangolin\n'}
[306.782378] (pangolin) StdoutLine: {'line': b'-- Installing: /home/cat/TurboSLAM/install/pangolin/include/pangolin/tools\n'}
[306.782713] (pangolin) StdoutLine: {'line': b'-- Installing: /home/cat/TurboSLAM/install/pangolin/include/pangolin/tools/video_viewer.h\n'}
[306.783123] (pangolin) StdoutLine: {'line': b'-- Up-to-date: /home/cat/TurboSLAM/install/pangolin/include\n'}
[306.783459] (pangolin) StdoutLine: {'line': b'-- Up-to-date: /home/cat/TurboSLAM/install/pangolin/include/pangolin\n'}
[306.783858] (pangolin) StdoutLine: {'line': b'-- Installing: /home/cat/TurboSLAM/install/pangolin/include/pangolin/var\n'}
[306.784201] (pangolin) StdoutLine: {'line': b'-- Installing: /home/cat/TurboSLAM/install/pangolin/include/pangolin/var/varvaluegeneric.h\n'}
[306.784537] (pangolin) StdoutLine: {'line': b'-- Installing: /home/cat/TurboSLAM/install/pangolin/include/pangolin/var/var.h\n'}
[306.784872] (pangolin) StdoutLine: {'line': b'-- Installing: /home/cat/TurboSLAM/install/pangolin/include/pangolin/var/varinit.h\n'}
[306.785206] (pangolin) StdoutLine: {'line': b'-- Installing: /home/cat/TurboSLAM/install/pangolin/include/pangolin/var/varvaluet.h\n'}
[306.785539] (pangolin) StdoutLine: {'line': b'-- Installing: /home/cat/TurboSLAM/install/pangolin/include/pangolin/var/varextra.h\n'}
[306.785873] (pangolin) StdoutLine: {'line': b'-- Installing: /home/cat/TurboSLAM/install/pangolin/include/pangolin/var/varvalue.h\n'}
[306.786207] (pangolin) StdoutLine: {'line': b'-- Installing: /home/cat/TurboSLAM/install/pangolin/include/pangolin/var/varwrapper.h\n'}
[306.786541] (pangolin) StdoutLine: {'line': b'-- Installing: /home/cat/TurboSLAM/install/pangolin/include/pangolin/var/varstate.h\n'}
[306.787184] (pangolin) StdoutLine: {'line': b'-- Up-to-date: /home/cat/TurboSLAM/install/pangolin/include\n'}
[306.788213] (pangolin) StdoutLine: {'line': b'-- Up-to-date: /home/cat/TurboSLAM/install/pangolin/include/pangolin\n'}
[306.788864] (pangolin) StdoutLine: {'line': b'-- Installing: /home/cat/TurboSLAM/install/pangolin/include/pangolin/video\n'}
[306.789270] (pangolin) StdoutLine: {'line': b'-- Installing: /home/cat/TurboSLAM/install/pangolin/include/pangolin/video/iostream_operators.h\n'}
[306.789861] (pangolin) StdoutLine: {'line': b'-- Installing: /home/cat/TurboSLAM/install/pangolin/include/pangolin/video/stream_encoder_factory.h\n'}
[306.791917] (pangolin) StdoutLine: {'line': b'-- Installing: /home/cat/TurboSLAM/install/pangolin/include/pangolin/video/video_output.h\n'}
[306.792313] (pangolin) StdoutLine: {'line': b'-- Installing: /home/cat/TurboSLAM/install/pangolin/include/pangolin/video/video_input.h\n'}
[306.792743] (pangolin) StdoutLine: {'line': b'-- Installing: /home/cat/TurboSLAM/install/pangolin/include/pangolin/video/video_exception.h\n'}
[306.793652] (pangolin) StdoutLine: {'line': b'-- Installing: /home/cat/TurboSLAM/install/pangolin/include/pangolin/video/video_help.h\n'}
[306.794289] (pangolin) StdoutLine: {'line': b'-- Installing: /home/cat/TurboSLAM/install/pangolin/include/pangolin/video/video_record_repeat.h\n'}
[306.794963] (pangolin) StdoutLine: {'line': b'-- Installing: /home/cat/TurboSLAM/install/pangolin/include/pangolin/video/video_output_interface.h\n'}
[306.796685] (pangolin) StdoutLine: {'line': b'-- Installing: /home/cat/TurboSLAM/install/pangolin/include/pangolin/video/stream_info.h\n'}
[306.797082] (pangolin) StdoutLine: {'line': b'-- Installing: /home/cat/TurboSLAM/install/pangolin/include/pangolin/video/drivers\n'}
[306.797423] (pangolin) StdoutLine: {'line': b'-- Installing: /home/cat/TurboSLAM/install/pangolin/include/pangolin/video/drivers/pleora.h\n'}
[306.797755] (pangolin) StdoutLine: {'line': b'-- Installing: /home/cat/TurboSLAM/install/pangolin/include/pangolin/video/drivers/ffmpeg_convert.h\n'}
[306.798114] (pangolin) StdoutLine: {'line': b'-- Installing: /home/cat/TurboSLAM/install/pangolin/include/pangolin/video/drivers/openni2.h\n'}
[306.798446] (pangolin) StdoutLine: {'line': b'-- Installing: /home/cat/TurboSLAM/install/pangolin/include/pangolin/video/drivers/ffmpeg.h\n'}
[306.798801] (pangolin) StdoutLine: {'line': b'-- Installing: /home/cat/TurboSLAM/install/pangolin/include/pangolin/video/drivers/pango.h\n'}
[306.799133] (pangolin) StdoutLine: {'line': b'-- Installing: /home/cat/TurboSLAM/install/pangolin/include/pangolin/video/drivers/pack.h\n'}
[306.799464] (pangolin) StdoutLine: {'line': b'-- Installing: /home/cat/TurboSLAM/install/pangolin/include/pangolin/video/drivers/ffmpeg_common.h\n'}
[306.799804] (pangolin) StdoutLine: {'line': b'-- Installing: /home/cat/TurboSLAM/install/pangolin/include/pangolin/video/drivers/unpack.h\n'}
[306.801026] (pangolin) StdoutLine: {'line': b'-- Installing: /home/cat/TurboSLAM/install/pangolin/include/pangolin/video/drivers/depthsense.h\n'}
[306.801748] (pangolin) StdoutLine: {'line': b'-- Installing: /home/cat/TurboSLAM/install/pangolin/include/pangolin/video/drivers/gamma.h\n'}
[306.802532] (pangolin) StdoutLine: {'line': b'-- Installing: /home/cat/TurboSLAM/install/pangolin/include/pangolin/video/drivers/join.h\n'}
[306.803402] (pangolin) StdoutLine: {'line': b'-- Installing: /home/cat/TurboSLAM/install/pangolin/include/pangolin/video/drivers/openni_common.h\n'}
[306.804684] (pangolin) StdoutLine: {'line': b'-- Installing: /home/cat/TurboSLAM/install/pangolin/include/pangolin/video/drivers/thread.h\n'}
[306.805125] (pangolin) StdoutLine: {'line': b'-- Installing: /home/cat/TurboSLAM/install/pangolin/include/pangolin/video/drivers/test.h\n'}
[306.805699] (pangolin) StdoutLine: {'line': b'-- Installing: /home/cat/TurboSLAM/install/pangolin/include/pangolin/video/drivers/transform.h\n'}
[306.806130] (pangolin) StdoutLine: {'line': b'-- Installing: /home/cat/TurboSLAM/install/pangolin/include/pangolin/video/drivers/uvc.h\n'}
[306.806531] (pangolin) StdoutLine: {'line': b'-- Installing: /home/cat/TurboSLAM/install/pangolin/include/pangolin/video/drivers/shift.h\n'}
[306.806949] (pangolin) StdoutLine: {'line': b'-- Installing: /home/cat/TurboSLAM/install/pangolin/include/pangolin/video/drivers/ffmpeg_output.h\n'}
[306.807368] (pangolin) StdoutLine: {'line': b'-- Installing: /home/cat/TurboSLAM/install/pangolin/include/pangolin/video/drivers/realsense2.h\n'}
[306.807729] (pangolin) StdoutLine: {'line': b'-- Installing: /home/cat/TurboSLAM/install/pangolin/include/pangolin/video/drivers/firewire.h\n'}
[306.808103] (pangolin) StdoutLine: {'line': b'-- Installing: /home/cat/TurboSLAM/install/pangolin/include/pangolin/video/drivers/uvc_mediafoundation.h\n'}
[306.808502] (pangolin) StdoutLine: {'line': b'-- Installing: /home/cat/TurboSLAM/install/pangolin/include/pangolin/video/drivers/openni.h\n'}
[306.808960] (pangolin) StdoutLine: {'line': b'-- Installing: /home/cat/TurboSLAM/install/pangolin/include/pangolin/video/drivers/mjpeg.h\n'}
[306.809342] (pangolin) StdoutLine: {'line': b'-- Installing: /home/cat/TurboSLAM/install/pangolin/include/pangolin/video/drivers/v4l.h\n'}
[306.809741] (pangolin) StdoutLine: {'line': b'-- Installing: /home/cat/TurboSLAM/install/pangolin/include/pangolin/video/drivers/teli.h\n'}
[306.810146] (pangolin) StdoutLine: {'line': b'-- Installing: /home/cat/TurboSLAM/install/pangolin/include/pangolin/video/drivers/deinterlace.h\n'}
[306.810576] (pangolin) StdoutLine: {'line': b'-- Installing: /home/cat/TurboSLAM/install/pangolin/include/pangolin/video/drivers/split.h\n'}
[306.810950] (pangolin) StdoutLine: {'line': b'-- Installing: /home/cat/TurboSLAM/install/pangolin/include/pangolin/video/drivers/images_out.h\n'}
[306.811348] (pangolin) StdoutLine: {'line': b'-- Installing: /home/cat/TurboSLAM/install/pangolin/include/pangolin/video/drivers/pango_video_output.h\n'}
[306.811711] (pangolin) StdoutLine: {'line': b'-- Installing: /home/cat/TurboSLAM/install/pangolin/include/pangolin/video/drivers/images.h\n'}
[306.812278] (pangolin) StdoutLine: {'line': b'-- Installing: /home/cat/TurboSLAM/install/pangolin/include/pangolin/video/drivers/debayer.h\n'}
[306.812821] (pangolin) StdoutLine: {'line': b'-- Installing: /home/cat/TurboSLAM/install/pangolin/include/pangolin/video/drivers/merge.h\n'}
[306.814067] (pangolin) StdoutLine: {'line': b'-- Installing: /home/cat/TurboSLAM/install/pangolin/include/pangolin/video/drivers/shared_memory.h\n'}
[306.814657] (pangolin) StdoutLine: {'line': b'-- Installing: /home/cat/TurboSLAM/install/pangolin/include/pangolin/video/drivers/realsense.h\n'}
[306.815266] (pangolin) StdoutLine: {'line': b'-- Installing: /home/cat/TurboSLAM/install/pangolin/include/pangolin/video/drivers/truncate.h\n'}
[306.816147] (pangolin) StdoutLine: {'line': b'-- Installing: /home/cat/TurboSLAM/install/pangolin/include/pangolin/video/video.h\n'}
[306.816951] (pangolin) StdoutLine: {'line': b'-- Installing: /home/cat/TurboSLAM/install/pangolin/include/pangolin/video/video_interface.h\n'}
[306.818130] (pangolin) StdoutLine: {'line': b'-- Up-to-date: /home/cat/TurboSLAM/install/pangolin/include\n'}
[306.818765] (pangolin) StdoutLine: {'line': b'-- Up-to-date: /home/cat/TurboSLAM/install/pangolin/include/pangolin\n'}
[306.819304] (pangolin) StdoutLine: {'line': b'-- Up-to-date: /home/cat/TurboSLAM/install/pangolin/include/pangolin/factory\n'}
[306.820074] (pangolin) StdoutLine: {'line': b'-- Installing: /home/cat/TurboSLAM/install/pangolin/include/pangolin/factory/RegisterFactoriesVideoOutputInterface.h\n'}
[306.820622] (pangolin) StdoutLine: {'line': b'-- Installing: /home/cat/TurboSLAM/install/pangolin/include/pangolin/factory/RegisterFactoriesVideoInterface.h\n'}
[306.821542] (pangolin) StdoutLine: {'line': b'-- Installing: /home/cat/TurboSLAM/install/pangolin/include/pangolin/factory/RegisterFactoriesWindowInterface.h\n'}
[306.822306] (pangolin) StdoutLine: {'line': b'-- Up-to-date: /home/cat/TurboSLAM/install/pangolin/include\n'}
[306.822887] (pangolin) StdoutLine: {'line': b'-- Up-to-date: /home/cat/TurboSLAM/install/pangolin/include/pangolin\n'}
[306.823716] (pangolin) StdoutLine: {'line': b'-- Installing: /home/cat/TurboSLAM/install/pangolin/include/pangolin/windowing\n'}
[306.825103] (pangolin) StdoutLine: {'line': b'-- Installing: /home/cat/TurboSLAM/install/pangolin/include/pangolin/windowing/PangolinNSApplication.h\n'}
[306.826298] (pangolin) StdoutLine: {'line': b'-- Installing: /home/cat/TurboSLAM/install/pangolin/include/pangolin/windowing/X11Window.h\n'}
[306.827007] (pangolin) StdoutLine: {'line': b'-- Installing: /home/cat/TurboSLAM/install/pangolin/include/pangolin/windowing/handler_enums.h\n'}
[306.827550] (pangolin) StdoutLine: {'line': b'-- Installing: /home/cat/TurboSLAM/install/pangolin/include/pangolin/windowing/display_android.h\n'}
[306.828188] (pangolin) StdoutLine: {'line': b'-- Installing: /home/cat/TurboSLAM/install/pangolin/include/pangolin/windowing/handler_bitsets.h\n'}
[306.830140] (pangolin) StdoutLine: {'line': b'-- Installing: /home/cat/TurboSLAM/install/pangolin/include/pangolin/windowing/WinWindow.h\n'}
[306.830694] (pangolin) StdoutLine: {'line': b'-- Installing: /home/cat/TurboSLAM/install/pangolin/include/pangolin/windowing/OsxWindow.h\n'}
[306.831560] (pangolin) StdoutLine: {'line': b'-- Installing: /home/cat/TurboSLAM/install/pangolin/include/pangolin/windowing/window.h\n'}
[306.832541] (pangolin) StdoutLine: {'line': b'-- Installing: /home/cat/TurboSLAM/install/pangolin/include/pangolin/windowing/EmscriptenWindow.h\n'}
[306.833111] (pangolin) StdoutLine: {'line': b'-- Installing: /home/cat/TurboSLAM/install/pangolin/include/pangolin/windowing/PangolinNSGLView.h\n'}
[306.833779] (pangolin) StdoutLine: {'line': b'-- Up-to-date: /home/cat/TurboSLAM/install/pangolin/include\n'}
[306.834513] (pangolin) StdoutLine: {'line': b'-- Up-to-date: /home/cat/TurboSLAM/install/pangolin/include/pangolin\n'}
[306.835097] (pangolin) StdoutLine: {'line': b'-- Up-to-date: /home/cat/TurboSLAM/install/pangolin/include/pangolin/factory\n'}
[306.835905] (pangolin) StdoutLine: {'line': b'-- Up-to-date: /home/cat/TurboSLAM/install/pangolin/include/pangolin/factory/RegisterFactoriesVideoOutputInterface.h\n'}
[306.837035] (pangolin) StdoutLine: {'line': b'-- Up-to-date: /home/cat/TurboSLAM/install/pangolin/include/pangolin/factory/RegisterFactoriesVideoInterface.h\n'}
[306.837576] (pangolin) StdoutLine: {'line': b'-- Up-to-date: /home/cat/TurboSLAM/install/pangolin/include/pangolin/factory/RegisterFactoriesWindowInterface.h\n'}
[306.838075] (pangolin) StdoutLine: {'line': b'-- Up-to-date: /home/cat/TurboSLAM/install/pangolin/include\n'}
[306.838418] (pangolin) StdoutLine: {'line': b'-- Installing: /home/cat/TurboSLAM/install/pangolin/include/tinyobj\n'}
[306.838754] (pangolin) StdoutLine: {'line': b'-- Installing: /home/cat/TurboSLAM/install/pangolin/include/tinyobj/tiny_obj_loader.h\n'}
[306.839088] (pangolin) StdoutLine: {'line': b'-- Installing: /home/cat/TurboSLAM/install/pangolin/lib/libpango_core.so.0.9.5\n'}
[306.839424] (pangolin) StdoutLine: {'line': b'-- Installing: /home/cat/TurboSLAM/install/pangolin/lib/libpango_core.so.0\n'}
[306.839761] (pangolin) StdoutLine: {'line': b'-- Installing: /home/cat/TurboSLAM/install/pangolin/lib/libpango_core.so\n'}
[306.840097] (pangolin) StdoutLine: {'line': b'-- Installing: /home/cat/TurboSLAM/install/pangolin/lib/libpango_display.so.0.9.5\n'}
[306.840626] (pangolin) StdoutLine: {'line': b'-- Installing: /home/cat/TurboSLAM/install/pangolin/lib/libpango_display.so.0\n'}
[306.841002] (pangolin) StdoutLine: {'line': b'-- Set runtime path of "/home/cat/TurboSLAM/install/pangolin/lib/libpango_display.so.0.9.5" to ""\n'}
[306.841340] (pangolin) StdoutLine: {'line': b'-- Installing: /home/cat/TurboSLAM/install/pangolin/lib/libpango_display.so\n'}
[306.841676] (pangolin) StdoutLine: {'line': b'-- Installing: /home/cat/TurboSLAM/install/pangolin/lib/libpango_geometry.so.0.9.5\n'}
[306.842012] (pangolin) StdoutLine: {'line': b'-- Installing: /home/cat/TurboSLAM/install/pangolin/lib/libpango_geometry.so.0\n'}
[306.842351] (pangolin) StdoutLine: {'line': b'-- Set runtime path of "/home/cat/TurboSLAM/install/pangolin/lib/libpango_geometry.so.0.9.5" to ""\n'}
[306.842687] (pangolin) StdoutLine: {'line': b'-- Installing: /home/cat/TurboSLAM/install/pangolin/lib/libpango_geometry.so\n'}
[306.843024] (pangolin) StdoutLine: {'line': b'-- Installing: /home/cat/TurboSLAM/install/pangolin/lib/libpango_glgeometry.so.0.9.5\n'}
[306.843358] (pangolin) StdoutLine: {'line': b'-- Installing: /home/cat/TurboSLAM/install/pangolin/lib/libpango_glgeometry.so.0\n'}
[306.843719] (pangolin) StdoutLine: {'line': b'-- Set runtime path of "/home/cat/TurboSLAM/install/pangolin/lib/libpango_glgeometry.so.0.9.5" to ""\n'}
[306.844066] (pangolin) StdoutLine: {'line': b'-- Installing: /home/cat/TurboSLAM/install/pangolin/lib/libpango_glgeometry.so\n'}
[306.844403] (pangolin) StdoutLine: {'line': b'-- Installing: /home/cat/TurboSLAM/install/pangolin/lib/libpango_image.so.0.9.5\n'}
[306.844738] (pangolin) StdoutLine: {'line': b'-- Installing: /home/cat/TurboSLAM/install/pangolin/lib/libpango_image.so.0\n'}
[306.845075] (pangolin) StdoutLine: {'line': b'-- Set runtime path of "/home/cat/TurboSLAM/install/pangolin/lib/libpango_image.so.0.9.5" to ""\n'}
[306.845409] (pangolin) StdoutLine: {'line': b'-- Installing: /home/cat/TurboSLAM/install/pangolin/lib/libpango_image.so\n'}
[306.845745] (pangolin) StdoutLine: {'line': b'-- Installing: /home/cat/TurboSLAM/install/pangolin/lib/libpango_opengl.so.0.9.5\n'}
[306.846081] (pangolin) StdoutLine: {'line': b'-- Installing: /home/cat/TurboSLAM/install/pangolin/lib/libpango_opengl.so.0\n'}
[306.846443] (pangolin) StdoutLine: {'line': b'-- Set runtime path of "/home/cat/TurboSLAM/install/pangolin/lib/libpango_opengl.so.0.9.5" to ""\n'}
[306.846805] (pangolin) StdoutLine: {'line': b'-- Installing: /home/cat/TurboSLAM/install/pangolin/lib/libpango_opengl.so\n'}
[306.847169] (pangolin) StdoutLine: {'line': b'-- Installing: /home/cat/TurboSLAM/install/pangolin/lib/libpango_packetstream.so.0.9.5\n'}
[306.847511] (pangolin) StdoutLine: {'line': b'-- Installing: /home/cat/TurboSLAM/install/pangolin/lib/libpango_packetstream.so.0\n'}
[306.847869] (pangolin) StdoutLine: {'line': b'-- Set runtime path of "/home/cat/TurboSLAM/install/pangolin/lib/libpango_packetstream.so.0.9.5" to ""\n'}
[306.848207] (pangolin) StdoutLine: {'line': b'-- Installing: /home/cat/TurboSLAM/install/pangolin/lib/libpango_packetstream.so\n'}
[306.848544] (pangolin) StdoutLine: {'line': b'-- Installing: /home/cat/TurboSLAM/install/pangolin/lib/libpango_plot.so.0.9.5\n'}
[306.848877] (pangolin) StdoutLine: {'line': b'-- Installing: /home/cat/TurboSLAM/install/pangolin/lib/libpango_plot.so.0\n'}
[306.849212] (pangolin) StdoutLine: {'line': b'-- Set runtime path of "/home/cat/TurboSLAM/install/pangolin/lib/libpango_plot.so.0.9.5" to ""\n'}
[306.849549] (pangolin) StdoutLine: {'line': b'-- Installing: /home/cat/TurboSLAM/install/pangolin/lib/libpango_plot.so\n'}
[306.849887] (pangolin) StdoutLine: {'line': b'-- Installing: /home/cat/TurboSLAM/install/pangolin/lib/libpango_python.so.0.9.5\n'}
[306.850238] (pangolin) StdoutLine: {'line': b'-- Installing: /home/cat/TurboSLAM/install/pangolin/lib/libpango_python.so.0\n'}
[306.850491] (pangolin) StdoutLine: {'line': b'-- Set runtime path of "/home/cat/TurboSLAM/install/pangolin/lib/libpango_python.so.0.9.5" to ""\n'}
[306.850579] (pangolin) StdoutLine: {'line': b'-- Installing: /home/cat/TurboSLAM/install/pangolin/lib/libpango_python.so\n'}
[306.850653] (pangolin) StdoutLine: {'line': b'-- Installing: /home/cat/TurboSLAM/install/pangolin/lib/libpango_scene.so.0.9.5\n'}
[306.850723] (pangolin) StdoutLine: {'line': b'-- Installing: /home/cat/TurboSLAM/install/pangolin/lib/libpango_scene.so.0\n'}
[306.850791] (pangolin) StdoutLine: {'line': b'-- Set runtime path of "/home/cat/TurboSLAM/install/pangolin/lib/libpango_scene.so.0.9.5" to ""\n'}
[306.850860] (pangolin) StdoutLine: {'line': b'-- Installing: /home/cat/TurboSLAM/install/pangolin/lib/libpango_scene.so\n'}
[306.850928] (pangolin) StdoutLine: {'line': b'-- Installing: /home/cat/TurboSLAM/install/pangolin/lib/libpango_tools.so.0.9.5\n'}
[306.850995] (pangolin) StdoutLine: {'line': b'-- Installing: /home/cat/TurboSLAM/install/pangolin/lib/libpango_tools.so.0\n'}
[306.851062] (pangolin) StdoutLine: {'line': b'-- Set runtime path of "/home/cat/TurboSLAM/install/pangolin/lib/libpango_tools.so.0.9.5" to ""\n'}
[306.851130] (pangolin) StdoutLine: {'line': b'-- Installing: /home/cat/TurboSLAM/install/pangolin/lib/libpango_tools.so\n'}
[306.851197] (pangolin) StdoutLine: {'line': b'-- Installing: /home/cat/TurboSLAM/install/pangolin/lib/libpango_vars.so.0.9.5\n'}
[306.851265] (pangolin) StdoutLine: {'line': b'-- Installing: /home/cat/TurboSLAM/install/pangolin/lib/libpango_vars.so.0\n'}
[306.851331] (pangolin) StdoutLine: {'line': b'-- Set runtime path of "/home/cat/TurboSLAM/install/pangolin/lib/libpango_vars.so.0.9.5" to ""\n'}
[306.851397] (pangolin) StdoutLine: {'line': b'-- Installing: /home/cat/TurboSLAM/install/pangolin/lib/libpango_vars.so\n'}
[306.851464] (pangolin) StdoutLine: {'line': b'-- Installing: /home/cat/TurboSLAM/install/pangolin/lib/libpango_video.so.0.9.5\n'}
[306.851533] (pangolin) StdoutLine: {'line': b'-- Installing: /home/cat/TurboSLAM/install/pangolin/lib/libpango_video.so.0\n'}
[306.851601] (pangolin) StdoutLine: {'line': b'-- Set runtime path of "/home/cat/TurboSLAM/install/pangolin/lib/libpango_video.so.0.9.5" to ""\n'}
[306.851668] (pangolin) StdoutLine: {'line': b'-- Installing: /home/cat/TurboSLAM/install/pangolin/lib/libpango_video.so\n'}
[306.851735] (pangolin) StdoutLine: {'line': b'-- Installing: /home/cat/TurboSLAM/install/pangolin/lib/libpango_windowing.so.0.9.5\n'}
[306.851804] (pangolin) StdoutLine: {'line': b'-- Installing: /home/cat/TurboSLAM/install/pangolin/lib/libpango_windowing.so.0\n'}
[306.851872] (pangolin) StdoutLine: {'line': b'-- Set runtime path of "/home/cat/TurboSLAM/install/pangolin/lib/libpango_windowing.so.0.9.5" to ""\n'}
[306.851957] (pangolin) StdoutLine: {'line': b'-- Installing: /home/cat/TurboSLAM/install/pangolin/lib/libpango_windowing.so\n'}
[306.852027] (pangolin) StdoutLine: {'line': b'-- Installing: /home/cat/TurboSLAM/install/pangolin/lib/libtinyobj.so.0.9.5\n'}
[306.852103] (pangolin) StdoutLine: {'line': b'-- Installing: /home/cat/TurboSLAM/install/pangolin/lib/libtinyobj.so.0\n'}
[306.852171] (pangolin) StdoutLine: {'line': b'-- Installing: /home/cat/TurboSLAM/install/pangolin/lib/libtinyobj.so\n'}
[306.852238] (pangolin) StdoutLine: {'line': b'-- Installing: /home/cat/TurboSLAM/install/pangolin/lib/cmake/Pangolin/PangolinConfig.cmake\n'}
[306.852306] (pangolin) StdoutLine: {'line': b'-- Installing: /home/cat/TurboSLAM/install/pangolin/lib/cmake/Pangolin/PangolinConfigVersion.cmake\n'}
[306.852372] (pangolin) StdoutLine: {'line': b'-- Installing: /home/cat/TurboSLAM/install/pangolin/lib/cmake/Pangolin/PangolinTargets.cmake\n'}
[306.852440] (pangolin) StdoutLine: {'line': b'-- Installing: /home/cat/TurboSLAM/install/pangolin/lib/cmake/Pangolin/PangolinTargets-release.cmake\n'}
[306.852506] (pangolin) StdoutLine: {'line': b'-- Installing: /home/cat/TurboSLAM/install/pangolin/bin/VideoConvert\n'}
[306.852572] (pangolin) StdoutLine: {'line': b'-- Set runtime path of "/home/cat/TurboSLAM/install/pangolin/bin/VideoConvert" to ""\n'}
[306.852648] (pangolin) StdoutLine: {'line': b'-- Installing: /home/cat/TurboSLAM/install/pangolin/bin/VideoJsonPrint\n'}
[306.852717] (pangolin) StdoutLine: {'line': b'-- Set runtime path of "/home/cat/TurboSLAM/install/pangolin/bin/VideoJsonPrint" to ""\n'}
[306.852786] (pangolin) StdoutLine: {'line': b'-- Installing: /home/cat/TurboSLAM/install/pangolin/bin/VideoJsonTransform\n'}
[306.852852] (pangolin) StdoutLine: {'line': b'-- Set runtime path of "/home/cat/TurboSLAM/install/pangolin/bin/VideoJsonTransform" to ""\n'}
[306.852920] (pangolin) StdoutLine: {'line': b'-- Installing: /home/cat/TurboSLAM/install/pangolin/bin/Plotter\n'}
[306.852986] (pangolin) StdoutLine: {'line': b'-- Set runtime path of "/home/cat/TurboSLAM/install/pangolin/bin/Plotter" to ""\n'}
[306.853055] (pangolin) StdoutLine: {'line': b'-- Installing: /home/cat/TurboSLAM/install/pangolin/bin/VideoViewer\n'}
[306.853120] (pangolin) StdoutLine: {'line': b'-- Set runtime path of "/home/cat/TurboSLAM/install/pangolin/bin/VideoViewer" to ""\n'}
[306.853200] (pangolin) CommandEnded: {'returncode': 0}
[306.853540] (pangolin) JobEnded: {'identifier': 'pangolin', 'rc': 0}
[306.854129] (-) EventReactorShutdown: {}
